instance_id,tag,seed,n_vars,mechanism_class,has_self_edge,poset_shape,graham_acyclic,n_realized_patterns,target,true_value,gt_recoverable,gt_evidence,lp_width,witness_delta_phi,sheaf_recoverable,phi_spread_over_fiber,n_distinct_completions,observed_family_completable,conflict_mcar_style,agreement
n2_s002_d1,n2,20272902,2,MNAR_self,True,acyclic,True,4,"['mean', 0]",,RECOVERABLE,formula:direct_full_pattern,,,RECOVERABLE,1.1102230246251565e-16,12,False,False,True
n2_s002_d1,n2,20272902,2,MNAR_self,True,acyclic,True,4,"['mean', 1]",0.6676788470693581,UNRECOVERABLE,model_witness dphi=0.1950 dist=1.1e-16,0.5,0.19499100947442316,UNRECOVERABLE,0.17455421949761651,12,False,False,True
n2_s000_d0,n2,20270901,2,MCAR,False,acyclic,True,4,"['mean', 0]",,RECOVERABLE,formula:direct_full_pattern,,,RECOVERABLE,0.0,1,False,False,True
n2_s000_d0,n2,20270901,2,MCAR,False,acyclic,True,4,"['mean', 1]",,RECOVERABLE,formula:direct_full_pattern,,,RECOVERABLE,0.0,1,False,False,True
n2_s000_d1,n2,20270902,2,MCAR,False,acyclic,True,4,"['mean', 0]",,RECOVERABLE,formula:direct_full_pattern,,,RECOVERABLE,0.0,1,False,False,True
n2_s000_d1,n2,20270902,2,MCAR,False,acyclic,True,4,"['mean', 1]",,RECOVERABLE,formula:direct_full_pattern,,,RECOVERABLE,0.0,1,False,False,True
n2_s002_d0,n2,20272901,2,MNAR_self,True,acyclic,True,4,"['mean', 0]",,RECOVERABLE,formula:direct_full_pattern,,,RECOVERABLE,8.326672684688674e-17,12,False,False,True
n2_s002_d0,n2,20272901,2,MNAR_self,True,acyclic,True,4,"['mean', 1]",0.6174477460501755,UNRECOVERABLE,model_witness dphi=0.1690 dist=1.1e-16,0.5,0.169003921376784,UNRECOVERABLE,0.16291336789138133,12,False,False,True
n2_s001_d1,n2,20271902,2,MNAR_other,False,acyclic,True,4,"['mean', 0]",,RECOVERABLE,formula:anchor_direct,,,RECOVERABLE,0.0,1,False,True,True
n2_s001_d1,n2,20271902,2,MNAR_other,False,acyclic,True,4,"['mean', 1]",,RECOVERABLE,formula:direct_full_pattern,,,RECOVERABLE,0.0,1,False,True,True
n2_s001_d0,n2,20271901,2,MNAR_other,False,acyclic,True,4,"['mean', 0]",,RECOVERABLE,formula:anchor_direct,,,RECOVERABLE,0.0,1,False,True,True
n2_s001_d0,n2,20271901,2,MNAR_other,False,acyclic,True,4,"['mean', 1]",,RECOVERABLE,formula:direct_full_pattern,,,RECOVERABLE,0.0,1,False,True,True
n2_s004_d1,n2,20274902,2,MNAR_self,True,acyclic,True,4,"['mean', 0]",0.2906316274593026,UNRECOVERABLE,model_witness dphi=0.4018 dist=1.1e-16,0.5,0.4017757092647254,UNRECOVERABLE,0.34366654504920474,12,False,False,True
n2_s004_d1,n2,20274902,2,MNAR_self,True,acyclic,True,4,"['mean', 1]",,RECOVERABLE,formula:direct_full_pattern,,,RECOVERABLE,1.1102230246251565e-16,12,False,False,True
n2_s003_d0,n2,20273901,2,MNAR_self,True,acyclic,True,4,"['mean', 0]",,RECOVERABLE,formula:anchor_direct,,,RECOVERABLE,5.551115123125783e-17,12,False,True,True
n2_s003_d0,n2,20273901,2,MNAR_self,True,acyclic,True,4,"['mean', 1]",0.5597112458519339,UNRECOVERABLE,model_witness dphi=0.2691 dist=1.2e-15,0.5,0.2690732412465991,UNRECOVERABLE,0.33588555659046015,12,False,True,True
n2_s004_d0,n2,20274901,2,MNAR_self,True,acyclic,True,4,"['mean', 0]",0.3533118045012714,UNRECOVERABLE,model_witness dphi=0.4267 dist=2.2e-16,0.5,0.42671809302248676,UNRECOVERABLE,0.48758364348264893,12,False,False,True
n2_s004_d0,n2,20274901,2,MNAR_self,True,acyclic,True,4,"['mean', 1]",,RECOVERABLE,formula:direct_full_pattern,,,RECOVERABLE,1.1102230246251565e-16,12,False,False,True
n2_s003_d1,n2,20273902,2,MNAR_self,True,acyclic,True,4,"['mean', 0]",,RECOVERABLE,formula:anchor_direct,,,RECOVERABLE,0.0,12,False,True,True
n2_s003_d1,n2,20273902,2,MNAR_self,True,acyclic,True,4,"['mean', 1]",0.8362965780903928,UNRECOVERABLE,model_witness dphi=0.2307 dist=1.1e-16,0.5,0.2307172340773771,UNRECOVERABLE,0.2745428591361203,12,False,True,True
n2_s006_d0,n2,20276901,2,MNAR_self,True,acyclic,True,4,"['mean', 0]",0.7859486359714718,UNRECOVERABLE,model_witness dphi=0.1656 dist=2.2e-16,0.5,0.16558216802858472,UNRECOVERABLE,0.19876362284348503,12,False,False,True
n2_s006_d0,n2,20276901,2,MNAR_self,True,acyclic,True,4,"['mean', 1]",0.7995781871935214,UNRECOVERABLE,model_witness dphi=0.4007 dist=2.2e-16,0.5,0.4007179207995381,UNRECOVERABLE,0.4532293343917483,12,False,False,True
n2_s006_d1,n2,20276902,2,MNAR_self,True,acyclic,True,4,"['mean', 0]",0.22446141821315568,UNRECOVERABLE,model_witness dphi=0.4324 dist=1.1e-16,0.5,0.4323835429377534,UNRECOVERABLE,0.40960647384061016,12,False,False,True
n2_s006_d1,n2,20276902,2,MNAR_self,True,acyclic,True,4,"['mean', 1]",0.5423723813726703,UNRECOVERABLE,model_witness dphi=0.2978 dist=1.1e-16,0.5,0.29776402190116935,UNRECOVERABLE,0.4972500950616682,12,False,False,True
n2_s008_d1,n2,20278902,2,MNAR_other,False,acyclic,True,4,"['mean', 0]",,RECOVERABLE,formula:direct_full_pattern,,,RECOVERABLE,0.0,1,False,True,True
n2_s008_d1,n2,20278902,2,MNAR_other,False,acyclic,True,4,"['mean', 1]",,RECOVERABLE,formula:anchor_direct,,,RECOVERABLE,0.0,1,False,True,True
n2_s008_d0,n2,20278901,2,MNAR_other,False,acyclic,True,4,"['mean', 0]",,RECOVERABLE,formula:direct_full_pattern,,,RECOVERABLE,0.0,1,False,True,True
n2_s008_d0,n2,20278901,2,MNAR_other,False,acyclic,True,4,"['mean', 1]",,RECOVERABLE,formula:anchor_direct,,,RECOVERABLE,0.0,1,False,True,True
n2_s005_d1,n2,20275902,2,MNAR_self,True,acyclic,True,4,"['mean', 0]",0.49716518325332115,UNDETERMINED_RELAXED_FRAGILE,round2:no model witness; relaxation varies,0.5,0.0,RECOVERABLE,0.0,1,False,True,UNDECIDED_GT
n2_s005_d1,n2,20275902,2,MNAR_self,True,acyclic,True,4,"['mean', 1]",,RECOVERABLE,formula:direct_full_pattern,,,RECOVERABLE,0.0,1,False,True,True
n2_s009_d0,n2,20279901,2,MNAR_other,False,acyclic,True,4,"['mean', 0]",,RECOVERABLE,formula:anchor_direct,,,RECOVERABLE,0.0,1,False,True,True
n2_s009_d0,n2,20279901,2,MNAR_other,False,acyclic,True,4,"['mean', 1]",,RECOVERABLE,formula:anchor_direct,,,RECOVERABLE,0.0,1,False,True,True
n2_s009_d1,n2,20279902,2,MNAR_other,False,acyclic,True,4,"['mean', 0]",,RECOVERABLE,formula:anchor_direct,,,RECOVERABLE,0.0,1,False,True,True
n2_s009_d1,n2,20279902,2,MNAR_other,False,acyclic,True,4,"['mean', 1]",,RECOVERABLE,formula:anchor_direct,,,RECOVERABLE,0.0,1,False,True,True
n2_s007_d0,n2,20277901,2,MNAR_self,True,acyclic,True,4,"['mean', 0]",0.5066186802162329,UNDETERMINED_RELAXED_FRAGILE,round2:no model witness; relaxation varies,0.5,0.0,RECOVERABLE,9.769962616701378e-15,12,False,True,UNDECIDED_GT
n2_s007_d0,n2,20277901,2,MNAR_self,True,acyclic,True,4,"['mean', 1]",0.7312297171726168,UNRECOVERABLE,model_witness dphi=0.3270 dist=1.1e-16,0.5,0.3269562075660032,UNRECOVERABLE,0.2928544311035163,12,False,True,True
n2_s007_d1,n2,20277902,2,MNAR_self,True,acyclic,True,4,"['mean', 0]",0.2779847119321755,UNDETERMINED_RELAXED_FRAGILE,round2:no model witness; relaxation varies,0.5,0.0,RECOVERABLE,3.552713678800501e-15,12,False,True,UNDECIDED_GT
n2_s007_d1,n2,20277902,2,MNAR_self,True,acyclic,True,4,"['mean', 1]",0.5892048473403865,UNRECOVERABLE,model_witness dphi=0.1430 dist=2.2e-16,0.5,0.1430342212924931,UNRECOVERABLE,0.17205305291981565,12,False,True,True
n2_s011_d0,n2,20281901,2,MNAR_self,True,acyclic,True,4,"['mean', 0]",,RECOVERABLE,formula:anchor_direct,,,RECOVERABLE,0.0,1,False,True,True
n2_s011_d0,n2,20281901,2,MNAR_self,True,acyclic,True,4,"['mean', 1]",0.22757145862748082,UNDETERMINED_RELAXED_FRAGILE,round2:no model witness; relaxation varies,0.5,0.0,RECOVERABLE,0.0,1,False,True,UNDECIDED_GT
n2_s011_d1,n2,20281902,2,MNAR_self,True,acyclic,True,4,"['mean', 0]",,RECOVERABLE,formula:anchor_direct,,,RECOVERABLE,0.0,1,False,True,True
n2_s011_d1,n2,20281902,2,MNAR_self,True,acyclic,True,4,"['mean', 1]",0.4038341461426014,UNDETERMINED_RELAXED_FRAGILE,round2:no model witness; relaxation varies,0.5,0.0,RECOVERABLE,0.0,1,False,True,UNDECIDED_GT
n2_s010_d1,n2,20280902,2,MNAR_self,True,acyclic,True,4,"['mean', 0]",,RECOVERABLE,formula:direct_full_pattern,,,RECOVERABLE,0.0,1,False,True,True
n2_s010_d1,n2,20280902,2,MNAR_self,True,acyclic,True,4,"['mean', 1]",0.7585941983748646,UNDETERMINED_RELAXED_FRAGILE,round2:no model witness; relaxation varies,0.5,0.0,RECOVERABLE,0.0,1,False,True,UNDECIDED_GT
n2_s005_d0,n2,20275901,2,MNAR_self,True,acyclic,True,4,"['mean', 0]",0.8236500602050152,UNDETERMINED_RELAXED_FRAGILE,round2:no model witness; relaxation varies,0.5,0.0,RECOVERABLE,0.0,1,False,True,UNDECIDED_GT
n2_s005_d0,n2,20275901,2,MNAR_self,True,acyclic,True,4,"['mean', 1]",,RECOVERABLE,formula:direct_full_pattern,,,RECOVERABLE,0.0,1,False,True,True
n2_s010_d0,n2,20280901,2,MNAR_self,True,acyclic,True,4,"['mean', 0]",,RECOVERABLE,formula:direct_full_pattern,,,RECOVERABLE,0.0,1,False,True,True
n2_s010_d0,n2,20280901,2,MNAR_self,True,acyclic,True,4,"['mean', 1]",0.6207164641386457,UNDETERMINED_RELAXED_FRAGILE,round2:no model witness; relaxation varies,0.5,0.0,RECOVERABLE,0.0,1,False,True,UNDECIDED_GT
n2_s012_d0,n2,20282901,2,MNAR_self,True,acyclic,True,4,"['mean', 0]",0.47071871436458634,UNRECOVERABLE,model_witness dphi=0.2263 dist=2.2e-16,0.5,0.22628197086604673,UNRECOVERABLE,0.3414830414738653,12,False,True,True
n2_s012_d0,n2,20282901,2,MNAR_self,True,acyclic,True,4,"['mean', 1]",,RECOVERABLE,formula:anchor_direct,,,RECOVERABLE,1.1102230246251565e-16,12,False,True,True
n2_s012_d1,n2,20282902,2,MNAR_self,True,acyclic,True,4,"['mean', 0]",0.5647012533329526,UNRECOVERABLE,model_witness dphi=0.2577 dist=6.0e-16,0.5,0.2576894705508602,UNRECOVERABLE,0.29361405687136855,12,False,True,True
n2_s012_d1,n2,20282902,2,MNAR_self,True,acyclic,True,4,"['mean', 1]",,RECOVERABLE,formula:anchor_direct,,,RECOVERABLE,1.4432899320127035e-15,12,False,True,True
n2_s015_d0,n2,20285901,2,MNAR_self,True,acyclic,True,4,"['mean', 0]",0.4144049982567982,UNRECOVERABLE,model_witness dphi=0.1697 dist=1.1e-16,0.5,0.16968368585791316,UNRECOVERABLE,0.20565195846506518,12,False,True,True
n2_s015_d0,n2,20285901,2,MNAR_self,True,acyclic,True,4,"['mean', 1]",0.43836221040421364,UNRECOVERABLE,model_witness dphi=0.2073 dist=1.1e-16,0.5,0.2073021597313148,UNRECOVERABLE,0.24879081417137255,12,False,True,True
n2_s015_d1,n2,20285902,2,MNAR_self,True,acyclic,True,4,"['mean', 0]",0.23013247436617235,UNRECOVERABLE,model_witness dphi=0.4100 dist=1.7e-16,0.5,0.40996618850923383,UNRECOVERABLE,0.341244609572115,12,False,True,True
n2_s015_d1,n2,20285902,2,MNAR_self,True,acyclic,True,4,"['mean', 1]",0.23663010497836515,UNRECOVERABLE,model_witness dphi=0.2196 dist=1.1e-16,0.5,0.21956053127363093,UNRECOVERABLE,0.23966184369149376,12,False,True,True
n2_s014_d0,n2,20284901,2,MNAR_self,True,acyclic,True,4,"['mean', 0]",0.2897288497468389,UNRECOVERABLE,model_witness dphi=0.1605 dist=1.1e-16,0.5,0.16045428917256077,UNRECOVERABLE,0.19413645004112606,12,False,True,True
n2_s014_d0,n2,20284901,2,MNAR_self,True,acyclic,True,4,"['mean', 1]",0.3352943646173754,UNDETERMINED_RELAXED_FRAGILE,round2:no model witness; relaxation varies,0.5,0.0,RECOVERABLE,1.27675647831893e-15,12,False,True,UNDECIDED_GT
n2_s016_d0,n2,20286901,2,MCAR,False,acyclic,True,4,"['mean', 0]",,RECOVERABLE,formula:direct_full_pattern,,,RECOVERABLE,0.0,1,False,False,True
n2_s016_d0,n2,20286901,2,MCAR,False,acyclic,True,4,"['mean', 1]",,RECOVERABLE,formula:direct_full_pattern,,,RECOVERABLE,0.0,1,False,False,True
n2_s016_d1,n2,20286902,2,MCAR,False,acyclic,True,4,"['mean', 0]",,RECOVERABLE,formula:direct_full_pattern,,,RECOVERABLE,0.0,1,False,False,True
n2_s016_d1,n2,20286902,2,MCAR,False,acyclic,True,4,"['mean', 1]",,RECOVERABLE,formula:direct_full_pattern,,,RECOVERABLE,0.0,1,False,False,True
n2_s014_d1,n2,20284902,2,MNAR_self,True,acyclic,True,4,"['mean', 0]",0.6782754888532601,UNRECOVERABLE,model_witness dphi=0.2915 dist=1.7e-16,0.5,0.2915191604103687,UNRECOVERABLE,0.24752942311688292,12,False,True,True
n2_s014_d1,n2,20284902,2,MNAR_self,True,acyclic,True,4,"['mean', 1]",0.41914287741486445,UNDETERMINED_RELAXED_FRAGILE,round2:no model witness; relaxation varies,0.5,0.0,RECOVERABLE,1.6431300764452317e-14,12,False,True,UNDECIDED_GT
n2_s013_d1,n2,20283902,2,MNAR_self,True,acyclic,True,4,"['mean', 0]",0.6642759114321303,UNDETERMINED_RELAXED_FRAGILE,round2:no model witness; relaxation varies,0.5,0.0,RECOVERABLE,0.0,1,False,True,UNDECIDED_GT
n2_s013_d1,n2,20283902,2,MNAR_self,True,acyclic,True,4,"['mean', 1]",,RECOVERABLE,formula:anchor_direct,,,RECOVERABLE,0.0,1,False,True,True
n2_s017_d0,n2,20287901,2,MNAR_other,False,acyclic,True,4,"['mean', 0]",,RECOVERABLE,formula:anchor_direct,,,RECOVERABLE,0.0,1,False,True,True
n2_s017_d0,n2,20287901,2,MNAR_other,False,acyclic,True,4,"['mean', 1]",0.48789936873251444,UNDETERMINED_RELAXED_FRAGILE,round2:no model witness; relaxation varies,0.5,0.0,RECOVERABLE,0.0,1,False,True,UNDECIDED_GT
n2_s013_d0,n2,20283901,2,MNAR_self,True,acyclic,True,4,"['mean', 0]",0.7007199481019466,UNDETERMINED_RELAXED_FRAGILE,round2:no model witness; relaxation varies,0.5,0.0,RECOVERABLE,0.0,1,False,True,UNDECIDED_GT
n2_s013_d0,n2,20283901,2,MNAR_self,True,acyclic,True,4,"['mean', 1]",,RECOVERABLE,formula:anchor_direct,,,RECOVERABLE,0.0,1,False,True,True
n2_s019_d0,n2,20289901,2,MNAR_self,True,acyclic,True,4,"['mean', 0]",,RECOVERABLE,formula:anchor_direct,,,RECOVERABLE,1.6653345369377348e-16,12,False,True,True
n2_s019_d0,n2,20289901,2,MNAR_self,True,acyclic,True,4,"['mean', 1]",0.3090755579874879,UNRECOVERABLE,model_witness dphi=0.2259 dist=1.1e-16,0.5,0.22591520149621774,UNRECOVERABLE,0.2048163640811782,12,False,True,True
n2_s017_d1,n2,20287902,2,MNAR_other,False,acyclic,True,4,"['mean', 0]",,RECOVERABLE,formula:anchor_direct,,,RECOVERABLE,0.0,1,False,True,True
n2_s017_d1,n2,20287902,2,MNAR_other,False,acyclic,True,4,"['mean', 1]",0.7935772741099325,UNDETERMINED_RELAXED_FRAGILE,round2:no model witness; relaxation varies,0.5,0.0,RECOVERABLE,0.0,1,False,True,UNDECIDED_GT
n2_s019_d1,n2,20289902,2,MNAR_self,True,acyclic,True,4,"['mean', 0]",,RECOVERABLE,formula:anchor_direct,,,RECOVERABLE,3.885780586188048e-16,12,False,True,True
n2_s019_d1,n2,20289902,2,MNAR_self,True,acyclic,True,4,"['mean', 1]",0.7644435736286903,UNRECOVERABLE,model_witness dphi=0.2458 dist=1.1e-16,0.5,0.24584018742631464,UNRECOVERABLE,0.1537608811850415,12,False,True,True
n2_s018_d0,n2,20288901,2,MNAR_self,True,acyclic,True,4,"['mean', 0]",,RECOVERABLE,formula:anchor_direct,,,RECOVERABLE,0.0,1,False,True,True
n2_s018_d0,n2,20288901,2,MNAR_self,True,acyclic,True,4,"['mean', 1]",0.6275678396602448,UNDETERMINED_RELAXED_FRAGILE,round2:no model witness; relaxation varies,0.5,0.0,RECOVERABLE,0.0,1,False,True,UNDECIDED_GT
n2_s018_d1,n2,20288902,2,MNAR_self,True,acyclic,True,4,"['mean', 0]",,RECOVERABLE,formula:anchor_direct,,,RECOVERABLE,0.0,1,False,True,True
n2_s018_d1,n2,20288902,2,MNAR_self,True,acyclic,True,4,"['mean', 1]",0.23295401491597434,UNDETERMINED_RELAXED_FRAGILE,round2:no model witness; relaxation varies,0.5,0.0,RECOVERABLE,0.0,1,False,True,UNDECIDED_GT
n2_s020_d0,n2,20290901,2,MNAR_self,True,acyclic,True,4,"['mean', 0]",0.5462510730139446,UNDETERMINED_RELAXED_FRAGILE,round2:no model witness; relaxation varies,0.5,0.0,RECOVERABLE,0.0,1,False,True,UNDECIDED_GT
n2_s020_d0,n2,20290901,2,MNAR_self,True,acyclic,True,4,"['mean', 1]",,RECOVERABLE,formula:anchor_direct,,,RECOVERABLE,0.0,1,False,True,True
n2_s020_d1,n2,20290902,2,MNAR_self,True,acyclic,True,4,"['mean', 0]",0.21525037264416508,UNDETERMINED_RELAXED_FRAGILE,round2:no model witness; relaxation varies,0.5,0.0,RECOVERABLE,0.0,1,False,True,UNDECIDED_GT
n2_s020_d1,n2,20290902,2,MNAR_self,True,acyclic,True,4,"['mean', 1]",,RECOVERABLE,formula:anchor_direct,,,RECOVERABLE,0.0,1,False,True,True
n2_s021_d1,n2,20291902,2,MNAR_self,True,acyclic,True,4,"['mean', 0]",0.7269120377756995,UNDETERMINED_RELAXED_FRAGILE,round2:no model witness; relaxation varies,0.5,0.0,RECOVERABLE,0.0,1,False,True,UNDECIDED_GT
n2_s021_d1,n2,20291902,2,MNAR_self,True,acyclic,True,4,"['mean', 1]",0.6286955261434934,UNDETERMINED_RELAXED_FRAGILE,round2:no model witness; relaxation varies,0.5,0.0,RECOVERABLE,0.0,1,False,True,UNDECIDED_GT
n2_s023_d1,n2,20293902,2,MNAR_self,True,acyclic,True,4,"['mean', 0]",0.4149724174635555,UNDETERMINED_RELAXED_FRAGILE,round2:no model witness; relaxation varies,0.5,0.0,RECOVERABLE,1.6653345369377348e-15,12,False,True,UNDECIDED_GT
n2_s023_d1,n2,20293902,2,MNAR_self,True,acyclic,True,4,"['mean', 1]",0.4245709542216702,UNRECOVERABLE,model_witness dphi=0.2434 dist=7.8e-16,0.5,0.2433717373627971,UNRECOVERABLE,0.2910368647475356,12,False,True,True
n2_s021_d0,n2,20291901,2,MNAR_self,True,acyclic,True,4,"['mean', 0]",0.8408864230331443,UNDETERMINED_RELAXED_FRAGILE,round2:no model witness; relaxation varies,0.5,0.0,RECOVERABLE,0.0,1,False,True,UNDECIDED_GT
n2_s021_d0,n2,20291901,2,MNAR_self,True,acyclic,True,4,"['mean', 1]",0.45804836390833625,UNDETERMINED_RELAXED_FRAGILE,round2:no model witness; relaxation varies,0.5,0.0,RECOVERABLE,0.0,1,False,True,UNDECIDED_GT
n2_s022_d1,n2,20292902,2,MNAR_self,True,acyclic,True,4,"['mean', 0]",0.1769910584590876,UNDETERMINED_RELAXED_FRAGILE,round2:no model witness; relaxation varies,0.5,0.0,RECOVERABLE,0.0,1,False,True,UNDECIDED_GT
n2_s022_d1,n2,20292902,2,MNAR_self,True,acyclic,True,4,"['mean', 1]",0.6100504727425852,UNDETERMINED_RELAXED_FRAGILE,round2:no model witness; relaxation varies,0.5,0.0,RECOVERABLE,0.0,1,False,True,UNDECIDED_GT
n2_s023_d0,n2,20293901,2,MNAR_self,True,acyclic,True,4,"['mean', 0]",0.8109095834010315,UNDETERMINED_RELAXED_FRAGILE,round2:no model witness; relaxation varies,0.5,0.0,RECOVERABLE,2.220446049250313e-15,12,False,True,UNDECIDED_GT
n2_s023_d0,n2,20293901,2,MNAR_self,True,acyclic,True,4,"['mean', 1]",0.7155120371120578,UNRECOVERABLE,model_witness dphi=0.4250 dist=1.1e-16,0.5,0.42500510660146457,UNRECOVERABLE,0.2932510577903922,12,False,True,True
n2_s022_d0,n2,20292901,2,MNAR_self,True,acyclic,True,4,"['mean', 0]",0.6014864091159811,UNDETERMINED_RELAXED_FRAGILE,round2:no model witness; relaxation varies,0.5,0.0,RECOVERABLE,0.0,1,False,True,UNDECIDED_GT
n2_s022_d0,n2,20292901,2,MNAR_self,True,acyclic,True,4,"['mean', 1]",0.2796439919914029,UNDETERMINED_RELAXED_FRAGILE,round2:no model witness; relaxation varies,0.5,0.0,RECOVERABLE,0.0,1,False,True,UNDECIDED_GT
n2_s024_d0,n2,20294901,2,MNAR_other,False,acyclic,True,4,"['mean', 0]",0.7577562945114463,UNDETERMINED_RELAXED_FRAGILE,round2:no model witness; relaxation varies,0.5,0.0,RECOVERABLE,0.0,1,False,True,UNDECIDED_GT
n2_s024_d0,n2,20294901,2,MNAR_other,False,acyclic,True,4,"['mean', 1]",,RECOVERABLE,formula:anchor_direct,,,RECOVERABLE,0.0,1,False,True,True
n2_s024_d1,n2,20294902,2,MNAR_other,False,acyclic,True,4,"['mean', 0]",0.16226579737612631,UNDETERMINED_RELAXED_FRAGILE,round2:no model witness; relaxation varies,0.5,0.0,RECOVERABLE,0.0,1,False,True,UNDECIDED_GT
n2_s024_d1,n2,20294902,2,MNAR_other,False,acyclic,True,4,"['mean', 1]",,RECOVERABLE,formula:anchor_direct,,,RECOVERABLE,0.0,1,False,True,True
n2_s025_d1,n2,20295902,2,MNAR_other,False,acyclic,True,4,"['mean', 0]",0.2830114535090709,UNDETERMINED_RELAXED_FRAGILE,round2:no model witness; relaxation varies,0.5,0.0,RECOVERABLE,0.0,1,False,True,UNDECIDED_GT
n2_s025_d1,n2,20295902,2,MNAR_other,False,acyclic,True,4,"['mean', 1]",0.33441257766671806,UNDETERMINED_RELAXED_FRAGILE,round2:no model witness; relaxation varies,0.5,0.0,RECOVERABLE,0.0,1,False,True,UNDECIDED_GT
n2_s025_d0,n2,20295901,2,MNAR_other,False,acyclic,True,4,"['mean', 0]",0.6474694385548929,UNDETERMINED_RELAXED_FRAGILE,round2:no model witness; relaxation varies,0.5,0.0,RECOVERABLE,0.0,1,False,True,UNDECIDED_GT
n2_s025_d0,n2,20295901,2,MNAR_other,False,acyclic,True,4,"['mean', 1]",0.7835714141006771,UNDETERMINED_RELAXED_FRAGILE,round2:no model witness; relaxation varies,0.5,0.0,RECOVERABLE,0.0,1,False,True,UNDECIDED_GT
n2_s026_d1,n2,20296902,2,MNAR_self,True,acyclic,True,4,"['mean', 0]",0.6163265682503879,UNDETERMINED_RELAXED_FRAGILE,round2:no model witness; relaxation varies,0.5,0.0,RECOVERABLE,0.0,1,False,True,UNDECIDED_GT
n2_s026_d1,n2,20296902,2,MNAR_self,True,acyclic,True,4,"['mean', 1]",0.39267035905571257,UNDETERMINED_RELAXED_FRAGILE,round2:no model witness; relaxation varies,0.5,0.0,RECOVERABLE,0.0,1,False,True,UNDECIDED_GT
n2_s026_d0,n2,20296901,2,MNAR_self,True,acyclic,True,4,"['mean', 0]",0.30657215940339977,UNDETERMINED_RELAXED_FRAGILE,round2:no model witness; relaxation varies,0.5,0.0,RECOVERABLE,0.0,1,False,True,UNDECIDED_GT
n2_s026_d0,n2,20296901,2,MNAR_self,True,acyclic,True,4,"['mean', 1]",0.4480084578623514,UNDETERMINED_RELAXED_FRAGILE,round2:no model witness; relaxation varies,0.5,0.0,RECOVERABLE,0.0,1,False,True,UNDECIDED_GT
n2_s028_d0,n2,20298901,2,MNAR_self,True,acyclic,True,4,"['mean', 0]",0.827831547302758,UNRECOVERABLE,model_witness dphi=0.3280 dist=2.2e-16,0.5,0.3279901616027187,UNRECOVERABLE,0.3744052790011778,12,False,True,True
n2_s028_d0,n2,20298901,2,MNAR_self,True,acyclic,True,4,"['mean', 1]",,RECOVERABLE,formula:anchor_direct,,,RECOVERABLE,2.220446049250313e-16,12,False,True,True
n2_s028_d1,n2,20298902,2,MNAR_self,True,acyclic,True,4,"['mean', 0]",0.758409802864261,UNRECOVERABLE,model_witness dphi=0.3737 dist=1.1e-16,0.5,0.37369472789955405,UNRECOVERABLE,0.40326314958982673,12,False,True,True
n2_s028_d1,n2,20298902,2,MNAR_self,True,acyclic,True,4,"['mean', 1]",,RECOVERABLE,formula:anchor_direct,,,RECOVERABLE,6.661338147750939e-16,12,False,True,True
n2_s027_d0,n2,20297901,2,MNAR_self,True,acyclic,True,4,"['mean', 0]",0.6511926980045634,UNRECOVERABLE,model_witness dphi=0.0218 dist=2.2e-16,0.5,0.021797468562988476,UNRECOVERABLE,0.03363154600379725,12,False,True,True
n2_s027_d0,n2,20297901,2,MNAR_self,True,acyclic,True,4,"['mean', 1]",0.23277331064364834,UNDETERMINED_RELAXED_FRAGILE,round2:no model witness; relaxation varies,0.5,0.0,RECOVERABLE,2.2121193765656244e-14,12,False,True,UNDECIDED_GT
n2_s027_d1,n2,20297902,2,MNAR_self,True,acyclic,True,4,"['mean', 0]",0.6324544938325375,UNRECOVERABLE,model_witness dphi=0.0312 dist=1.1e-16,0.5,0.031216123548916674,UNRECOVERABLE,0.04028304435454133,12,False,True,True
n2_s027_d1,n2,20297902,2,MNAR_self,True,acyclic,True,4,"['mean', 1]",0.37474818690092737,UNDETERMINED_RELAXED_FRAGILE,round2:no model witness; relaxation varies,0.5,0.0,RECOVERABLE,7.271960811294775e-15,12,False,True,UNDECIDED_GT
n2_s030_d1,n2,20300902,2,MNAR_self,True,acyclic,True,4,"['mean', 0]",0.4172739592028537,UNRECOVERABLE,model_witness dphi=0.2160 dist=1.1e-16,0.5,0.2159752861506713,UNRECOVERABLE,0.291462915203211,12,False,True,True
n2_s030_d1,n2,20300902,2,MNAR_self,True,acyclic,True,4,"['mean', 1]",0.6549066794198215,UNDETERMINED_RELAXED_FRAGILE,round2:no model witness; relaxation varies,0.5,0.0,RECOVERABLE,2.3314683517128287e-15,12,False,True,UNDECIDED_GT
n2_s029_d0,n2,20299901,2,MNAR_self,True,acyclic,True,4,"['mean', 0]",0.7581625568631218,UNDETERMINED_RELAXED_FRAGILE,round2:no model witness; relaxation varies,0.5,0.0,RECOVERABLE,6.661338147750939e-16,12,False,True,UNDECIDED_GT
n2_s029_d0,n2,20299901,2,MNAR_self,True,acyclic,True,4,"['mean', 1]",0.44835035744293433,UNRECOVERABLE,model_witness dphi=0.0195 dist=1.1e-16,0.5,0.019549405675789,UNRECOVERABLE,0.028334743652321692,12,False,True,True
n2_s030_d0,n2,20300901,2,MNAR_self,True,acyclic,True,4,"['mean', 0]",0.5245024003496488,UNRECOVERABLE,model_witness dphi=0.2830 dist=1.1e-16,0.5,0.28303028802591285,UNRECOVERABLE,0.23210361462155482,12,False,True,True
n2_s030_d0,n2,20300901,2,MNAR_self,True,acyclic,True,4,"['mean', 1]",0.7079925331174082,UNDETERMINED_RELAXED_FRAGILE,round2:no model witness; relaxation varies,0.5,0.0,RECOVERABLE,6.328271240363392e-15,12,False,True,UNDECIDED_GT
n2_s029_d1,n2,20299902,2,MNAR_self,True,acyclic,True,4,"['mean', 0]",0.20413618073718232,UNDETERMINED_RELAXED_FRAGILE,round2:no model witness; relaxation varies,0.5,0.0,RECOVERABLE,1.3877787807814457e-16,12,False,True,UNDECIDED_GT
n2_s029_d1,n2,20299902,2,MNAR_self,True,acyclic,True,4,"['mean', 1]",0.6110933027006956,UNRECOVERABLE,model_witness dphi=0.0184 dist=2.2e-16,0.5,0.01844605833769386,UNRECOVERABLE,0.022605165918259784,12,False,True,True
n2_s031_d0,n2,20301901,2,MNAR_self,True,acyclic,True,4,"['mean', 0]",0.2976659116743876,UNRECOVERABLE,model_witness dphi=0.2084 dist=1.1e-16,0.5,0.20842494717253335,UNRECOVERABLE,0.2414948306018894,12,False,True,True
n2_s031_d0,n2,20301901,2,MNAR_self,True,acyclic,True,4,"['mean', 1]",0.3410000745116309,UNRECOVERABLE,model_witness dphi=0.3239 dist=3.3e-16,0.5,0.3239439003412386,UNRECOVERABLE,0.1948614159805791,12,False,True,True
n2_s031_d1,n2,20301902,2,MNAR_self,True,acyclic,True,4,"['mean', 0]",0.5601823199353207,UNRECOVERABLE,model_witness dphi=0.2297 dist=1.1e-16,0.5,0.2296594572198027,UNRECOVERABLE,0.21464070729846613,12,False,True,True
n2_s031_d1,n2,20301902,2,MNAR_self,True,acyclic,True,4,"['mean', 1]",0.343549121204356,UNRECOVERABLE,model_witness dphi=0.3525 dist=5.6e-17,0.5,0.3524696832684837,UNRECOVERABLE,0.2672761014390948,12,False,True,True
n3_s00004_d0,n3,20670901,3,MNAR_self,True,acyclic,True,8,"['mean', 0]",,RECOVERABLE,formula:direct_full_pattern,,,RECOVERABLE,8.326672684688674e-17,12,False,False,True
n3_s00004_d0,n3,20670901,3,MNAR_self,True,acyclic,True,8,"['mean', 1]",,RECOVERABLE,formula:direct_full_pattern,,,RECOVERABLE,2.220446049250313e-16,12,False,False,True
n3_s00005_d0,n3,20770901,3,MNAR_self,True,acyclic,True,8,"['mean', 0]",,RECOVERABLE,formula:anchor_direct,,,RECOVERABLE,1.6653345369377348e-16,12,False,True,True
n3_s00005_d0,n3,20770901,3,MNAR_self,True,acyclic,True,8,"['mean', 1]",,RECOVERABLE,formula:direct_full_pattern,,,RECOVERABLE,2.220446049250313e-16,12,False,True,True
n3_s00006_d0,n3,20870901,3,MNAR_self,True,acyclic,True,8,"['mean', 0]",,RECOVERABLE,formula:direct_full_pattern,,,RECOVERABLE,2.220446049250313e-16,12,False,True,True
n3_s00006_d0,n3,20870901,3,MNAR_self,True,acyclic,True,8,"['mean', 1]",,RECOVERABLE,formula:anchor_direct,,,RECOVERABLE,2.220446049250313e-16,12,False,True,True
n3_s00014_d0,n3,21670901,3,MNAR_self,True,acyclic,True,8,"['mean', 0]",,RECOVERABLE,formula:anchor_direct,,,RECOVERABLE,1.1102230246251565e-16,12,False,True,True
n3_s00014_d0,n3,21670901,3,MNAR_self,True,acyclic,True,8,"['mean', 1]",,RECOVERABLE,formula:anchor_direct,,,RECOVERABLE,2.220446049250313e-16,12,False,True,True
n3_s00007_d0,n3,20970901,3,MNAR_self,True,acyclic,True,8,"['mean', 0]",,RECOVERABLE,formula:anchor_direct,,,RECOVERABLE,1.3877787807814457e-16,12,False,True,True
n3_s00007_d0,n3,20970901,3,MNAR_self,True,acyclic,True,8,"['mean', 1]",,RECOVERABLE,formula:anchor_direct,,,RECOVERABLE,2.220446049250313e-16,12,False,True,True
n3_s00002_d0,n3,20470901,3,MNAR_other,False,acyclic,True,8,"['mean', 0]",,RECOVERABLE,formula:direct_full_pattern,,,RECOVERABLE,0.0,1,False,True,True
n3_s00002_d0,n3,20470901,3,MNAR_other,False,acyclic,True,8,"['mean', 1]",,RECOVERABLE,formula:anchor_direct,,,RECOVERABLE,0.0,1,False,True,True
n3_s00003_d0,n3,20570901,3,MNAR_other,False,acyclic,True,8,"['mean', 0]",,RECOVERABLE,formula:anchor_direct,,,RECOVERABLE,0.0,1,False,True,True
n3_s00003_d0,n3,20570901,3,MNAR_other,False,acyclic,True,8,"['mean', 1]",,RECOVERABLE,formula:anchor_direct,,,RECOVERABLE,0.0,1,False,True,True
n3_s00009_d0,n3,21170901,3,MNAR_other,False,acyclic,True,8,"['mean', 0]",,RECOVERABLE,formula:anchor_direct,,,RECOVERABLE,0.0,1,False,True,True
n3_s00009_d0,n3,21170901,3,MNAR_other,False,acyclic,True,8,"['mean', 1]",,RECOVERABLE,formula:direct_full_pattern,,,RECOVERABLE,0.0,1,False,True,True
n3_s00038_d0,n3,24070901,3,MNAR_self,True,acyclic,True,8,"['mean', 0]",,RECOVERABLE,formula:direct_full_pattern,,,RECOVERABLE,0.0,1,False,True,True
n3_s00038_d0,n3,24070901,3,MNAR_self,True,acyclic,True,8,"['mean', 1]",,RECOVERABLE,formula:anchor_direct,,,RECOVERABLE,0.0,1,False,True,True
n3_s00030_d0,n3,23270901,3,MNAR_self,True,acyclic,True,8,"['mean', 0]",,RECOVERABLE,formula:anchor_direct,,,RECOVERABLE,1.1102230246251565e-16,12,False,True,True
n3_s00030_d0,n3,23270901,3,MNAR_self,True,acyclic,True,8,"['mean', 1]",0.8477047332704017,UNDETERMINED_RELAXED_FRAGILE,round2:no model witness; relaxation varies,0.5,0.0,RECOVERABLE,1.1102230246251565e-15,12,False,True,UNDECIDED_GT
n3_s00043_d0,n3,24570901,3,MNAR_other,False,acyclic,True,8,"['mean', 0]",,RECOVERABLE,formula:anchor_direct,,,RECOVERABLE,0.0,1,False,True,True
n3_s00043_d0,n3,24570901,3,MNAR_other,False,acyclic,True,8,"['mean', 1]",,RECOVERABLE,formula:anchor_direct,,,RECOVERABLE,0.0,1,False,True,True
n3_s00031_d0,n3,23370901,3,MNAR_self,True,acyclic,True,8,"['mean', 0]",,RECOVERABLE,formula:anchor_direct,,,RECOVERABLE,1.1102230246251565e-16,12,False,True,True
n3_s00031_d0,n3,23370901,3,MNAR_self,True,acyclic,True,8,"['mean', 1]",0.1733085509782086,UNDETERMINED_RELAXED_FRAGILE,round2:no model witness; relaxation varies,0.5,0.0,RECOVERABLE,9.992007221626409e-16,12,False,True,UNDECIDED_GT
n3_s00058_d0,n3,26070901,3,MNAR_self,True,acyclic,True,8,"['mean', 0]",,RECOVERABLE,formula:anchor_direct,,,RECOVERABLE,0.0,1,False,True,True
n3_s00058_d0,n3,26070901,3,MNAR_self,True,acyclic,True,8,"['mean', 1]",0.15067222660470939,UNDETERMINED_RELAXED_FRAGILE,round2:no model witness; relaxation varies,0.5,0.0,RECOVERABLE,0.0,1,False,True,UNDECIDED_GT
n3_s00044_d0,n3,24670901,3,MNAR_self,True,acyclic,True,8,"['mean', 0]",,RECOVERABLE,formula:anchor_direct,,,RECOVERABLE,0.0,1,False,True,True
n3_s00044_d0,n3,24670901,3,MNAR_self,True,acyclic,True,8,"['mean', 1]",,RECOVERABLE,formula:direct_full_pattern,,,RECOVERABLE,0.0,1,False,True,True
n3_s00024_d0,n3,22670901,3,MNAR_self,True,acyclic,True,8,"['mean', 0]",,RECOVERABLE,formula:anchor_direct,,,RECOVERABLE,1.4432899320127035e-15,12,False,True,True
n3_s00024_d0,n3,22670901,3,MNAR_self,True,acyclic,True,8,"['mean', 1]",0.18912242059914366,UNRECOVERABLE,model_witness(rootjump) dphi=0.2817 dist=1.7e-16,0.5,0.28168666921177543,UNRECOVERABLE,0.19061499635004056,12,False,True,True
n3_s00017_d0,n3,21970901,3,MNAR_self,True,acyclic,True,8,"['mean', 0]",,RECOVERABLE,formula:anchor_direct,,,RECOVERABLE,1.1102230246251565e-16,12,False,True,True
n3_s00017_d0,n3,21970901,3,MNAR_self,True,acyclic,True,8,"['mean', 1]",0.700203111707067,UNRECOVERABLE,model_witness(rootjump) dphi=0.2319 dist=1.1e-16,0.5,0.23189355851239013,UNRECOVERABLE,0.32387934959333775,12,False,True,True
n3_s00025_d0,n3,22770901,3,MNAR_self,True,acyclic,True,8,"['mean', 0]",,RECOVERABLE,formula:anchor_direct,,,RECOVERABLE,1.1102230246251565e-16,12,False,True,True
n3_s00025_d0,n3,22770901,3,MNAR_self,True,acyclic,True,8,"['mean', 1]",0.4327093657911244,UNRECOVERABLE,model_witness(rootjump) dphi=0.2548 dist=2.2e-16,0.5,0.25476488059335856,UNRECOVERABLE,0.30992473243236207,12,False,True,True
n3_s00018_d0,n3,22070901,3,MNAR_self,True,acyclic,True,8,"['mean', 0]",,RECOVERABLE,formula:direct_full_pattern,,,RECOVERABLE,0.0,1,False,True,True
n3_s00018_d0,n3,22070901,3,MNAR_self,True,acyclic,True,8,"['mean', 1]",0.3632764976086466,UNDETERMINED_RELAXED_FRAGILE,round2:no model witness; relaxation varies,0.5,7.016609515630989e-14,RECOVERABLE,0.0,1,False,True,UNDECIDED_GT
n3_s00069_d0,n3,27170901,3,MNAR_self,True,acyclic,True,8,"['mean', 0]",0.42106302481815405,UNDETERMINED_RELAXED_FRAGILE,round2:no model witness; relaxation varies,0.5,1.2323475573339238e-14,RECOVERABLE,8.604228440844963e-15,12,False,True,UNDECIDED_GT
n3_s00069_d0,n3,27170901,3,MNAR_self,True,acyclic,True,8,"['mean', 1]",,RECOVERABLE,formula:direct_full_pattern,,,RECOVERABLE,3.3306690738754696e-16,12,False,True,True
n3_s00019_d0,n3,22170901,3,MNAR_self,True,acyclic,True,8,"['mean', 0]",,RECOVERABLE,formula:anchor_direct,,,RECOVERABLE,0.0,1,False,True,True
n3_s00019_d0,n3,22170901,3,MNAR_self,True,acyclic,True,8,"['mean', 1]",0.4556261124125035,UNDETERMINED_RELAXED_FRAGILE,round2:no model witness; relaxation varies,0.5,5.190292640122607e-14,RECOVERABLE,0.0,1,False,True,UNDECIDED_GT
n3_s00070_d0,n3,27270901,3,MNAR_self,True,acyclic,True,8,"['mean', 0]",0.37294295725755455,UNRECOVERABLE,model_witness(rootjump) dphi=0.3042 dist=1.1e-16,0.5,0.30421067541737,UNRECOVERABLE,0.3299150336110604,12,False,True,True
n3_s00070_d0,n3,27270901,3,MNAR_self,True,acyclic,True,8,"['mean', 1]",,RECOVERABLE,formula:anchor_direct,,,RECOVERABLE,2.220446049250313e-16,12,False,True,True
n3_s00067_d0,n3,26970901,3,MNAR_self,True,acyclic,True,8,"['mean', 0]",0.1897298916168848,UNDETERMINED_RELAXED_FRAGILE,round2:no model witness; relaxation varies,0.5,3.558264793923627e-14,RECOVERABLE,0.0,1,False,True,UNDECIDED_GT
n3_s00067_d0,n3,26970901,3,MNAR_self,True,acyclic,True,8,"['mean', 1]",,RECOVERABLE,formula:anchor_direct,,,RECOVERABLE,0.0,1,False,True,True
n3_s00080_d0,n3,28270901,3,MNAR_self,True,acyclic,True,8,"['mean', 0]",0.4210969703525812,UNRECOVERABLE,model_witness(rootjump) dphi=0.2359 dist=6.5e-16,0.5,0.2358650164674586,UNRECOVERABLE,0.34624919466438653,12,False,False,True
n3_s00080_d0,n3,28270901,3,MNAR_self,True,acyclic,True,8,"['mean', 1]",0.39776545229801935,UNRECOVERABLE,model_witness(rootjump) dphi=0.1603 dist=1.7e-16,0.5,0.16028156066509763,UNRECOVERABLE,0.2801486379950549,12,False,False,True
n3_s00077_d0,n3,27970901,3,MNAR_self,True,acyclic,True,8,"['mean', 0]",0.5658080857287892,UNDETERMINED_RELAXED_FRAGILE,round2:no model witness; relaxation varies,0.5000000000000001,1.0302869668521453e-13,RECOVERABLE,2.098321516541546e-14,12,False,True,UNDECIDED_GT
n3_s00077_d0,n3,27970901,3,MNAR_self,True,acyclic,True,8,"['mean', 1]",,RECOVERABLE,formula:direct_full_pattern,,,RECOVERABLE,1.1102230246251565e-16,12,False,True,True
n3_s00071_d0,n3,27370901,3,MNAR_self,True,acyclic,True,8,"['mean', 0]",0.7231702907831692,UNDETERMINED_RELAXED_FRAGILE,round2:no model witness; relaxation varies,0.5,1.0436096431476471e-14,RECOVERABLE,8.881784197001252e-16,12,False,True,UNDECIDED_GT
n3_s00071_d0,n3,27370901,3,MNAR_self,True,acyclic,True,8,"['mean', 1]",,RECOVERABLE,formula:anchor_direct,,,RECOVERABLE,1.1102230246251565e-16,12,False,True,True
n3_s00086_d0,n3,28870901,3,MNAR_self,True,acyclic,True,8,"['mean', 0]",0.4344890970311064,UNRECOVERABLE,model_witness(rootjump) dphi=0.3448 dist=1.7e-16,0.5,0.3448245689333941,UNRECOVERABLE,0.4251829568445439,12,False,True,True
n3_s00086_d0,n3,28870901,3,MNAR_self,True,acyclic,True,8,"['mean', 1]",0.28131280982695805,UNDETERMINED_RELAXED_FRAGILE,round2:no model witness; relaxation varies,0.5,2.475797344914099e-14,RECOVERABLE,5.551115123125783e-16,12,False,True,UNDECIDED_GT
n3_s00072_d0,n3,27470901,3,MNAR_self,True,acyclic,True,8,"['mean', 0]",0.2603402286597358,UNDETERMINED_RELAXED_FRAGILE,round2:no model witness; relaxation varies,0.5,6.899480986533035e-13,RECOVERABLE,0.0,1,False,True,UNDECIDED_GT
n3_s00072_d0,n3,27470901,3,MNAR_self,True,acyclic,True,8,"['mean', 1]",,RECOVERABLE,formula:direct_full_pattern,,,RECOVERABLE,0.0,1,False,True,True
n3_s00097_d0,n3,29970901,3,MNAR_self,True,acyclic,True,8,"['mean', 0]",0.521815145775398,UNDETERMINED_RELAXED_FRAGILE,round2:no model witness; relaxation varies,0.49999999999999994,3.3861802251067274e-14,RECOVERABLE,0.0,1,False,True,UNDECIDED_GT
n3_s00097_d0,n3,29970901,3,MNAR_self,True,acyclic,True,8,"['mean', 1]",,RECOVERABLE,formula:direct_full_pattern,,,RECOVERABLE,0.0,1,False,True,True
n3_s00093_d0,n3,29570901,3,MNAR_self,True,acyclic,True,8,"['mean', 0]",0.39912718997300467,UNDETERMINED_RELAXED_FRAGILE,round2:no model witness; relaxation varies,0.5,2.786659791809143e-14,RECOVERABLE,4.996003610813204e-16,12,False,True,UNDECIDED_GT
n3_s00093_d0,n3,29570901,3,MNAR_self,True,acyclic,True,8,"['mean', 1]",0.6526067163756682,UNRECOVERABLE,model_witness(rootjump) dphi=0.3189 dist=1.1e-16,0.5,0.3188919018650706,UNRECOVERABLE,0.21500716392057684,12,False,True,True
n3_s00094_d0,n3,29670901,3,MNAR_self,True,acyclic,True,8,"['mean', 0]",0.43944490231500677,UNDETERMINED_RELAXED_FRAGILE,round2:no model witness; relaxation varies,0.5,1.6986412276764895e-14,RECOVERABLE,7.771561172376096e-16,12,False,True,UNDECIDED_GT
n3_s00094_d0,n3,29670901,3,MNAR_self,True,acyclic,True,8,"['mean', 1]",0.2271993603497527,UNDETERMINED_RELAXED_FRAGILE,round2:no model witness; relaxation varies,0.5,2.7200464103316335e-15,RECOVERABLE,5.6066262743570405e-15,12,False,True,UNDECIDED_GT
n3_s00098_d0,n3,30070901,3,MNAR_self,True,acyclic,True,8,"['mean', 0]",0.716513023482748,UNRECOVERABLE,model_witness(rootjump) dphi=0.4728 dist=2.2e-16,0.5,0.47276473771397365,UNRECOVERABLE,0.3232802280891096,12,False,True,True
n3_s00098_d0,n3,30070901,3,MNAR_self,True,acyclic,True,8,"['mean', 1]",,RECOVERABLE,formula:anchor_direct,,,RECOVERABLE,3.3306690738754696e-16,12,False,True,True
n3_s00102_d0,n3,30470901,3,MNAR_self,True,acyclic,True,8,"['mean', 0]",0.33657673324308307,UNRECOVERABLE,model_witness(rootjump) dphi=0.3565 dist=1.1e-15,0.5,0.356541027713383,UNRECOVERABLE,0.35381829778378615,12,False,True,True
n3_s00102_d0,n3,30470901,3,MNAR_self,True,acyclic,True,8,"['mean', 1]",,RECOVERABLE,formula:anchor_direct,,,RECOVERABLE,8.881784197001252e-16,12,False,True,True
n3_s00114_d0,n3,31670901,3,MNAR_self,True,acyclic,True,8,"['mean', 0]",0.7834997525543161,UNRECOVERABLE,model_witness(rootjump) dphi=0.2426 dist=1.1e-16,0.5,0.24255417817701597,UNRECOVERABLE,0.21012286967259286,12,False,True,True
n3_s00114_d0,n3,31670901,3,MNAR_self,True,acyclic,True,8,"['mean', 1]",0.2749452879366725,UNDETERMINED_RELAXED_FRAGILE,round2:no model witness; relaxation varies,0.5,1.653122083666858e-13,RECOVERABLE,2.220446049250313e-16,12,False,True,UNDECIDED_GT
n3_s00121_d0,n3,32370901,3,MNAR_self,True,acyclic,True,8,"['mean', 0]",0.3559267390944465,UNDETERMINED_RELAXED_FRAGILE,round2:no model witness; relaxation varies,0.5,1.787459069646502e-14,RECOVERABLE,4.107825191113079e-15,12,False,True,UNDECIDED_GT
n3_s00121_d0,n3,32370901,3,MNAR_self,True,acyclic,True,8,"['mean', 1]",0.6239451369857456,UNRECOVERABLE,model_witness(rootjump) dphi=0.1687 dist=2.2e-16,0.5,0.16868027493087057,UNRECOVERABLE,0.2653367503451892,12,False,True,True
n3_s00109_d0,n3,31170901,3,MNAR_self,True,acyclic,True,8,"['mean', 0]",0.6298683848538688,UNDETERMINED_RELAXED_FRAGILE,round2:no model witness; relaxation varies,0.5,4.6629367034256575e-15,RECOVERABLE,0.0,1,False,True,UNDECIDED_GT
n3_s00109_d0,n3,31170901,3,MNAR_self,True,acyclic,True,8,"['mean', 1]",,RECOVERABLE,formula:direct_full_pattern,,,RECOVERABLE,0.0,1,False,True,True
n3_s00117_d0,n3,31970901,3,MNAR_self,True,acyclic,True,8,"['mean', 0]",0.4491893365424412,UNDETERMINED_RELAXED_FRAGILE,round2:no model witness; relaxation varies,0.5,8.93729534823251e-15,RECOVERABLE,9.159339953157541e-15,12,False,True,UNDECIDED_GT
n3_s00117_d0,n3,31970901,3,MNAR_self,True,acyclic,True,8,"['mean', 1]",0.5142230203918948,UNRECOVERABLE,model_witness(rootjump) dphi=0.2838 dist=2.2e-16,0.5,0.28377866417050507,UNRECOVERABLE,0.23579696483881996,12,False,True,True
n3_s00122_d0,n3,32470901,3,MNAR_self,True,acyclic,True,8,"['mean', 0]",0.3810833750536747,UNDETERMINED_RELAXED_FRAGILE,round2:no model witness; relaxation varies,0.5,2.6256774532384952e-14,RECOVERABLE,0.0,1,False,True,UNDECIDED_GT
n3_s00122_d0,n3,32470901,3,MNAR_self,True,acyclic,True,8,"['mean', 1]",0.4761409263129668,UNDETERMINED_RELAXED_FRAGILE,round2:no model witness; relaxation varies,0.5,6.139533326177116e-14,RECOVERABLE,0.0,1,False,True,UNDECIDED_GT
n3_s00123_d0,n3,32570901,3,MNAR_self,True,acyclic,True,8,"['mean', 0]",0.3159319495328642,UNDETERMINED_RELAXED_FRAGILE,round2:no model witness; relaxation varies,0.4999999999999999,5.662137425588298e-15,RECOVERABLE,0.0,1,False,True,UNDECIDED_GT
n3_s00123_d0,n3,32570901,3,MNAR_self,True,acyclic,True,8,"['mean', 1]",0.43432930232573896,UNDETERMINED_RELAXED_FRAGILE,round2:no model witness; relaxation varies,0.5,1.6209256159527285e-14,RECOVERABLE,0.0,1,False,True,UNDECIDED_GT
n3_s00132_d0,n3,33470901,3,MNAR_self,True,acyclic,True,8,"['mean', 0]",,RECOVERABLE,formula:direct_full_pattern,,,RECOVERABLE,1.1102230246251565e-16,12,False,True,True
n3_s00132_d0,n3,33470901,3,MNAR_self,True,acyclic,True,8,"['mean', 1]",,RECOVERABLE,formula:anchor_direct,,,RECOVERABLE,1.6653345369377348e-16,12,False,True,True
n3_s00131_d0,n3,33370901,3,MNAR_other,False,acyclic,True,8,"['mean', 0]",,RECOVERABLE,formula:anchor_direct,,,RECOVERABLE,0.0,1,False,True,True
n3_s00131_d0,n3,33370901,3,MNAR_other,False,acyclic,True,8,"['mean', 1]",,RECOVERABLE,formula:anchor_direct,,,RECOVERABLE,0.0,1,False,True,True
n3_s00136_d0,n3,33870901,3,MNAR_other,False,acyclic,True,8,"['mean', 0]",,RECOVERABLE,formula:anchor_direct,,,RECOVERABLE,0.0,1,False,True,True
n3_s00136_d0,n3,33870901,3,MNAR_other,False,acyclic,True,8,"['mean', 1]",,RECOVERABLE,formula:anchor_direct,,,RECOVERABLE,0.0,1,False,True,True
n3_s00140_d0,n3,34270901,3,MNAR_self,True,acyclic,True,8,"['mean', 0]",,RECOVERABLE,formula:anchor_direct,,,RECOVERABLE,1.1102230246251565e-16,12,False,True,True
n3_s00140_d0,n3,34270901,3,MNAR_self,True,acyclic,True,8,"['mean', 1]",,RECOVERABLE,formula:anchor_direct,,,RECOVERABLE,2.220446049250313e-16,12,False,True,True
n3_s00137_d0,n3,33970901,3,MNAR_other,False,acyclic,True,8,"['mean', 0]",,RECOVERABLE,formula:anchor_direct,,,RECOVERABLE,0.0,1,False,True,True
n3_s00137_d0,n3,33970901,3,MNAR_other,False,acyclic,True,8,"['mean', 1]",,RECOVERABLE,formula:anchor_direct,,,RECOVERABLE,0.0,1,False,True,True
n3_s00141_d0,n3,34370901,3,MNAR_self,True,acyclic,True,8,"['mean', 0]",,RECOVERABLE,formula:anchor_direct,,,RECOVERABLE,2.220446049250313e-16,12,False,True,True
n3_s00141_d0,n3,34370901,3,MNAR_self,True,acyclic,True,8,"['mean', 1]",,RECOVERABLE,formula:anchor_direct,,,RECOVERABLE,5.551115123125783e-17,12,False,True,True
n3_s00138_d0,n3,34070901,3,MNAR_other,False,acyclic,True,8,"['mean', 0]",,RECOVERABLE,formula:anchor_direct,,,RECOVERABLE,0.0,1,False,True,True
n3_s00138_d0,n3,34070901,3,MNAR_other,False,acyclic,True,8,"['mean', 1]",,RECOVERABLE,formula:anchor_direct,,,RECOVERABLE,0.0,1,False,True,True
n3_s00126_d0,n3,32870901,3,MNAR_self,True,acyclic,True,8,"['mean', 0]",0.8154826131978048,UNDETERMINED_RELAXED_FRAGILE,round2:no model witness; relaxation varies,0.5,1.4432899320127035e-15,RECOVERABLE,0.0,1,False,True,UNDECIDED_GT
n3_s00126_d0,n3,32870901,3,MNAR_self,True,acyclic,True,8,"['mean', 1]",0.21360616172293648,UNDETERMINED_RELAXED_FRAGILE,round2:no model witness; relaxation varies,0.5,4.889144644693033e-13,RECOVERABLE,0.0,1,False,True,UNDECIDED_GT
n3_s00142_d0,n3,34470901,3,MNAR_self,True,acyclic,True,8,"['mean', 0]",,RECOVERABLE,formula:anchor_direct,,,RECOVERABLE,2.220446049250313e-16,12,False,True,True
n3_s00142_d0,n3,34470901,3,MNAR_self,True,acyclic,True,8,"['mean', 1]",,RECOVERABLE,formula:anchor_direct,,,RECOVERABLE,1.1102230246251565e-16,12,False,True,True
n3_s00146_d0,n3,34870901,3,MNAR_self,True,acyclic,True,8,"['mean', 0]",,RECOVERABLE,formula:direct_full_pattern,,,RECOVERABLE,0.0,1,False,True,True
n3_s00146_d0,n3,34870901,3,MNAR_self,True,acyclic,True,8,"['mean', 1]",0.3641834684127141,UNDETERMINED_RELAXED_FRAGILE,round2:no model witness; relaxation varies,0.5,2.8976820942716586e-14,RECOVERABLE,0.0,1,False,True,UNDECIDED_GT
n3_s00150_d0,n3,35270901,3,MNAR_self,True,acyclic,True,8,"['mean', 0]",,RECOVERABLE,formula:direct_full_pattern,,,RECOVERABLE,2.220446049250313e-16,12,False,True,True
n3_s00150_d0,n3,35270901,3,MNAR_self,True,acyclic,True,8,"['mean', 1]",0.3645109054899044,UNDETERMINED_RELAXED_FRAGILE,round2:no model witness; relaxation varies,0.5,9.203748874142548e-14,RECOVERABLE,5.10702591327572e-15,12,False,True,UNDECIDED_GT
n3_s00151_d0,n3,35370901,3,MNAR_self,True,acyclic,True,8,"['mean', 0]",,RECOVERABLE,formula:anchor_direct,,,RECOVERABLE,1.1102230246251565e-16,12,False,True,True
n3_s00151_d0,n3,35370901,3,MNAR_self,True,acyclic,True,8,"['mean', 1]",0.43268576810134174,UNDETERMINED_RELAXED_FRAGILE,round2:no model witness; relaxation varies,0.5,3.3639757646142243e-14,RECOVERABLE,2.4424906541753444e-15,12,False,True,UNDECIDED_GT
n3_s00160_d0,n3,36270901,3,MNAR_other,False,acyclic,True,8,"['mean', 0]",,RECOVERABLE,formula:direct_full_pattern,,,RECOVERABLE,0.0,1,False,True,True
n3_s00160_d0,n3,36270901,3,MNAR_other,False,acyclic,True,8,"['mean', 1]",,RECOVERABLE,formula:anchor_direct,,,RECOVERABLE,0.0,1,False,True,True
n3_s00144_d0,n3,34670901,3,MNAR_self,True,acyclic,True,8,"['mean', 0]",,RECOVERABLE,formula:direct_full_pattern,,,RECOVERABLE,0.0,1,False,True,True
n3_s00144_d0,n3,34670901,3,MNAR_self,True,acyclic,True,8,"['mean', 1]",0.15353168217151536,UNDETERMINED_RELAXED_FRAGILE,round2:no model witness; relaxation varies,0.5,7.416289804496046e-14,RECOVERABLE,0.0,1,False,True,UNDECIDED_GT
n3_s00172_d0,n3,37470901,3,MNAR_self,True,acyclic,True,8,"['mean', 0]",,RECOVERABLE,formula:anchor_direct,,,RECOVERABLE,0.0,1,False,True,True
n3_s00172_d0,n3,37470901,3,MNAR_self,True,acyclic,True,8,"['mean', 1]",,RECOVERABLE,formula:anchor_direct,,,RECOVERABLE,0.0,1,False,True,True
n3_s00157_d0,n3,35970901,3,MNAR_self,True,acyclic,True,8,"['mean', 0]",,RECOVERABLE,formula:anchor_direct,,,RECOVERABLE,4.052314039881821e-15,12,False,True,True
n3_s00157_d0,n3,35970901,3,MNAR_self,True,acyclic,True,8,"['mean', 1]",0.43903989679075217,UNDETERMINED_RELAXED_FRAGILE,round2:no model witness; relaxation varies,0.5,7.553402348037253e-13,RECOVERABLE,1.503241975342462e-13,12,False,True,UNDECIDED_GT
n3_s00173_d0,n3,37570901,3,MNAR_self,True,acyclic,True,8,"['mean', 0]",,RECOVERABLE,formula:anchor_direct,,,RECOVERABLE,0.0,1,False,True,True
n3_s00173_d0,n3,37570901,3,MNAR_self,True,acyclic,True,8,"['mean', 1]",,RECOVERABLE,formula:anchor_direct,,,RECOVERABLE,0.0,1,False,True,True
n3_s00176_d0,n3,37870901,3,MNAR_self,True,acyclic,True,8,"['mean', 0]",,RECOVERABLE,formula:direct_full_pattern,,,RECOVERABLE,0.0,1,False,True,True
n3_s00176_d0,n3,37870901,3,MNAR_self,True,acyclic,True,8,"['mean', 1]",0.6672655730900933,UNDETERMINED_RELAXED_FRAGILE,round2:no model witness; relaxation varies,0.5,8.992806499463768e-15,RECOVERABLE,0.0,1,False,True,UNDECIDED_GT
n3_s00185_d0,n3,38770901,3,MNAR_self,True,acyclic,True,8,"['mean', 0]",,RECOVERABLE,formula:anchor_direct,,,RECOVERABLE,0.0,1,False,True,True
n3_s00185_d0,n3,38770901,3,MNAR_self,True,acyclic,True,8,"['mean', 1]",0.7904707406151161,UNDETERMINED_RELAXED_FRAGILE,round2:no model witness; relaxation varies,0.5,1.965094753586527e-14,RECOVERABLE,0.0,1,False,True,UNDECIDED_GT
n3_s00188_d0,n3,39070901,3,MNAR_self,True,acyclic,True,8,"['mean', 0]",,RECOVERABLE,formula:anchor_direct,,,RECOVERABLE,0.0,1,False,True,True
n3_s00188_d0,n3,39070901,3,MNAR_self,True,acyclic,True,8,"['mean', 1]",0.199435943885935,UNDETERMINED_RELAXED_FRAGILE,round2:no model witness; relaxation varies,0.5,9.547918011776346e-14,RECOVERABLE,0.0,1,False,True,UNDECIDED_GT
n3_s00181_d0,n3,38370901,3,MNAR_self,True,acyclic,True,8,"['mean', 0]",,RECOVERABLE,formula:anchor_direct,,,RECOVERABLE,0.0,1,False,True,True
n3_s00181_d0,n3,38370901,3,MNAR_self,True,acyclic,True,8,"['mean', 1]",0.7051964891117206,UNDETERMINED_RELAXED_FRAGILE,round2:no model witness; relaxation varies,0.5,1.1590728377086634e-13,RECOVERABLE,0.0,1,False,True,UNDECIDED_GT
n3_s00193_d0,n3,39570901,3,MNAR_self,True,acyclic,True,8,"['mean', 0]",0.1506121030380283,UNDETERMINED_RELAXED_FRAGILE,round2:no model witness; relaxation varies,0.5,5.670464098272987e-14,RECOVERABLE,0.0,1,False,True,UNDECIDED_GT
n3_s00193_d0,n3,39570901,3,MNAR_self,True,acyclic,True,8,"['mean', 1]",,RECOVERABLE,formula:anchor_direct,,,RECOVERABLE,0.0,1,False,True,True
n3_s00195_d0,n3,39770901,3,MNAR_self,True,acyclic,True,8,"['mean', 0]",0.7593968102856168,UNDETERMINED_RELAXED_FRAGILE,round2:no model witness; relaxation varies,0.5,2.4091839634365897e-14,RECOVERABLE,0.0,1,False,True,UNDECIDED_GT
n3_s00195_d0,n3,39770901,3,MNAR_self,True,acyclic,True,8,"['mean', 1]",,RECOVERABLE,formula:anchor_direct,,,RECOVERABLE,0.0,1,False,True,True
n3_s00197_d0,n3,39970901,3,MNAR_self,True,acyclic,True,8,"['mean', 0]",0.541554714456024,UNDETERMINED_RELAXED_FRAGILE,round2:no model witness; relaxation varies,0.5,4.030109579389318e-14,RECOVERABLE,1.1102230246251565e-15,12,False,True,UNDECIDED_GT
n3_s00197_d0,n3,39970901,3,MNAR_self,True,acyclic,True,8,"['mean', 1]",,RECOVERABLE,formula:anchor_direct,,,RECOVERABLE,2.220446049250313e-16,12,False,True,True
n3_s00203_d0,n3,40570901,3,MNAR_self,True,acyclic,True,8,"['mean', 0]",0.6223064730475225,UNDETERMINED_RELAXED_FRAGILE,round2:no model witness; relaxation varies,0.5,2.5757174171303632e-14,RECOVERABLE,0.0,1,False,True,UNDECIDED_GT
n3_s00203_d0,n3,40570901,3,MNAR_self,True,acyclic,True,8,"['mean', 1]",,RECOVERABLE,formula:anchor_direct,,,RECOVERABLE,0.0,1,False,True,True
n3_s00211_d0,n3,41370901,3,MNAR_self,True,acyclic,True,8,"['mean', 0]",0.5408823142030493,UNDETERMINED_RELAXED_FRAGILE,round2:no model witness; relaxation varies,0.49999999999999994,8.471001677889944e-14,RECOVERABLE,0.0,1,False,True,UNDECIDED_GT
n3_s00211_d0,n3,41370901,3,MNAR_self,True,acyclic,True,8,"['mean', 1]",0.5950321053962824,UNDETERMINED_RELAXED_FRAGILE,round2:no model witness; relaxation varies,0.5,3.9968028886505635e-15,RECOVERABLE,0.0,1,False,True,UNDECIDED_GT
n3_s00216_d0,n3,41870901,3,MNAR_self,True,acyclic,True,8,"['mean', 0]",0.2518377625201774,UNRECOVERABLE,model_witness(rootjump) dphi=0.1327 dist=1.1e-16,0.5,0.13274295290940544,UNRECOVERABLE,0.08714929919216638,12,False,True,True
n3_s00216_d0,n3,41870901,3,MNAR_self,True,acyclic,True,8,"['mean', 1]",0.6471119175252995,UNRECOVERABLE,model_witness(rootjump) dphi=0.1750 dist=1.7e-16,0.5,0.1750074418578058,UNRECOVERABLE,0.2675621830411965,12,False,True,True
n3_s00215_d0,n3,41770901,3,MNAR_self,True,acyclic,True,8,"['mean', 0]",0.3112278810173612,UNDETERMINED_RELAXED_FRAGILE,round2:no model witness; relaxation varies,0.5,3.0753177782116836e-14,RECOVERABLE,1.1102230246251565e-15,12,False,True,UNDECIDED_GT
n3_s00215_d0,n3,41770901,3,MNAR_self,True,acyclic,True,8,"['mean', 1]",0.7723014931323355,UNDETERMINED_RELAXED_FRAGILE,round2:no model witness; relaxation varies,0.5,1.2656542480726785e-14,RECOVERABLE,7.771561172376096e-16,12,False,True,UNDECIDED_GT
n3_s00191_d0,n3,39370901,3,MNAR_self,True,acyclic,True,8,"['mean', 0]",,RECOVERABLE,formula:anchor_direct,,,RECOVERABLE,0.0,1,False,True,True
n3_s00191_d0,n3,39370901,3,MNAR_self,True,acyclic,True,8,"['mean', 1]",0.7682119262667998,UNDETERMINED_RELAXED_FRAGILE,round2:no model witness; relaxation varies,0.5,4.277689313880728e-13,RECOVERABLE,0.0,1,False,True,UNDECIDED_GT
n3_s00220_d0,n3,42270901,3,MNAR_self,True,acyclic,True,8,"['mean', 0]",0.5444465455912456,UNRECOVERABLE,model_witness(rootjump) dphi=0.2162 dist=2.2e-16,0.5,0.21616736339457165,UNRECOVERABLE,0.2259067674310179,12,False,True,True
n3_s00220_d0,n3,42270901,3,MNAR_self,True,acyclic,True,8,"['mean', 1]",0.18639718224940247,UNRECOVERABLE,model_witness(rootjump) dphi=0.1825 dist=2.2e-16,0.5,0.18250195454328175,UNRECOVERABLE,0.20873930860173123,12,False,True,True
n3_s00228_d0,n3,43070901,3,MNAR_self,True,acyclic,True,8,"['mean', 0]",0.4989833017925812,UNRECOVERABLE,model_witness(rootjump) dphi=0.3345 dist=1.7e-16,0.5,0.33450900086370394,UNRECOVERABLE,0.39007513746441447,12,False,True,True
n3_s00228_d0,n3,43070901,3,MNAR_self,True,acyclic,True,8,"['mean', 1]",,RECOVERABLE,formula:anchor_direct,,,RECOVERABLE,2.220446049250313e-16,12,False,True,True
n3_s00232_d0,n3,43470901,3,MNAR_self,True,acyclic,True,8,"['mean', 0]",0.7820202260159728,UNDETERMINED_RELAXED_FRAGILE,round2:no model witness; relaxation varies,0.49999999999999994,8.815170815523743e-14,RECOVERABLE,0.0,1,False,True,UNDECIDED_GT
n3_s00232_d0,n3,43470901,3,MNAR_self,True,acyclic,True,8,"['mean', 1]",,RECOVERABLE,formula:anchor_direct,,,RECOVERABLE,0.0,1,False,True,True
n3_s00233_d0,n3,43570901,3,MNAR_self,True,acyclic,True,8,"['mean', 0]",0.3011074362520432,UNDETERMINED_RELAXED_FRAGILE,round2:no model witness; relaxation varies,0.5,3.83026943495679e-15,RECOVERABLE,0.0,1,False,True,UNDECIDED_GT
n3_s00233_d0,n3,43570901,3,MNAR_self,True,acyclic,True,8,"['mean', 1]",,RECOVERABLE,formula:anchor_direct,,,RECOVERABLE,0.0,1,False,True,True
n3_s00234_d0,n3,43670901,3,MNAR_self,True,acyclic,True,8,"['mean', 0]",0.3086422387750163,UNDETERMINED_RELAXED_FRAGILE,round2:no model witness; relaxation varies,0.5,2.609024107869118e-15,RECOVERABLE,0.0,1,False,True,UNDECIDED_GT
n3_s00234_d0,n3,43670901,3,MNAR_self,True,acyclic,True,8,"['mean', 1]",,RECOVERABLE,formula:anchor_direct,,,RECOVERABLE,0.0,1,False,True,True
n3_s00219_d0,n3,42170901,3,MNAR_self,True,acyclic,True,8,"['mean', 0]",0.18347229222839104,UNDETERMINED_RELAXED_FRAGILE,round2:no model witness; relaxation varies,0.5,1.1690648449302898e-13,RECOVERABLE,0.0,1,False,True,UNDECIDED_GT
n3_s00219_d0,n3,42170901,3,MNAR_self,True,acyclic,True,8,"['mean', 1]",0.6007702892405666,UNDETERMINED_RELAXED_FRAGILE,round2:no model witness; relaxation varies,0.5,3.086420008457935e-14,RECOVERABLE,0.0,1,False,True,UNDECIDED_GT
n3_s00256_d0,n3,45870901,3,MNAR_other,False,acyclic,True,8,"['mean', 0]",,RECOVERABLE,formula:direct_full_pattern,,,RECOVERABLE,0.0,1,False,True,True
n3_s00256_d0,n3,45870901,3,MNAR_other,False,acyclic,True,8,"['mean', 1]",,RECOVERABLE,formula:direct_full_pattern,,,RECOVERABLE,0.0,1,False,True,True
n3_s00257_d0,n3,45970901,3,MNAR_other,False,acyclic,True,8,"['mean', 0]",,RECOVERABLE,formula:anchor_direct,,,RECOVERABLE,0.0,1,False,True,True
n3_s00257_d0,n3,45970901,3,MNAR_other,False,acyclic,True,8,"['mean', 1]",,RECOVERABLE,formula:direct_full_pattern,,,RECOVERABLE,0.0,1,False,True,True
n3_s00258_d0,n3,46070901,3,MNAR_other,False,acyclic,True,8,"['mean', 0]",,RECOVERABLE,formula:direct_full_pattern,,,RECOVERABLE,0.0,1,False,True,True
n3_s00258_d0,n3,46070901,3,MNAR_other,False,acyclic,True,8,"['mean', 1]",,RECOVERABLE,formula:anchor_direct,,,RECOVERABLE,0.0,1,False,True,True
n3_s00264_d0,n3,46670901,3,MNAR_other,False,acyclic,True,8,"['mean', 0]",,RECOVERABLE,formula:anchor_direct,,,RECOVERABLE,0.0,1,False,True,True
n3_s00264_d0,n3,46670901,3,MNAR_other,False,acyclic,True,8,"['mean', 1]",,RECOVERABLE,formula:direct_full_pattern,,,RECOVERABLE,0.0,1,False,True,True
n3_s00255_d0,n3,45770901,3,MNAR_self,True,acyclic,True,8,"['mean', 0]",0.6201370074168641,UNDETERMINED_RELAXED_FRAGILE,round2:no model witness; relaxation varies,0.5,3.519406988061746e-14,RECOVERABLE,0.0,1,False,True,UNDECIDED_GT
n3_s00255_d0,n3,45770901,3,MNAR_self,True,acyclic,True,8,"['mean', 1]",0.3875291957043573,UNDETERMINED_RELAXED_FRAGILE,round2:no model witness; relaxation varies,0.5,1.463829057968269e-13,RECOVERABLE,0.0,1,False,True,UNDECIDED_GT
n3_s00252_d0,n3,45470901,3,MNAR_self,True,acyclic,True,8,"['mean', 0]",0.3914333876146349,UNDETERMINED_RELAXED_FRAGILE,round2:no model witness; relaxation varies,0.5,1.1429190927003674e-12,RECOVERABLE,0.0,1,False,True,UNDECIDED_GT
n3_s00252_d0,n3,45470901,3,MNAR_self,True,acyclic,True,8,"['mean', 1]",0.7114602013328286,UNDETERMINED_RELAXED_FRAGILE,round2:no model witness; relaxation varies,0.5,5.241362899255364e-12,RECOVERABLE,0.0,1,False,True,UNDECIDED_GT
n3_s00272_d0,n3,47470901,3,MNAR_self,True,acyclic,True,8,"['mean', 0]",,RECOVERABLE,formula:direct_full_pattern,,,RECOVERABLE,1.1102230246251565e-16,12,False,True,True
n3_s00272_d0,n3,47470901,3,MNAR_self,True,acyclic,True,8,"['mean', 1]",0.5102788528274752,UNRECOVERABLE,model_witness(rootjump) dphi=0.2587 dist=3.9e-16,0.5,0.2586706267096801,UNRECOVERABLE,0.3292063858979525,12,False,True,True
n3_s00266_d0,n3,46870901,3,MNAR_other,False,acyclic,True,8,"['mean', 0]",,RECOVERABLE,formula:anchor_direct,,,RECOVERABLE,0.0,1,False,True,True
n3_s00266_d0,n3,46870901,3,MNAR_other,False,acyclic,True,8,"['mean', 1]",,RECOVERABLE,formula:anchor_direct,,,RECOVERABLE,0.0,1,False,True,True
n3_s00265_d0,n3,46770901,3,MNAR_other,False,acyclic,True,8,"['mean', 0]",,RECOVERABLE,formula:anchor_direct,,,RECOVERABLE,0.0,1,False,True,True
n3_s00265_d0,n3,46770901,3,MNAR_other,False,acyclic,True,8,"['mean', 1]",,RECOVERABLE,formula:direct_full_pattern,,,RECOVERABLE,0.0,1,False,True,True
n3_s00280_d0,n3,48270901,3,MNAR_self,True,acyclic,True,8,"['mean', 0]",,RECOVERABLE,formula:anchor_direct,,,RECOVERABLE,3.3306690738754696e-16,12,False,True,True
n3_s00280_d0,n3,48270901,3,MNAR_self,True,acyclic,True,8,"['mean', 1]",0.7476046265941008,UNRECOVERABLE,model_witness(rootjump) dphi=0.1788 dist=2.2e-16,0.5,0.17875781538434066,UNRECOVERABLE,0.12535575307701308,12,False,True,True
n3_s00274_d0,n3,47670901,3,MNAR_self,True,acyclic,True,8,"['mean', 0]",,RECOVERABLE,formula:direct_full_pattern,,,RECOVERABLE,0.0,1,False,True,True
n3_s00274_d0,n3,47670901,3,MNAR_self,True,acyclic,True,8,"['mean', 1]",0.45780761550605353,UNDETERMINED_RELAXED_FRAGILE,round2:no model witness; relaxation varies,0.5,9.704459458248493e-13,RECOVERABLE,0.0,1,False,True,UNDECIDED_GT
n3_s00278_d0,n3,48070901,3,MNAR_self,True,acyclic,True,8,"['mean', 0]",,RECOVERABLE,formula:direct_full_pattern,,,RECOVERABLE,0.0,1,False,True,True
n3_s00278_d0,n3,48070901,3,MNAR_self,True,acyclic,True,8,"['mean', 1]",0.39221594328195963,UNDETERMINED_RELAXED_FRAGILE,round2:no model witness; relaxation varies,0.5,6.661338147750939e-16,RECOVERABLE,0.0,1,False,True,UNDECIDED_GT
n3_s00284_d0,n3,48670901,3,MNAR_self,True,acyclic,True,8,"['mean', 0]",,RECOVERABLE,formula:anchor_direct,,,RECOVERABLE,2.7755575615628914e-17,12,False,True,True
n3_s00284_d0,n3,48670901,3,MNAR_self,True,acyclic,True,8,"['mean', 1]",0.6076279366924797,UNRECOVERABLE,model_witness(rootjump) dphi=0.2406 dist=2.2e-16,0.5,0.2405532544559793,UNRECOVERABLE,0.3021523907491215,12,False,True,True
n3_s00285_d0,n3,48770901,3,MNAR_self,True,acyclic,True,8,"['mean', 0]",,RECOVERABLE,formula:anchor_direct,,,RECOVERABLE,1.6653345369377348e-16,12,False,True,True
n3_s00285_d0,n3,48770901,3,MNAR_self,True,acyclic,True,8,"['mean', 1]",0.7432780965553908,UNRECOVERABLE,model_witness(rootjump) dphi=0.1944 dist=3.6e-14,0.5,0.19438760271803812,UNRECOVERABLE,0.19983933666659692,12,False,True,True
n3_s00288_d0,n3,49070901,3,MNAR_other,False,acyclic,True,8,"['mean', 0]",,RECOVERABLE,formula:direct_full_pattern,,,RECOVERABLE,0.0,1,False,True,True
n3_s00288_d0,n3,49070901,3,MNAR_other,False,acyclic,True,8,"['mean', 1]",,RECOVERABLE,formula:direct_full_pattern,,,RECOVERABLE,0.0,1,False,True,True
n3_s00291_d0,n3,49370901,3,MNAR_other,False,acyclic,True,8,"['mean', 0]",,RECOVERABLE,formula:anchor_direct,,,RECOVERABLE,0.0,1,False,True,True
n3_s00291_d0,n3,49370901,3,MNAR_other,False,acyclic,True,8,"['mean', 1]",,RECOVERABLE,formula:anchor_direct,,,RECOVERABLE,0.0,1,False,True,True
n3_s00282_d0,n3,48470901,3,MNAR_self,True,acyclic,True,8,"['mean', 0]",,RECOVERABLE,formula:anchor_direct,,,RECOVERABLE,0.0,1,False,True,True
n3_s00282_d0,n3,48470901,3,MNAR_self,True,acyclic,True,8,"['mean', 1]",0.1617036274634828,UNDETERMINED_RELAXED_FRAGILE,round2:no model witness; relaxation varies,0.5,2.3564483697668948e-14,RECOVERABLE,0.0,1,False,True,UNDECIDED_GT
n3_s00286_d0,n3,48870901,3,MNAR_self,True,acyclic,True,8,"['mean', 0]",,RECOVERABLE,formula:anchor_direct,,,RECOVERABLE,0.0,1,False,True,True
n3_s00286_d0,n3,48870901,3,MNAR_self,True,acyclic,True,8,"['mean', 1]",0.24170570334071434,UNDETERMINED_RELAXED_FRAGILE,round2:no model witness; relaxation varies,0.5,1.1934897514720433e-15,RECOVERABLE,0.0,1,False,True,UNDECIDED_GT
n3_s00299_d0,n3,50170901,3,MNAR_other,False,acyclic,True,8,"['mean', 0]",,RECOVERABLE,formula:anchor_direct,,,RECOVERABLE,0.0,1,False,True,True
n3_s00299_d0,n3,50170901,3,MNAR_other,False,acyclic,True,8,"['mean', 1]",,RECOVERABLE,formula:anchor_direct,,,RECOVERABLE,0.0,1,False,True,True
n3_s00292_d0,n3,49470901,3,MNAR_self,True,acyclic,True,8,"['mean', 0]",,RECOVERABLE,formula:direct_full_pattern,,,RECOVERABLE,0.0,1,False,True,True
n3_s00292_d0,n3,49470901,3,MNAR_self,True,acyclic,True,8,"['mean', 1]",,RECOVERABLE,formula:direct_full_pattern,,,RECOVERABLE,0.0,1,False,True,True
n3_s00294_d0,n3,49670901,3,MNAR_self,True,acyclic,True,8,"['mean', 0]",,RECOVERABLE,formula:direct_full_pattern,,,RECOVERABLE,0.0,1,False,True,True
n3_s00294_d0,n3,49670901,3,MNAR_self,True,acyclic,True,8,"['mean', 1]",,RECOVERABLE,formula:anchor_direct,,,RECOVERABLE,0.0,1,False,True,True
n3_s00304_d0,n3,50670901,3,MNAR_self,True,acyclic,True,8,"['mean', 0]",,RECOVERABLE,formula:direct_full_pattern,,,RECOVERABLE,0.0,12,False,True,True
n3_s00304_d0,n3,50670901,3,MNAR_self,True,acyclic,True,8,"['mean', 1]",0.6702684934850709,UNRECOVERABLE,model_witness(rootjump) dphi=0.2613 dist=2.2e-16,0.5,0.26126076621311667,UNRECOVERABLE,0.15595274960666305,12,False,True,True
n3_s00300_d0,n3,50270901,3,MNAR_self,True,acyclic,True,8,"['mean', 0]",,RECOVERABLE,formula:anchor_direct,,,RECOVERABLE,0.0,1,False,True,True
n3_s00300_d0,n3,50270901,3,MNAR_self,True,acyclic,True,8,"['mean', 1]",,RECOVERABLE,formula:direct_full_pattern,,,RECOVERABLE,0.0,1,False,True,True
n3_s00301_d0,n3,50370901,3,MNAR_self,True,acyclic,True,8,"['mean', 0]",,RECOVERABLE,formula:anchor_direct,,,RECOVERABLE,0.0,1,False,True,True
n3_s00301_d0,n3,50370901,3,MNAR_self,True,acyclic,True,8,"['mean', 1]",,RECOVERABLE,formula:direct_full_pattern,,,RECOVERABLE,0.0,1,False,True,True
n3_s00312_d0,n3,51470901,3,MNAR_self,True,acyclic,True,8,"['mean', 0]",,RECOVERABLE,formula:anchor_direct,,,RECOVERABLE,4.440892098500626e-16,12,False,True,True
n3_s00312_d0,n3,51470901,3,MNAR_self,True,acyclic,True,8,"['mean', 1]",0.5748251014387904,UNRECOVERABLE,model_witness(rootjump) dphi=0.1299 dist=1.7e-16,0.5,0.12988418049737827,UNRECOVERABLE,0.2048072840374156,12,False,True,True
n3_s00326_d0,n3,52870901,3,MNAR_self,True,acyclic,True,8,"['mean', 0]",0.3701054891670046,UNRECOVERABLE,model_witness(rootjump) dphi=0.3610 dist=1.4e-16,0.5,0.36104911220753955,UNRECOVERABLE,0.44284802429899045,12,False,True,True
n3_s00326_d0,n3,52870901,3,MNAR_self,True,acyclic,True,8,"['mean', 1]",,RECOVERABLE,formula:anchor_direct,,,RECOVERABLE,1.6653345369377348e-16,12,False,True,True
n3_s00328_d0,n3,53070901,3,MNAR_self,True,acyclic,True,8,"['mean', 0]",0.15384446501878093,UNDETERMINED_RELAXED_FRAGILE,round2:no model witness; relaxation varies,0.5000000000000001,2.1371793224034263e-15,RECOVERABLE,0.0,1,False,True,UNDECIDED_GT
n3_s00328_d0,n3,53070901,3,MNAR_self,True,acyclic,True,8,"['mean', 1]",,RECOVERABLE,formula:direct_full_pattern,,,RECOVERABLE,0.0,1,False,True,True
n3_s00311_d0,n3,51370901,3,MNAR_self,True,acyclic,True,8,"['mean', 0]",,RECOVERABLE,formula:anchor_direct,,,RECOVERABLE,0.0,1,False,True,True
n3_s00311_d0,n3,51370901,3,MNAR_self,True,acyclic,True,8,"['mean', 1]",0.6201271206976311,UNDETERMINED_RELAXED_FRAGILE,round2:no model witness; relaxation varies,0.5,1.8984813721090177e-14,RECOVERABLE,0.0,1,False,True,UNDECIDED_GT
n3_s00329_d0,n3,53170901,3,MNAR_self,True,acyclic,True,8,"['mean', 0]",0.46700267468153767,UNDETERMINED_RELAXED_FRAGILE,round2:no model witness; relaxation varies,0.5,1.892930256985892e-14,RECOVERABLE,0.0,1,False,True,UNDECIDED_GT
n3_s00329_d0,n3,53170901,3,MNAR_self,True,acyclic,True,8,"['mean', 1]",,RECOVERABLE,formula:direct_full_pattern,,,RECOVERABLE,0.0,1,False,True,True
n3_s00319_d0,n3,52170901,3,MNAR_self,True,acyclic,True,8,"['mean', 0]",,RECOVERABLE,formula:anchor_direct,,,RECOVERABLE,0.0,1,False,True,True
n3_s00319_d0,n3,52170901,3,MNAR_self,True,acyclic,True,8,"['mean', 1]",0.4636921132083901,UNDETERMINED_RELAXED_FRAGILE,round2:no model witness; relaxation varies,0.5,1.1118883591620943e-13,RECOVERABLE,0.0,1,False,True,UNDECIDED_GT
n3_s00330_d0,n3,53270901,3,MNAR_self,True,acyclic,True,8,"['mean', 0]",0.8203776034466936,UNDETERMINED_RELAXED_FRAGILE,round2:no model witness; relaxation varies,0.5,6.217248937900877e-15,RECOVERABLE,0.0,1,False,True,UNDECIDED_GT
n3_s00330_d0,n3,53270901,3,MNAR_self,True,acyclic,True,8,"['mean', 1]",,RECOVERABLE,formula:anchor_direct,,,RECOVERABLE,0.0,1,False,True,True
n3_s00335_d0,n3,53770901,3,MNAR_self,True,acyclic,True,8,"['mean', 0]",0.31526382745020615,UNDETERMINED_RELAXED_FRAGILE,round2:no model witness; relaxation varies,0.5,1.0236256287043943e-13,RECOVERABLE,0.0,1,False,True,UNDECIDED_GT
n3_s00335_d0,n3,53770901,3,MNAR_self,True,acyclic,True,8,"['mean', 1]",,RECOVERABLE,formula:anchor_direct,,,RECOVERABLE,0.0,1,False,True,True
n3_s00339_d0,n3,54170901,3,MNAR_self,True,acyclic,True,8,"['mean', 0]",0.1710605167853426,UNDETERMINED_RELAXED_FRAGILE,round2:no model witness; relaxation varies,0.5,1.482147737874584e-14,RECOVERABLE,0.0,1,False,True,UNDECIDED_GT
n3_s00339_d0,n3,54170901,3,MNAR_self,True,acyclic,True,8,"['mean', 1]",0.19173053862616682,UNDETERMINED_RELAXED_FRAGILE,round2:no model witness; relaxation varies,0.5,3.089195566019498e-14,RECOVERABLE,0.0,1,False,True,UNDECIDED_GT
n3_s00342_d0,n3,54470901,3,MNAR_self,True,acyclic,True,8,"['mean', 0]",0.3846512174274361,UNRECOVERABLE,model_witness(rootjump) dphi=0.1897 dist=1.1e-16,0.5,0.18968694523770097,UNRECOVERABLE,0.2928177575199728,12,False,True,True
n3_s00342_d0,n3,54470901,3,MNAR_self,True,acyclic,True,8,"['mean', 1]",0.36327932717865186,UNDETERMINED_RELAXED_FRAGILE,round2:no model witness; relaxation varies,0.5,6.661338147750939e-16,RECOVERABLE,5.551115123125783e-16,12,False,True,UNDECIDED_GT
n3_s00333_d0,n3,53570901,3,MNAR_self,True,acyclic,True,8,"['mean', 0]",0.7216169759478765,UNDETERMINED_RELAXED_FRAGILE,round2:no model witness; relaxation varies,0.5,3.0120350658080497e-12,RECOVERABLE,0.0,1,False,True,UNDECIDED_GT
n3_s00333_d0,n3,53570901,3,MNAR_self,True,acyclic,True,8,"['mean', 1]",,RECOVERABLE,formula:direct_full_pattern,,,RECOVERABLE,0.0,1,False,True,True
n3_s00343_d0,n3,54570901,3,MNAR_self,True,acyclic,True,8,"['mean', 0]",0.6243458468734904,UNDETERMINED_RELAXED_FRAGILE,round2:no model witness; relaxation varies,0.5,9.781064846947629e-14,RECOVERABLE,0.0,1,False,True,UNDECIDED_GT
n3_s00343_d0,n3,54570901,3,MNAR_self,True,acyclic,True,8,"['mean', 1]",0.1812742523086446,UNDETERMINED_RELAXED_FRAGILE,round2:no model witness; relaxation varies,0.5,1.582067810090848e-15,RECOVERABLE,0.0,1,False,True,UNDECIDED_GT
n3_s00344_d0,n3,54670901,3,MNAR_self,True,acyclic,True,8,"['mean', 0]",0.5687531371560549,UNDETERMINED_RELAXED_FRAGILE,round2:no model witness; relaxation varies,0.5,1.1401990462900358e-13,RECOVERABLE,4.707345624410664e-14,12,False,True,UNDECIDED_GT
n3_s00344_d0,n3,54670901,3,MNAR_self,True,acyclic,True,8,"['mean', 1]",0.1778012441955904,UNRECOVERABLE,model_witness(rootjump) dphi=0.3571 dist=1.7e-16,0.5,0.357065349445693,UNRECOVERABLE,0.3733771379450903,12,False,True,True
n3_s00374_d0,n3,57670901,3,MNAR_self,True,acyclic,True,8,"['mean', 0]",0.34776104603657093,UNRECOVERABLE,model_witness(rootjump) dphi=0.1589 dist=2.2e-16,0.5,0.15892100269066534,UNRECOVERABLE,0.2416726569072633,12,False,True,True
n3_s00374_d0,n3,57670901,3,MNAR_self,True,acyclic,True,8,"['mean', 1]",0.37411712823837273,UNDETERMINED_RELAXED_FRAGILE,round2:no model witness; relaxation varies,0.5,1.6858736628933002e-13,RECOVERABLE,5.040412531798211e-14,12,False,True,UNDECIDED_GT
n3_s00400_d0,n3,60270901,3,MNAR_self,True,acyclic,True,8,"['mean', 0]",,RECOVERABLE,formula:direct_full_pattern,,,RECOVERABLE,0.0,1,False,True,True
n3_s00400_d0,n3,60270901,3,MNAR_self,True,acyclic,True,8,"['mean', 1]",0.4218489280801345,UNDETERMINED_RELAXED_FRAGILE,round2:no model witness; relaxation varies,0.5,2.2037927038809357e-14,RECOVERABLE,0.0,1,False,True,UNDECIDED_GT
n3_s00414_d0,n3,61670901,3,MNAR_self,True,acyclic,True,8,"['mean', 0]",,RECOVERABLE,formula:anchor_direct,,,RECOVERABLE,0.0,1,False,True,True
n3_s00414_d0,n3,61670901,3,MNAR_self,True,acyclic,True,8,"['mean', 1]",0.6541757694377137,UNDETERMINED_RELAXED_FRAGILE,round2:no model witness; relaxation varies,0.5,9.992007221626409e-16,RECOVERABLE,0.0,1,False,True,UNDECIDED_GT
n3_s00453_d0,n3,65570901,3,MNAR_self,True,acyclic,True,8,"['mean', 0]",0.5083333292763788,UNDETERMINED_RELAXED_FRAGILE,round2:no model witness; relaxation varies,0.5,1.4244161405940758e-13,RECOVERABLE,0.0,1,False,True,UNDECIDED_GT
n3_s00453_d0,n3,65570901,3,MNAR_self,True,acyclic,True,8,"['mean', 1]",,RECOVERABLE,formula:anchor_direct,,,RECOVERABLE,0.0,1,False,True,True
n3_s00478_d0,n3,68070901,3,MNAR_self,True,acyclic,True,8,"['mean', 0]",0.6379596825744744,UNDETERMINED_RELAXED_FRAGILE,round2:no model witness; relaxation varies,0.5,4.278355447695503e-12,RECOVERABLE,0.0,1,False,True,UNDECIDED_GT
n3_s00478_d0,n3,68070901,3,MNAR_self,True,acyclic,True,8,"['mean', 1]",0.1713946725520104,UNDETERMINED_RELAXED_FRAGILE,round2:no model witness; relaxation varies,0.5,7.616129948928574e-14,RECOVERABLE,0.0,1,False,True,UNDECIDED_GT
n3_s00499_d0,n3,70170901,3,MNAR_self,True,acyclic,True,8,"['mean', 0]",0.2791485336602125,UNDETERMINED_RELAXED_FRAGILE,round2:no model witness; relaxation varies,0.5,1.2545520178264269e-14,RECOVERABLE,0.0,1,False,True,UNDECIDED_GT
n3_s00499_d0,n3,70170901,3,MNAR_self,True,acyclic,True,8,"['mean', 1]",0.3523888471815229,UNDETERMINED_RELAXED_FRAGILE,round2:no model witness; relaxation varies,0.5,4.440892098500626e-16,RECOVERABLE,0.0,1,False,True,UNDECIDED_GT
n3_s00528_d0,n3,73070901,3,MNAR_self,True,acyclic,True,8,"['mean', 0]",,RECOVERABLE,formula:direct_full_pattern,,,RECOVERABLE,1.6653345369377348e-16,12,False,False,True
n3_s00528_d0,n3,73070901,3,MNAR_self,True,acyclic,True,8,"['mean', 1]",0.3545176613625435,UNRECOVERABLE,model_witness(rootjump) dphi=0.3607 dist=4.5e-16,0.5,0.3606985934013319,UNRECOVERABLE,0.3468364039940668,12,False,False,True
n3_s00548_d0,n3,75070901,3,MNAR_self,True,acyclic,True,8,"['mean', 0]",,RECOVERABLE,formula:anchor_direct,,,RECOVERABLE,0.0,1,False,True,True
n3_s00548_d0,n3,75070901,3,MNAR_self,True,acyclic,True,8,"['mean', 1]",,RECOVERABLE,formula:direct_full_pattern,,,RECOVERABLE,0.0,1,False,True,True
n3_s00576_d0,n3,77870901,3,MNAR_self,True,acyclic,True,8,"['mean', 0]",0.8145787646097081,UNDETERMINED_RELAXED_FRAGILE,round2:no model witness; relaxation varies,0.49999999999999994,2.55351295663786e-15,RECOVERABLE,0.0,1,False,True,UNDECIDED_GT
n3_s00576_d0,n3,77870901,3,MNAR_self,True,acyclic,True,8,"['mean', 1]",,RECOVERABLE,formula:direct_full_pattern,,,RECOVERABLE,0.0,1,False,True,True
n3_s00589_d0,n3,79170901,3,MNAR_self,True,acyclic,True,8,"['mean', 0]",0.23953338921994505,UNDETERMINED_RELAXED_FRAGILE,round2:no model witness; relaxation varies,0.5,1.3433698597964394e-14,RECOVERABLE,7.494005416219807e-15,12,False,True,UNDECIDED_GT
n3_s00589_d0,n3,79170901,3,MNAR_self,True,acyclic,True,8,"['mean', 1]",,RECOVERABLE,formula:direct_full_pattern,,,RECOVERABLE,1.1102230246251565e-16,12,False,True,True
n3_s00609_d0,n3,81170901,3,MNAR_self,True,acyclic,True,8,"['mean', 0]",0.32972334985973006,UNDETERMINED_RELAXED_FRAGILE,round2:no model witness; relaxation varies,0.5000000000000001,5.828670879282072e-15,RECOVERABLE,0.0,1,False,True,UNDECIDED_GT
n3_s00609_d0,n3,81170901,3,MNAR_self,True,acyclic,True,8,"['mean', 1]",,RECOVERABLE,formula:direct_full_pattern,,,RECOVERABLE,0.0,1,False,True,True
n3_s00629_d0,n3,83170901,3,MNAR_self,True,acyclic,True,8,"['mean', 0]",0.6187483325572696,UNDETERMINED_RELAXED_FRAGILE,round2:no model witness; relaxation varies,0.5,3.3306690738754696e-16,RECOVERABLE,3.3306690738754696e-16,12,False,True,UNDECIDED_GT
n3_s00629_d0,n3,83170901,3,MNAR_self,True,acyclic,True,8,"['mean', 1]",0.46365174818522703,UNRECOVERABLE,model_witness(rootjump) dphi=0.1951 dist=1.7e-16,0.5,0.19505838355392635,UNRECOVERABLE,0.21966801353629511,12,False,True,True
n3_s00649_d0,n3,85170901,3,MNAR_other,False,acyclic,True,8,"['mean', 0]",,RECOVERABLE,formula:anchor_direct,,,RECOVERABLE,0.0,1,False,True,True
n3_s00649_d0,n3,85170901,3,MNAR_other,False,acyclic,True,8,"['mean', 1]",,RECOVERABLE,formula:anchor_direct,,,RECOVERABLE,0.0,1,False,True,True
n3_s00665_d0,n3,86770901,3,MNAR_self,True,acyclic,True,8,"['mean', 0]",,RECOVERABLE,formula:anchor_direct,,,RECOVERABLE,0.0,1,False,True,True
n3_s00665_d0,n3,86770901,3,MNAR_self,True,acyclic,True,8,"['mean', 1]",0.31789604774803293,UNDETERMINED_RELAXED_FRAGILE,round2:no model witness; relaxation varies,0.5,1.0813572259849025e-13,RECOVERABLE,0.0,1,False,True,UNDECIDED_GT
n3_s00678_d0,n3,88070901,3,MNAR_self,True,acyclic,True,8,"['mean', 0]",,RECOVERABLE,formula:anchor_direct,,,RECOVERABLE,0.0,1,False,True,True
n3_s00678_d0,n3,88070901,3,MNAR_self,True,acyclic,True,8,"['mean', 1]",,RECOVERABLE,formula:anchor_direct,,,RECOVERABLE,0.0,1,False,True,True
n3_s00688_d0,n3,89070901,3,MNAR_self,True,acyclic,True,8,"['mean', 0]",,RECOVERABLE,formula:anchor_direct,,,RECOVERABLE,0.0,1,False,True,True
n3_s00688_d0,n3,89070901,3,MNAR_self,True,acyclic,True,8,"['mean', 1]",0.561870785084857,UNDETERMINED_RELAXED_FRAGILE,round2:no model witness; relaxation varies,0.5,1.1501910535116622e-13,RECOVERABLE,0.0,1,False,True,UNDECIDED_GT
n3_s00713_d0,n3,91570901,3,MNAR_self,True,acyclic,True,8,"['mean', 0]",0.43688091550799113,UNDETERMINED_RELAXED_FRAGILE,round2:no model witness; relaxation varies,0.5,7.66053886991358e-15,RECOVERABLE,0.0,1,False,True,UNDECIDED_GT
n3_s00713_d0,n3,91570901,3,MNAR_self,True,acyclic,True,8,"['mean', 1]",,RECOVERABLE,formula:anchor_direct,,,RECOVERABLE,0.0,1,False,True,True
n3_s00734_d0,n3,93670901,3,MNAR_self,True,acyclic,True,8,"['mean', 0]",0.48014988385395935,UNDETERMINED_RELAXED_FRAGILE,round2:no model witness; relaxation varies,0.5,1.049160758270773e-14,RECOVERABLE,0.0,1,False,True,UNDECIDED_GT
n3_s00734_d0,n3,93670901,3,MNAR_self,True,acyclic,True,8,"['mean', 1]",0.1860855402643139,UNDETERMINED_RELAXED_FRAGILE,round2:no model witness; relaxation varies,0.5,1.2490009027033011e-15,RECOVERABLE,0.0,1,False,True,UNDECIDED_GT
n3_s00756_d0,n3,95870901,3,MNAR_self,True,acyclic,True,8,"['mean', 0]",0.676678137354414,UNDETERMINED_RELAXED_FRAGILE,round2:no model witness; relaxation varies,0.5,4.785061236134425e-14,RECOVERABLE,0.0,1,False,True,UNDECIDED_GT
n3_s00756_d0,n3,95870901,3,MNAR_self,True,acyclic,True,8,"['mean', 1]",0.5231225935647392,UNDETERMINED_RELAXED_FRAGILE,round2:no model witness; relaxation varies,0.5,1.6653345369377348e-15,RECOVERABLE,0.0,1,False,True,UNDECIDED_GT
n3_s00785_d0,n3,98770901,3,MNAR_self,True,acyclic,True,8,"['mean', 0]",0.26536751236487577,UNDETERMINED_RELAXED_FRAGILE,round2:no model witness; relaxation varies,0.5,5.551115123125783e-16,RECOVERABLE,1.1102230246251565e-16,12,False,True,UNDECIDED_GT
n3_s00785_d0,n3,98770901,3,MNAR_self,True,acyclic,True,8,"['mean', 1]",0.5703071587914866,UNRECOVERABLE,model_witness(rootjump) dphi=0.2449 dist=1.7e-16,0.5,0.24486142960184565,UNRECOVERABLE,0.3228319222743294,12,False,True,True
n3_s00815_d0,n3,101770901,3,MNAR_self,True,acyclic,True,8,"['mean', 0]",0.2725036021487985,UNDETERMINED_RELAXED_FRAGILE,round2:no model witness; relaxation varies,0.49999999999999994,9.825473767932635e-15,RECOVERABLE,0.0,1,False,True,UNDECIDED_GT
n3_s00815_d0,n3,101770901,3,MNAR_self,True,acyclic,True,8,"['mean', 1]",,RECOVERABLE,formula:anchor_direct,,,RECOVERABLE,0.0,1,False,True,True
n3_s00838_d0,n3,104070901,3,MNAR_self,True,acyclic,True,8,"['mean', 0]",0.7278026088644368,UNRECOVERABLE,model_witness(rootjump) dphi=0.4286 dist=3.3e-16,0.5,0.4286241000604835,UNRECOVERABLE,0.3624627155185499,12,False,True,True
n3_s00838_d0,n3,104070901,3,MNAR_self,True,acyclic,True,8,"['mean', 1]",,RECOVERABLE,formula:anchor_direct,,,RECOVERABLE,1.1102230246251565e-16,12,False,True,True
n3_s00863_d0,n3,106570901,3,MNAR_self,True,acyclic,True,8,"['mean', 0]",0.4604639408782345,UNDETERMINED_RELAXED_FRAGILE,round2:no model witness; relaxation varies,0.5,4.053979374418759e-13,RECOVERABLE,0.0,1,False,True,UNDECIDED_GT
n3_s00863_d0,n3,106570901,3,MNAR_self,True,acyclic,True,8,"['mean', 1]",0.7540103121780166,UNDETERMINED_RELAXED_FRAGILE,round2:no model witness; relaxation varies,0.5,4.551914400963142e-15,RECOVERABLE,0.0,1,False,True,UNDECIDED_GT
n3_s00889_d0,n3,109170901,3,MNAR_self,True,acyclic,True,8,"['mean', 0]",0.5380571362969762,UNDETERMINED_RELAXED_FRAGILE,round2:no model witness; relaxation varies,0.5,9.658940314238862e-15,RECOVERABLE,1.5543122344752192e-15,12,False,True,UNDECIDED_GT
n3_s00889_d0,n3,109170901,3,MNAR_self,True,acyclic,True,8,"['mean', 1]",0.8088859596380712,UNRECOVERABLE,model_witness(rootjump) dphi=0.1778 dist=1.1e-16,0.5,0.17784421843185738,UNRECOVERABLE,0.16116645167894372,12,False,True,True
n3_s00906_d0,n3,110870901,3,MNAR_other,False,acyclic,True,8,"['mean', 0]",0.7770982848577066,UNDETERMINED_RELAXED_FRAGILE,round2:no model witness; relaxation varies,0.5,1.7763568394002505e-15,RECOVERABLE,0.0,1,False,True,UNDECIDED_GT
n3_s00906_d0,n3,110870901,3,MNAR_other,False,acyclic,True,8,"['mean', 1]",,RECOVERABLE,formula:anchor_direct,,,RECOVERABLE,0.0,1,False,True,True
n3_s00947_d0,n3,114970901,3,MNAR_self,True,acyclic,True,8,"['mean', 0]",0.20385757080285172,UNDETERMINED_RELAXED_FRAGILE,round2:no model witness; relaxation varies,0.49999999999999994,1.3877787807814457e-16,RECOVERABLE,0.0,1,False,True,UNDECIDED_GT
n3_s00947_d0,n3,114970901,3,MNAR_self,True,acyclic,True,8,"['mean', 1]",0.20333359292053377,UNDETERMINED_RELAXED_FRAGILE,round2:no model witness; relaxation varies,0.5,2.095545958979983e-14,RECOVERABLE,0.0,1,False,True,UNDECIDED_GT
n3_s00963_d0,n3,116570901,3,MNAR_self,True,acyclic,True,8,"['mean', 0]",0.5755289654366436,UNDETERMINED_RELAXED_FRAGILE,round2:no model witness; relaxation varies,0.5,1.4654943925052066e-14,RECOVERABLE,0.0,1,False,True,UNDECIDED_GT
n3_s00963_d0,n3,116570901,3,MNAR_self,True,acyclic,True,8,"['mean', 1]",,RECOVERABLE,formula:anchor_direct,,,RECOVERABLE,0.0,1,False,True,True
n3_s00987_d0,n3,118970901,3,MNAR_self,True,acyclic,True,8,"['mean', 0]",0.6637103589861706,UNDETERMINED_RELAXED_FRAGILE,round2:no model witness; relaxation varies,0.5,1.5987211554602254e-14,RECOVERABLE,0.0,1,False,True,UNDECIDED_GT
n3_s00987_d0,n3,118970901,3,MNAR_self,True,acyclic,True,8,"['mean', 1]",0.25808555630503294,UNDETERMINED_RELAXED_FRAGILE,round2:no model witness; relaxation varies,0.5,3.4416913763379853e-15,RECOVERABLE,0.0,1,False,True,UNDECIDED_GT
n3_s01002_d0,n3,120470901,3,MNAR_self,True,acyclic,True,8,"['mean', 0]",0.31418331553925005,UNDETERMINED_RELAXED_FRAGILE,round2:no model witness; relaxation varies,0.5000000000000001,2.8438362775773385e-13,RECOVERABLE,0.0,1,False,True,UNDECIDED_GT
n3_s01002_d0,n3,120470901,3,MNAR_self,True,acyclic,True,8,"['mean', 1]",,RECOVERABLE,formula:anchor_direct,,,RECOVERABLE,0.0,1,False,True,True
n3_s01019_d0,n3,122170901,3,MNAR_self,True,acyclic,True,8,"['mean', 0]",0.40860336088626004,UNDETERMINED_RELAXED_FRAGILE,round2:no model witness; relaxation varies,0.5000000000000001,2.3647750424515834e-14,RECOVERABLE,0.0,1,False,True,UNDECIDED_GT
n3_s01019_d0,n3,122170901,3,MNAR_self,True,acyclic,True,8,"['mean', 1]",0.40237105576857735,UNDETERMINED_RELAXED_FRAGILE,round2:no model witness; relaxation varies,0.5,4.973799150320701e-14,RECOVERABLE,0.0,1,False,True,UNDECIDED_GT
n3_s01040_d0,n3,124270901,3,MNAR_self,True,acyclic,True,8,"['mean', 0]",,RECOVERABLE,formula:direct_full_pattern,,,RECOVERABLE,0.0,1,False,True,True
n3_s01040_d0,n3,124270901,3,MNAR_self,True,acyclic,True,8,"['mean', 1]",0.7650719757026486,UNDETERMINED_RELAXED_FRAGILE,round2:no model witness; relaxation varies,0.5,1.0769163338864018e-14,RECOVERABLE,0.0,1,False,True,UNDECIDED_GT
n3_s01074_d0,n3,127670901,3,MNAR_self,True,acyclic,True,8,"['mean', 0]",,RECOVERABLE,formula:direct_full_pattern,,,RECOVERABLE,3.3306690738754696e-16,12,False,True,True
n3_s01074_d0,n3,127670901,3,MNAR_self,True,acyclic,True,8,"['mean', 1]",0.4510826004257512,UNDETERMINED_RELAXED_FRAGILE,round2:no model witness; relaxation varies,0.5,6.514233596988106e-13,RECOVERABLE,2.6922908347160046e-14,12,False,True,UNDECIDED_GT
n3_s01097_d0,n3,129970901,3,MNAR_self,True,acyclic,True,8,"['mean', 0]",0.794536003517198,UNDETERMINED_RELAXED_FRAGILE,round2:no model witness; relaxation varies,0.5,6.217248937900877e-15,RECOVERABLE,0.0,1,False,True,UNDECIDED_GT
n3_s01097_d0,n3,129970901,3,MNAR_self,True,acyclic,True,8,"['mean', 1]",,RECOVERABLE,formula:direct_full_pattern,,,RECOVERABLE,0.0,1,False,True,True
n3_s01114_d0,n3,131670901,3,MNAR_self,True,acyclic,True,8,"['mean', 0]",0.510776687390992,UNDETERMINED_RELAXED_FRAGILE,round2:no model witness; relaxation varies,0.5,3.219646771412954e-15,RECOVERABLE,0.0,1,False,True,UNDECIDED_GT
n3_s01114_d0,n3,131670901,3,MNAR_self,True,acyclic,True,8,"['mean', 1]",0.6356905799652076,UNDETERMINED_RELAXED_FRAGILE,round2:no model witness; relaxation varies,0.5,6.5503158452884236e-15,RECOVERABLE,0.0,1,False,True,UNDECIDED_GT
n3_s01144_d0,n3,134670901,3,MNAR_self,True,acyclic,True,8,"['mean', 0]",0.33208049186358934,UNDETERMINED_RELAXED_FRAGILE,round2:no model witness; relaxation varies,0.5,5.828670879282072e-15,RECOVERABLE,4.829470157119431e-15,12,False,True,UNDECIDED_GT
n3_s01144_d0,n3,134670901,3,MNAR_self,True,acyclic,True,8,"['mean', 1]",0.3833537826437577,UNRECOVERABLE,model_witness(rootjump) dphi=0.1947 dist=2.2e-16,0.5,0.19472090748504495,UNRECOVERABLE,0.24433279803989372,12,False,True,True
n3_s01159_d0,n3,136170901,3,MNAR_self,True,acyclic,True,8,"['mean', 0]",,RECOVERABLE,formula:anchor_direct,,,RECOVERABLE,2.220446049250313e-16,12,False,True,True
n3_s01159_d0,n3,136170901,3,MNAR_self,True,acyclic,True,8,"['mean', 1]",,RECOVERABLE,formula:anchor_direct,,,RECOVERABLE,2.220446049250313e-16,12,False,True,True
n3_s01183_d0,n3,138570901,3,MNAR_self,True,acyclic,True,8,"['mean', 0]",,RECOVERABLE,formula:anchor_direct,,,RECOVERABLE,5.551115123125783e-17,12,False,True,True
n3_s01183_d0,n3,138570901,3,MNAR_self,True,acyclic,True,8,"['mean', 1]",0.5752860526684241,UNDETERMINED_RELAXED_FRAGILE,round2:no model witness; relaxation varies,0.5,2.55351295663786e-15,RECOVERABLE,3.3306690738754696e-16,12,False,True,UNDECIDED_GT
n3_s01210_d0,n3,141270901,3,MNAR_self,True,acyclic,True,8,"['mean', 0]",,RECOVERABLE,formula:anchor_direct,,,RECOVERABLE,0.0,1,False,True,True
n3_s01210_d0,n3,141270901,3,MNAR_self,True,acyclic,True,8,"['mean', 1]",0.16801765205396396,UNDETERMINED_RELAXED_FRAGILE,round2:no model witness; relaxation varies,0.5,1.226796442210798e-14,RECOVERABLE,0.0,1,False,True,UNDECIDED_GT
n3_s01232_d0,n3,143470901,3,MNAR_self,True,acyclic,True,8,"['mean', 0]",0.36640667762221696,UNRECOVERABLE,model_witness(rootjump) dphi=0.1615 dist=1.1e-16,0.49999999999999994,0.1614820448875222,UNRECOVERABLE,0.20741607569996373,12,False,True,True
n3_s01232_d0,n3,143470901,3,MNAR_self,True,acyclic,True,8,"['mean', 1]",0.758965223109975,UNDETERMINED_RELAXED_FRAGILE,round2:no model witness; relaxation varies,0.5,1.3433698597964394e-14,RECOVERABLE,3.1086244689504383e-15,12,False,True,UNDECIDED_GT
n3_s01251_d0,n3,145370901,3,MNAR_self,True,acyclic,True,8,"['mean', 0]",0.7359688145678521,UNDETERMINED_RELAXED_FRAGILE,round2:no model witness; relaxation varies,0.5,1.021405182655144e-14,RECOVERABLE,0.0,1,False,True,UNDECIDED_GT
n3_s01251_d0,n3,145370901,3,MNAR_self,True,acyclic,True,8,"['mean', 1]",0.4159075587450395,UNDETERMINED_RELAXED_FRAGILE,round2:no model witness; relaxation varies,0.5,6.661338147750939e-16,RECOVERABLE,0.0,1,False,True,UNDECIDED_GT
n3_s01291_d0,n3,149370901,3,MNAR_other,False,acyclic,True,8,"['mean', 0]",,RECOVERABLE,formula:anchor_direct,,,RECOVERABLE,0.0,1,False,True,True
n3_s01291_d0,n3,149370901,3,MNAR_other,False,acyclic,True,8,"['mean', 1]",,RECOVERABLE,formula:anchor_direct,,,RECOVERABLE,0.0,1,False,True,True
n3_s01320_d0,n3,152270901,3,MNAR_other,False,acyclic,True,8,"['mean', 0]",,RECOVERABLE,formula:anchor_direct,,,RECOVERABLE,0.0,1,False,True,True
n3_s01320_d0,n3,152270901,3,MNAR_other,False,acyclic,True,8,"['mean', 1]",0.7742401832700501,UNDETERMINED_RELAXED_FRAGILE,round2:no model witness; relaxation varies,0.5,9.992007221626409e-16,RECOVERABLE,0.0,1,False,True,UNDECIDED_GT
n3_s01354_d0,n3,155670901,3,MNAR_self,True,acyclic,True,8,"['mean', 0]",0.82208029789576,UNDETERMINED_RELAXED_FRAGILE,round2:no model witness; relaxation varies,0.5,7.117481198726239e-05,RECOVERABLE,0.0,1,False,True,UNDECIDED_GT
n3_s01354_d0,n3,155670901,3,MNAR_self,True,acyclic,True,8,"['mean', 1]",,RECOVERABLE,formula:anchor_direct,,,RECOVERABLE,0.0,1,False,True,True
n3_s01373_d0,n3,157570901,3,MNAR_self,True,acyclic,True,8,"['mean', 0]",0.8453748762677907,UNDETERMINED_RELAXED_FRAGILE,round2:no model witness; relaxation varies,0.5,6.328271240363392e-15,RECOVERABLE,0.0,1,False,True,UNDECIDED_GT
n3_s01373_d0,n3,157570901,3,MNAR_self,True,acyclic,True,8,"['mean', 1]",0.5526584961259389,UNDETERMINED_RELAXED_FRAGILE,round2:no model witness; relaxation varies,0.5,8.881784197001252e-16,RECOVERABLE,0.0,1,False,True,UNDECIDED_GT
n3_s01395_d0,n3,159770901,3,MNAR_self,True,acyclic,True,8,"['mean', 0]",0.58057486921247,UNDETERMINED_RELAXED_FRAGILE,round2:no model witness; relaxation varies,0.5,1.8540724511240114e-14,RECOVERABLE,0.0,1,False,True,UNDECIDED_GT
n3_s01395_d0,n3,159770901,3,MNAR_self,True,acyclic,True,8,"['mean', 1]",0.46872069077599243,UNDETERMINED_RELAXED_FRAGILE,round2:no model witness; relaxation varies,0.5,7.926992395823618e-14,RECOVERABLE,0.0,1,False,True,UNDECIDED_GT
n3_s01416_d0,n3,161870901,3,MNAR_other,False,acyclic,True,8,"['mean', 0]",,RECOVERABLE,formula:anchor_direct,,,RECOVERABLE,0.0,1,False,True,True
n3_s01416_d0,n3,161870901,3,MNAR_other,False,acyclic,True,8,"['mean', 1]",,RECOVERABLE,formula:anchor_direct,,,RECOVERABLE,0.0,1,False,True,True
n3_s01438_d0,n3,164070901,3,MNAR_self,True,acyclic,True,8,"['mean', 0]",,RECOVERABLE,formula:anchor_direct,,,RECOVERABLE,0.0,1,False,True,True
n3_s01438_d0,n3,164070901,3,MNAR_self,True,acyclic,True,8,"['mean', 1]",0.6011871774974591,UNDETERMINED_RELAXED_FRAGILE,round2:no model witness; relaxation varies,0.5,1.2212453270876722e-15,RECOVERABLE,0.0,1,False,True,UNDECIDED_GT
n3_s01455_d0,n3,165770901,3,MNAR_self,True,acyclic,True,8,"['mean', 0]",,RECOVERABLE,formula:anchor_direct,,,RECOVERABLE,0.0,1,False,True,True
n3_s01455_d0,n3,165770901,3,MNAR_self,True,acyclic,True,8,"['mean', 1]",0.5097610788933434,UNDETERMINED_RELAXED_FRAGILE,round2:no model witness; relaxation varies,0.5,6.772360450213455e-15,RECOVERABLE,0.0,1,False,True,UNDECIDED_GT
n3_s01476_d0,n3,167870901,3,MNAR_self,True,acyclic,True,8,"['mean', 0]",0.8466574140454821,UNRECOVERABLE,model_witness(rootjump) dphi=0.2396 dist=1.1e-16,0.5,0.23955082713119824,UNRECOVERABLE,0.22482265947125135,12,False,True,True
n3_s01476_d0,n3,167870901,3,MNAR_self,True,acyclic,True,8,"['mean', 1]",,RECOVERABLE,formula:anchor_direct,,,RECOVERABLE,4.996003610813204e-16,12,False,True,True
n3_s01499_d0,n3,170170901,3,MNAR_self,True,acyclic,True,8,"['mean', 0]",0.6170811286031544,UNDETERMINED_RELAXED_FRAGILE,round2:no model witness; relaxation varies,0.5,1.4210854715202004e-14,RECOVERABLE,0.0,1,False,True,UNDECIDED_GT
n3_s01499_d0,n3,170170901,3,MNAR_self,True,acyclic,True,8,"['mean', 1]",0.2542617358633812,UNDETERMINED_RELAXED_FRAGILE,round2:no model witness; relaxation varies,0.5,3.3306690738754696e-15,RECOVERABLE,0.0,1,False,True,UNDECIDED_GT
n3_s01516_d0,n3,171870901,3,MNAR_self,True,acyclic,True,8,"['mean', 0]",0.5200357314922641,UNDETERMINED_RELAXED_FRAGILE,round2:no model witness; relaxation varies,0.5,7.549516567451064e-15,RECOVERABLE,0.0,1,False,True,UNDECIDED_GT
n3_s01516_d0,n3,171870901,3,MNAR_self,True,acyclic,True,8,"['mean', 1]",0.17875853297802413,UNDETERMINED_RELAXED_FRAGILE,round2:no model witness; relaxation varies,0.5,8.326672684688674e-16,RECOVERABLE,0.0,1,False,True,UNDECIDED_GT
n3_s01536_d0,n3,173870901,3,MCAR,False,acyclic,True,8,"['mean', 0]",,RECOVERABLE,formula:direct_full_pattern,,,RECOVERABLE,0.0,1,False,False,True
n3_s01536_d0,n3,173870901,3,MCAR,False,acyclic,True,8,"['mean', 1]",,RECOVERABLE,formula:direct_full_pattern,,,RECOVERABLE,0.0,1,False,False,True
n3_s01563_d0,n3,176570901,3,MNAR_self,True,acyclic,True,8,"['mean', 0]",,RECOVERABLE,formula:anchor_direct,,,RECOVERABLE,0.0,1,False,True,True
n3_s01563_d0,n3,176570901,3,MNAR_self,True,acyclic,True,8,"['mean', 1]",0.8229388464596655,UNDETERMINED_RELAXED_FRAGILE,round2:no model witness; relaxation varies,0.5,9.992007221626409e-15,RECOVERABLE,0.0,1,False,True,UNDECIDED_GT
n3_s01579_d0,n3,178170901,3,MNAR_other,False,acyclic,True,8,"['mean', 0]",,RECOVERABLE,formula:anchor_direct,,,RECOVERABLE,0.0,1,False,True,True
n3_s01579_d0,n3,178170901,3,MNAR_other,False,acyclic,True,8,"['mean', 1]",0.6097367273364042,UNDETERMINED_RELAXED_FRAGILE,round2:no model witness; relaxation varies,0.5,5.329070518200751e-15,RECOVERABLE,0.0,1,False,True,UNDECIDED_GT
n3_s01604_d0,n3,180670901,3,MNAR_self,True,acyclic,True,8,"['mean', 0]",0.2295463081156873,UNDETERMINED_RELAXED_FRAGILE,round2:no model witness; relaxation varies,0.5,1.6681100944992977e-14,RECOVERABLE,0.0,1,False,True,UNDECIDED_GT
n3_s01604_d0,n3,180670901,3,MNAR_self,True,acyclic,True,8,"['mean', 1]",,RECOVERABLE,formula:anchor_direct,,,RECOVERABLE,0.0,1,False,True,True
n3_s01634_d0,n3,183670901,3,MNAR_self,True,acyclic,True,8,"['mean', 0]",0.8122565617058959,UNDETERMINED_RELAXED_FRAGILE,round2:no model witness; relaxation varies,0.5,2.609024107869118e-14,RECOVERABLE,0.0,1,False,True,UNDECIDED_GT
n3_s01634_d0,n3,183670901,3,MNAR_self,True,acyclic,True,8,"['mean', 1]",0.8219437851686802,UNDETERMINED_RELAXED_FRAGILE,round2:no model witness; relaxation varies,0.5,3.1086244689504383e-15,RECOVERABLE,0.0,1,False,True,UNDECIDED_GT
n3_s01669_d0,n3,187170901,3,MNAR_self,True,acyclic,True,8,"['mean', 0]",,RECOVERABLE,formula:anchor_direct,,,RECOVERABLE,0.0,1,False,True,True
n3_s01669_d0,n3,187170901,3,MNAR_self,True,acyclic,True,8,"['mean', 1]",,RECOVERABLE,formula:anchor_direct,,,RECOVERABLE,0.0,1,False,True,True
n3_s01689_d0,n3,189170901,3,MNAR_self,True,acyclic,True,8,"['mean', 0]",,RECOVERABLE,formula:anchor_direct,,,RECOVERABLE,0.0,1,False,True,True
n3_s01689_d0,n3,189170901,3,MNAR_self,True,acyclic,True,8,"['mean', 1]",0.5116909464033944,UNDETERMINED_RELAXED_FRAGILE,round2:no model witness; relaxation varies,0.5,2.298161660974074e-14,RECOVERABLE,0.0,1,False,True,UNDECIDED_GT
n3_s01728_d0,n3,193070901,3,MNAR_self,True,acyclic,True,8,"['mean', 0]",0.3212552717699457,UNDETERMINED_RELAXED_FRAGILE,round2:no model witness; relaxation varies,0.5,3.0031532816110484e-14,RECOVERABLE,0.0,1,False,True,UNDECIDED_GT
n3_s01728_d0,n3,193070901,3,MNAR_self,True,acyclic,True,8,"['mean', 1]",,RECOVERABLE,formula:anchor_direct,,,RECOVERABLE,0.0,1,False,True,True
n3_s01749_d0,n3,195170901,3,MNAR_self,True,acyclic,True,8,"['mean', 0]",0.6150877155975234,UNDETERMINED_RELAXED_FRAGILE,round2:no model witness; relaxation varies,0.5,1.7319479184152442e-14,RECOVERABLE,0.0,1,False,True,UNDECIDED_GT
n3_s01749_d0,n3,195170901,3,MNAR_self,True,acyclic,True,8,"['mean', 1]",0.5112398125249072,UNDETERMINED_RELAXED_FRAGILE,round2:no model witness; relaxation varies,0.5,3.885780586188048e-15,RECOVERABLE,0.0,1,False,True,UNDECIDED_GT
n3_s01788_d0,n3,199070901,3,MNAR_self,True,acyclic,True,8,"['mean', 0]",0.2652385823581531,UNDETERMINED_RELAXED_FRAGILE,round2:no model witness; relaxation varies,0.49999999999999994,2.525757381022231e-14,RECOVERABLE,3.885780586188048e-16,12,False,True,UNDECIDED_GT
n3_s01788_d0,n3,199070901,3,MNAR_self,True,acyclic,True,8,"['mean', 1]",0.5475739763044669,UNDETERMINED_RELAXED_FRAGILE,round2:no model witness; relaxation varies,0.5,1.6586731987899839e-13,RECOVERABLE,1.5543122344752192e-15,12,False,True,UNDECIDED_GT
n3_s01820_d0,n3,202270901,3,MNAR_self,True,acyclic,True,8,"['mean', 0]",0.2707066984387346,UNDETERMINED_RELAXED_FRAGILE,round2:no model witness; relaxation varies,0.5,1.1102230246251565e-16,RECOVERABLE,0.0,1,False,True,UNDECIDED_GT
n3_s01820_d0,n3,202270901,3,MNAR_self,True,acyclic,True,8,"['mean', 1]",0.7919293643454617,UNDETERMINED_RELAXED_FRAGILE,round2:no model witness; relaxation varies,0.5,2.8199664825478976e-14,RECOVERABLE,0.0,1,False,True,UNDECIDED_GT
n3_s01836_d0,n3,203870901,3,MNAR_self,True,acyclic,True,8,"['mean', 0]",0.6002257216912994,UNDETERMINED_RELAXED_FRAGILE,round2:no model witness; relaxation varies,0.5,1.2212453270876722e-15,RECOVERABLE,0.0,1,False,True,UNDECIDED_GT
n3_s01836_d0,n3,203870901,3,MNAR_self,True,acyclic,True,8,"['mean', 1]",0.37821569861359794,UNDETERMINED_RELAXED_FRAGILE,round2:no model witness; relaxation varies,0.5,2.7755575615628914e-16,RECOVERABLE,0.0,1,False,True,UNDECIDED_GT
n3_s01857_d0,n3,205970901,3,MNAR_self,True,acyclic,True,8,"['mean', 0]",0.1980693779531371,UNDETERMINED_RELAXED_FRAGILE,round2:no model witness; relaxation varies,0.5,4.85722573273506e-15,RECOVERABLE,0.0,1,False,True,UNDECIDED_GT
n3_s01857_d0,n3,205970901,3,MNAR_self,True,acyclic,True,8,"['mean', 1]",,RECOVERABLE,formula:anchor_direct,,,RECOVERABLE,0.0,1,False,True,True
n3_s01877_d0,n3,207970901,3,MNAR_self,True,acyclic,True,8,"['mean', 0]",0.8150977695730065,UNDETERMINED_RELAXED_FRAGILE,round2:no model witness; relaxation varies,0.5,4.141131881851834e-14,RECOVERABLE,0.0,1,False,True,UNDECIDED_GT
n3_s01877_d0,n3,207970901,3,MNAR_self,True,acyclic,True,8,"['mean', 1]",0.6167321134650865,UNDETERMINED_RELAXED_FRAGILE,round2:no model witness; relaxation varies,0.5,3.3306690738754696e-16,RECOVERABLE,0.0,1,False,True,UNDECIDED_GT
n3_s01900_d0,n3,210270901,3,MNAR_self,True,acyclic,True,8,"['mean', 0]",0.3596597093845275,UNDETERMINED_RELAXED_FRAGILE,round2:no model witness; relaxation varies,0.5,5.995204332975845e-14,RECOVERABLE,0.0,1,False,True,UNDECIDED_GT
n3_s01900_d0,n3,210270901,3,MNAR_self,True,acyclic,True,8,"['mean', 1]",0.8113203424782309,UNDETERMINED_RELAXED_FRAGILE,round2:no model witness; relaxation varies,0.5,1.4432899320127035e-15,RECOVERABLE,0.0,1,False,True,UNDECIDED_GT
n3_s01916_d0,n3,211870901,3,MNAR_self,True,acyclic,True,8,"['mean', 0]",0.49739318900438423,UNDETERMINED_RELAXED_FRAGILE,round2:no model witness; relaxation varies,0.5,5.440092820663267e-15,RECOVERABLE,3.0531133177191805e-15,12,False,True,UNDECIDED_GT
n3_s01916_d0,n3,211870901,3,MNAR_self,True,acyclic,True,8,"['mean', 1]",0.5097210067818455,UNRECOVERABLE,model_witness(rootjump) dphi=0.1633 dist=1.1e-16,0.5,0.1632931644564628,UNRECOVERABLE,0.23182852294230377,12,False,True,True
n3_s01948_d0,n3,215070901,3,MNAR_self,True,acyclic,True,8,"['mean', 0]",0.3709692130403905,UNDETERMINED_RELAXED_FRAGILE,round2:no model witness; relaxation varies,0.5,3.885780586188048e-16,RECOVERABLE,0.0,1,False,True,UNDECIDED_GT
n3_s01948_d0,n3,215070901,3,MNAR_self,True,acyclic,True,8,"['mean', 1]",0.3070951801792412,UNDETERMINED_RELAXED_FRAGILE,round2:no model witness; relaxation varies,0.5,9.325873406851315e-15,RECOVERABLE,0.0,1,False,True,UNDECIDED_GT
n3_s01968_d0,n3,217070901,3,MNAR_self,True,acyclic,True,8,"['mean', 0]",0.7102776502553174,UNDETERMINED_RELAXED_FRAGILE,round2:no model witness; relaxation varies,0.5,2.220446049250313e-16,RECOVERABLE,0.0,1,False,True,UNDECIDED_GT
n3_s01968_d0,n3,217070901,3,MNAR_self,True,acyclic,True,8,"['mean', 1]",0.6939222606778854,UNDETERMINED_RELAXED_FRAGILE,round2:no model witness; relaxation varies,0.5,2.0872192862952943e-14,RECOVERABLE,0.0,1,False,True,UNDECIDED_GT
n3_s01990_d0,n3,219270901,3,MNAR_self,True,acyclic,True,8,"['mean', 0]",0.25642057808596735,UNRECOVERABLE,model_witness(rootjump) dphi=0.2442 dist=2.2e-16,0.5,0.24418028191841107,UNRECOVERABLE,0.2370184454817194,12,False,True,True
n3_s01990_d0,n3,219270901,3,MNAR_self,True,acyclic,True,8,"['mean', 1]",,RECOVERABLE,formula:anchor_direct,,,RECOVERABLE,1.6653345369377348e-16,12,False,True,True
n3_s02017_d0,n3,221970901,3,MNAR_self,True,acyclic,True,8,"['mean', 0]",0.640635309055747,UNDETERMINED_RELAXED_FRAGILE,round2:no model witness; relaxation varies,0.5000000000000001,6.827871601444713e-14,RECOVERABLE,0.0,1,False,True,UNDECIDED_GT
n3_s02017_d0,n3,221970901,3,MNAR_self,True,acyclic,True,8,"['mean', 1]",0.3879046806359405,UNDETERMINED_RELAXED_FRAGILE,round2:no model witness; relaxation varies,0.5,1.2212453270876722e-15,RECOVERABLE,0.0,1,False,True,UNDECIDED_GT
n3_s02050_d0,n3,225270901,3,MNAR_other,False,acyclic,True,8,"['mean', 0]",,RECOVERABLE,formula:anchor_direct,,,RECOVERABLE,0.0,1,False,True,True
n3_s02050_d0,n3,225270901,3,MNAR_other,False,acyclic,True,8,"['mean', 1]",,RECOVERABLE,formula:anchor_direct,,,RECOVERABLE,0.0,1,False,True,True
n3_s02075_d0,n3,227770901,3,MNAR_self,True,acyclic,True,8,"['mean', 0]",,RECOVERABLE,formula:anchor_direct,,,RECOVERABLE,0.0,1,False,True,True
n3_s02075_d0,n3,227770901,3,MNAR_self,True,acyclic,True,8,"['mean', 1]",0.2493989139046275,UNDETERMINED_RELAXED_FRAGILE,round2:no model witness; relaxation varies,0.5,1.6245338407827603e-13,RECOVERABLE,0.0,1,False,True,UNDECIDED_GT
n3_s02096_d0,n3,229870901,3,MNAR_self,True,acyclic,True,8,"['mean', 0]",,RECOVERABLE,formula:anchor_direct,,,RECOVERABLE,0.0,1,False,True,True
n3_s02096_d0,n3,229870901,3,MNAR_self,True,acyclic,True,8,"['mean', 1]",0.7777401189688367,UNDETERMINED_RELAXED_FRAGILE,round2:no model witness; relaxation varies,0.5,6.623590564913684e-13,RECOVERABLE,0.0,1,False,True,UNDECIDED_GT
n3_s02118_d0,n3,232070901,3,MNAR_self,True,acyclic,True,8,"['mean', 0]",0.15000332619786763,UNDETERMINED_RELAXED_FRAGILE,round2:no model witness; relaxation varies,0.5,3.672062653947705e-14,RECOVERABLE,3.039235529911366e-14,12,False,True,UNDECIDED_GT
n3_s02118_d0,n3,232070901,3,MNAR_self,True,acyclic,True,8,"['mean', 1]",,RECOVERABLE,formula:anchor_direct,,,RECOVERABLE,3.0531133177191805e-15,12,False,True,True
n3_s02151_d0,n3,235370901,3,MNAR_self,True,acyclic,True,8,"['mean', 0]",0.3139646805405755,UNDETERMINED_RELAXED_FRAGILE,round2:no model witness; relaxation varies,0.5,1.887379141862766e-15,RECOVERABLE,0.0,1,False,True,UNDECIDED_GT
n3_s02151_d0,n3,235370901,3,MNAR_self,True,acyclic,True,8,"['mean', 1]",,RECOVERABLE,formula:anchor_direct,,,RECOVERABLE,0.0,1,False,True,True
n3_s02177_d0,n3,237970901,3,MNAR_other,False,acyclic,True,8,"['mean', 0]",0.5065863613218744,UNDETERMINED_RELAXED_FRAGILE,round2:no model witness; relaxation varies,0.5,2.220446049250313e-16,RECOVERABLE,0.0,1,False,True,UNDECIDED_GT
n3_s02177_d0,n3,237970901,3,MNAR_other,False,acyclic,True,8,"['mean', 1]",,RECOVERABLE,formula:anchor_direct,,,RECOVERABLE,0.0,1,False,True,True
n3_s02215_d0,n3,241770901,3,MNAR_self,True,acyclic,True,8,"['mean', 0]",0.7201714206726108,UNDETERMINED_RELAXED_FRAGILE,round2:no model witness; relaxation varies,0.5,6.328271240363392e-15,RECOVERABLE,0.0,1,False,True,UNDECIDED_GT
n3_s02215_d0,n3,241770901,3,MNAR_self,True,acyclic,True,8,"['mean', 1]",,RECOVERABLE,formula:anchor_direct,,,RECOVERABLE,0.0,1,False,True,True
n3_s02234_d0,n3,243670901,3,MNAR_self,True,acyclic,True,8,"['mean', 0]",0.6733409892668577,UNDETERMINED_RELAXED_FRAGILE,round2:no model witness; relaxation varies,0.5,5.662137425588298e-15,RECOVERABLE,0.0,1,False,True,UNDECIDED_GT
n3_s02234_d0,n3,243670901,3,MNAR_self,True,acyclic,True,8,"['mean', 1]",0.5253251765225038,UNDETERMINED_RELAXED_FRAGILE,round2:no model witness; relaxation varies,0.5,1.2212453270876722e-13,RECOVERABLE,0.0,1,False,True,UNDECIDED_GT
n3_s02261_d0,n3,246370901,3,MNAR_self,True,acyclic,True,8,"['mean', 0]",0.706378107844956,UNDETERMINED_RELAXED_FRAGILE,round2:no model witness; relaxation varies,0.5,3.852473895449293e-14,RECOVERABLE,2.4424906541753444e-15,12,False,True,UNDECIDED_GT
n3_s02261_d0,n3,246370901,3,MNAR_self,True,acyclic,True,8,"['mean', 1]",0.2787997681176895,UNDETERMINED_RELAXED_FRAGILE,round2:no model witness; relaxation varies,0.5,2.3869795029440866e-15,RECOVERABLE,3.885780586188048e-16,12,False,True,UNDECIDED_GT
n3_s02292_d0,n3,249470901,3,MNAR_self,True,acyclic,True,8,"['mean', 0]",0.19198898560231933,UNRECOVERABLE,model_witness(rootjump) dphi=0.2200 dist=2.2e-16,0.5,0.21998977561295827,UNRECOVERABLE,0.3192295510712326,12,False,True,True
n3_s02292_d0,n3,249470901,3,MNAR_self,True,acyclic,True,8,"['mean', 1]",0.5655647369594482,UNDETERMINED_RELAXED_FRAGILE,round2:no model witness; relaxation varies,0.5,2.6645352591003757e-15,RECOVERABLE,1.1102230246251565e-16,12,False,True,UNDECIDED_GT
n3_s02310_d0,n3,251270901,3,MNAR_self,True,acyclic,True,8,"['mean', 0]",,RECOVERABLE,formula:anchor_direct,,,RECOVERABLE,0.0,1,False,True,True
n3_s02310_d0,n3,251270901,3,MNAR_self,True,acyclic,True,8,"['mean', 1]",,RECOVERABLE,formula:anchor_direct,,,RECOVERABLE,0.0,1,False,True,True
n3_s02339_d0,n3,254170901,3,MNAR_other,False,acyclic,True,8,"['mean', 0]",,RECOVERABLE,formula:anchor_direct,,,RECOVERABLE,0.0,1,False,True,True
n3_s02339_d0,n3,254170901,3,MNAR_other,False,acyclic,True,8,"['mean', 1]",,RECOVERABLE,formula:anchor_direct,,,RECOVERABLE,0.0,1,False,True,True
n3_s02369_d0,n3,257170901,3,MNAR_self,True,acyclic,True,8,"['mean', 0]",0.3959794111430766,UNDETERMINED_RELAXED_FRAGILE,round2:no model witness; relaxation varies,0.5,1.3483658634072526e-13,RECOVERABLE,0.0,1,False,True,UNDECIDED_GT
n3_s02369_d0,n3,257170901,3,MNAR_self,True,acyclic,True,8,"['mean', 1]",,RECOVERABLE,formula:anchor_direct,,,RECOVERABLE,0.0,1,False,True,True
n3_s02391_d0,n3,259370901,3,MNAR_self,True,acyclic,True,8,"['mean', 0]",0.5269760810744404,UNDETERMINED_RELAXED_FRAGILE,round2:no model witness; relaxation varies,0.5,6.661338147750939e-16,RECOVERABLE,0.0,1,False,True,UNDECIDED_GT
n3_s02391_d0,n3,259370901,3,MNAR_self,True,acyclic,True,8,"['mean', 1]",0.5832767349059326,UNDETERMINED_RELAXED_FRAGILE,round2:no model witness; relaxation varies,0.5,3.3306690738754696e-16,RECOVERABLE,0.0,1,False,True,UNDECIDED_GT
n3_s02413_d0,n3,261570901,3,MNAR_self,True,acyclic,True,8,"['mean', 0]",0.37426324635544594,UNDETERMINED_RELAXED_FRAGILE,round2:no model witness; relaxation varies,0.5,2.275957200481571e-15,RECOVERABLE,0.0,1,False,True,UNDECIDED_GT
n3_s02413_d0,n3,261570901,3,MNAR_self,True,acyclic,True,8,"['mean', 1]",0.4226274986290902,UNDETERMINED_RELAXED_FRAGILE,round2:no model witness; relaxation varies,0.5,2.220446049250313e-16,RECOVERABLE,0.0,1,False,True,UNDECIDED_GT
n3_s02440_d0,n3,264270901,3,MNAR_other,False,acyclic,True,8,"['mean', 0]",0.5873143868552615,UNDETERMINED_RELAXED_FRAGILE,round2:no model witness; relaxation varies,0.5,2.220446049250313e-16,RECOVERABLE,0.0,1,False,True,UNDECIDED_GT
n3_s02440_d0,n3,264270901,3,MNAR_other,False,acyclic,True,8,"['mean', 1]",0.3369831908074566,UNDETERMINED_RELAXED_FRAGILE,round2:no model witness; relaxation varies,0.5,8.326672684688674e-16,RECOVERABLE,0.0,1,False,True,UNDECIDED_GT
n3_s02452_d0,n3,265470901,3,MNAR_self,True,acyclic,True,8,"['mean', 0]",0.45399253402248485,UNDETERMINED_RELAXED_FRAGILE,round2:no model witness; relaxation varies,0.5,1.6653345369377348e-16,RECOVERABLE,0.0,1,False,True,UNDECIDED_GT
n3_s02452_d0,n3,265470901,3,MNAR_self,True,acyclic,True,8,"['mean', 1]",0.4648952542767534,UNDETERMINED_RELAXED_FRAGILE,round2:no model witness; relaxation varies,0.5,3.885780586188048e-16,RECOVERABLE,0.0,1,False,True,UNDECIDED_GT
n3_s02481_d0,n3,268370901,3,MNAR_self,True,acyclic,True,8,"['mean', 0]",0.6284382566585733,UNDETERMINED_RELAXED_FRAGILE,round2:no model witness; relaxation varies,0.5,3.3306690738754696e-16,RECOVERABLE,0.0,1,False,True,UNDECIDED_GT
n3_s02481_d0,n3,268370901,3,MNAR_self,True,acyclic,True,8,"['mean', 1]",0.6582706117743992,UNDETERMINED_RELAXED_FRAGILE,round2:no model witness; relaxation varies,0.5,8.326672684688674e-15,RECOVERABLE,0.0,1,False,True,UNDECIDED_GT
n3_s02510_d0,n3,271270901,3,MNAR_self,True,acyclic,True,8,"['mean', 0]",0.3950013958332854,UNDETERMINED_RELAXED_FRAGILE,round2:no model witness; relaxation varies,0.5,5.2735593669694936e-15,RECOVERABLE,0.0,1,False,True,UNDECIDED_GT
n3_s02510_d0,n3,271270901,3,MNAR_self,True,acyclic,True,8,"['mean', 1]",0.4587530974438596,UNDETERMINED_RELAXED_FRAGILE,round2:no model witness; relaxation varies,0.5,1.454392162258955e-14,RECOVERABLE,0.0,1,False,True,UNDECIDED_GT
n3_s02529_d0,n3,273170901,3,MNAR_self,True,acyclic,True,8,"['mean', 0]",0.3017630250307312,UNDETERMINED_RELAXED_FRAGILE,round2:no model witness; relaxation varies,0.5,7.388534228880417e-14,RECOVERABLE,0.0,1,False,True,UNDECIDED_GT
n3_s02529_d0,n3,273170901,3,MNAR_self,True,acyclic,True,8,"['mean', 1]",,RECOVERABLE,formula:anchor_direct,,,RECOVERABLE,0.0,1,False,True,True
n3_s02550_d0,n3,275270901,3,MNAR_self,True,acyclic,True,8,"['mean', 0]",0.4488444400348206,UNRECOVERABLE,model_witness(rootjump) dphi=0.2031 dist=1.1e-16,0.5,0.20313566365819086,UNRECOVERABLE,0.21637082714469535,12,False,True,True
n3_s02550_d0,n3,275270901,3,MNAR_self,True,acyclic,True,8,"['mean', 1]",0.5860156530497455,UNDETERMINED_RELAXED_FRAGILE,round2:no model witness; relaxation varies,0.5,9.658940314238862e-15,RECOVERABLE,1.1102230246251565e-15,12,False,True,UNDECIDED_GT
n3_s02573_d0,n3,277570901,3,MNAR_self,True,acyclic,True,8,"['mean', 0]",,RECOVERABLE,formula:anchor_direct,,,RECOVERABLE,2.220446049250313e-16,12,False,True,True
n3_s02573_d0,n3,277570901,3,MNAR_self,True,acyclic,True,8,"['mean', 1]",0.33648494470293566,UNDETERMINED_RELAXED_FRAGILE,round2:no model witness; relaxation varies,0.5,4.996003610813204e-16,RECOVERABLE,1.1102230246251565e-16,12,False,True,UNDECIDED_GT
n3_s02588_d0,n3,279070901,3,MNAR_self,True,acyclic,True,8,"['mean', 0]",,RECOVERABLE,formula:anchor_direct,,,RECOVERABLE,1.2212453270876722e-15,12,False,True,True
n3_s02588_d0,n3,279070901,3,MNAR_self,True,acyclic,True,8,"['mean', 1]",0.2740254104599286,UNRECOVERABLE,model_witness(rootjump) dphi=0.3032 dist=2.2e-16,0.5,0.30319435385453425,UNRECOVERABLE,0.37790917416885866,12,False,True,True
n3_s02616_d0,n3,281870901,3,MNAR_self,True,acyclic,True,8,"['mean', 0]",,RECOVERABLE,formula:anchor_direct,,,RECOVERABLE,7.771561172376096e-16,12,False,True,True
n3_s02616_d0,n3,281870901,3,MNAR_self,True,acyclic,True,8,"['mean', 1]",0.5233768576426164,UNRECOVERABLE,model_witness(rootjump) dphi=0.1875 dist=2.2e-16,0.5,0.18751537267009527,UNRECOVERABLE,0.2369617052870655,12,False,True,True
n3_s02638_d0,n3,284070901,3,MNAR_self,True,acyclic,True,8,"['mean', 0]",0.29878166717749494,UNDETERMINED_RELAXED_FRAGILE,round2:no model witness; relaxation varies,0.5,2.3869795029440866e-15,RECOVERABLE,0.0,1,False,True,UNDECIDED_GT
n3_s02638_d0,n3,284070901,3,MNAR_self,True,acyclic,True,8,"['mean', 1]",0.45457414824253006,UNDETERMINED_RELAXED_FRAGILE,round2:no model witness; relaxation varies,0.5,3.885780586188048e-16,RECOVERABLE,0.0,1,False,True,UNDECIDED_GT
n3_s02673_d0,n3,287570901,3,MNAR_self,True,acyclic,True,8,"['mean', 0]",0.8369060101397497,UNDETERMINED_RELAXED_FRAGILE,round2:no model witness; relaxation varies,0.5000000000000001,2.220446049250313e-16,RECOVERABLE,0.0,1,False,True,UNDECIDED_GT
n3_s02673_d0,n3,287570901,3,MNAR_self,True,acyclic,True,8,"['mean', 1]",0.2965506576812295,UNDETERMINED_RELAXED_FRAGILE,round2:no model witness; relaxation varies,0.5,1.6653345369377348e-15,RECOVERABLE,0.0,1,False,True,UNDECIDED_GT
n3_s02708_d0,n3,291070901,3,MNAR_self,True,acyclic,True,8,"['mean', 0]",0.669131853232645,UNDETERMINED_RELAXED_FRAGILE,round2:no model witness; relaxation varies,0.5,2.0872192862952943e-14,RECOVERABLE,0.0,1,False,True,UNDECIDED_GT
n3_s02708_d0,n3,291070901,3,MNAR_self,True,acyclic,True,8,"['mean', 1]",0.5261986415081302,UNDETERMINED_RELAXED_FRAGILE,round2:no model witness; relaxation varies,0.5,2.7755575615628914e-15,RECOVERABLE,0.0,1,False,True,UNDECIDED_GT
n3_s02727_d0,n3,292970901,3,MNAR_self,True,acyclic,True,8,"['mean', 0]",0.663374505008658,UNDETERMINED_RELAXED_FRAGILE,round2:no model witness; relaxation varies,0.5000000000000001,2.220446049250313e-16,RECOVERABLE,0.0,1,False,True,UNDECIDED_GT
n3_s02727_d0,n3,292970901,3,MNAR_self,True,acyclic,True,8,"['mean', 1]",0.34011156456371316,UNDETERMINED_RELAXED_FRAGILE,round2:no model witness; relaxation varies,0.5,1.3322676295501878e-15,RECOVERABLE,0.0,1,False,True,UNDECIDED_GT
n3_s02755_d0,n3,295770901,3,MNAR_self,True,acyclic,True,8,"['mean', 0]",0.6173364751998174,UNDETERMINED_RELAXED_FRAGILE,round2:no model witness; relaxation varies,0.5,4.884981308350689e-15,RECOVERABLE,0.0,1,False,True,UNDECIDED_GT
n3_s02755_d0,n3,295770901,3,MNAR_self,True,acyclic,True,8,"['mean', 1]",,RECOVERABLE,formula:anchor_direct,,,RECOVERABLE,0.0,1,False,True,True
n3_s02775_d0,n3,297770901,3,MNAR_self,True,acyclic,True,8,"['mean', 0]",0.5411515848119953,UNDETERMINED_RELAXED_FRAGILE,round2:no model witness; relaxation varies,0.5,2.468913962161423e-12,RECOVERABLE,4.551914400963142e-15,12,False,True,UNDECIDED_GT
n3_s02775_d0,n3,297770901,3,MNAR_self,True,acyclic,True,8,"['mean', 1]",0.4923348303909575,UNDETERMINED_RELAXED_FRAGILE,round2:no model witness; relaxation varies,0.5,2.786659791809143e-14,RECOVERABLE,5.551115123125783e-16,12,False,True,UNDECIDED_GT
n3_s02792_d0,n3,299470901,3,MNAR_self,True,acyclic,True,8,"['mean', 0]",0.522300732540984,UNDETERMINED_RELAXED_FRAGILE,round2:no model witness; relaxation varies,0.5,4.218847493575595e-15,RECOVERABLE,0.0,1,False,True,UNDECIDED_GT
n3_s02792_d0,n3,299470901,3,MNAR_self,True,acyclic,True,8,"['mean', 1]",0.5111214486802471,UNDETERMINED_RELAXED_FRAGILE,round2:no model witness; relaxation varies,0.5,3.3306690738754696e-15,RECOVERABLE,0.0,1,False,True,UNDECIDED_GT
n3_s02814_d0,n3,301670901,3,MNAR_self,True,acyclic,True,8,"['mean', 0]",0.8499028023344664,UNDETERMINED_RELAXED_FRAGILE,round2:no model witness; relaxation varies,0.5,2.808864252301646e-14,RECOVERABLE,0.0,1,False,True,UNDECIDED_GT
n3_s02814_d0,n3,301670901,3,MNAR_self,True,acyclic,True,8,"['mean', 1]",0.21501999323646886,UNDETERMINED_RELAXED_FRAGILE,round2:no model witness; relaxation varies,0.5,1.687538997430238e-14,RECOVERABLE,0.0,1,False,True,UNDECIDED_GT
n3_s02834_d0,n3,303670901,3,MNAR_self,True,acyclic,True,8,"['mean', 0]",0.5450860895669695,UNDETERMINED_RELAXED_FRAGILE,round2:no model witness; relaxation varies,0.5,2.220446049250313e-16,RECOVERABLE,0.0,1,False,True,UNDECIDED_GT
n3_s02834_d0,n3,303670901,3,MNAR_self,True,acyclic,True,8,"['mean', 1]",0.5991033257767815,UNDETERMINED_RELAXED_FRAGILE,round2:no model witness; relaxation varies,0.5,4.218847493575595e-15,RECOVERABLE,0.0,1,False,True,UNDECIDED_GT
n3_s02867_d0,n3,306970901,3,MNAR_self,True,acyclic,True,8,"['mean', 0]",0.7083421283351663,UNDETERMINED_RELAXED_FRAGILE,round2:no model witness; relaxation varies,0.49999999999999994,8.881784197001252e-16,RECOVERABLE,0.0,1,False,True,UNDECIDED_GT
n3_s02867_d0,n3,306970901,3,MNAR_self,True,acyclic,True,8,"['mean', 1]",0.30632861885722673,UNDETERMINED_RELAXED_FRAGILE,round2:no model witness; relaxation varies,0.5,2.5923707624997405e-14,RECOVERABLE,0.0,1,False,True,UNDECIDED_GT
n3_s02884_d0,n3,308670901,3,MNAR_self,True,acyclic,True,8,"['mean', 0]",0.7983772892898258,UNDETERMINED_RELAXED_FRAGILE,round2:no model witness; relaxation varies,0.4999999999999999,1.3322676295501878e-15,RECOVERABLE,0.0,1,False,True,UNDECIDED_GT
n3_s02884_d0,n3,308670901,3,MNAR_self,True,acyclic,True,8,"['mean', 1]",,RECOVERABLE,formula:anchor_direct,,,RECOVERABLE,0.0,1,False,True,True
n3_s02897_d0,n3,309970901,3,MNAR_self,True,acyclic,True,8,"['mean', 0]",0.48040331076463394,UNDETERMINED_RELAXED_FRAGILE,round2:no model witness; relaxation varies,0.5,5.440092820663267e-15,RECOVERABLE,0.0,1,False,True,UNDECIDED_GT
n3_s02897_d0,n3,309970901,3,MNAR_self,True,acyclic,True,8,"['mean', 1]",0.4272536764876409,UNDETERMINED_RELAXED_FRAGILE,round2:no model witness; relaxation varies,0.5,2.3869795029440866e-15,RECOVERABLE,0.0,1,False,True,UNDECIDED_GT
n3_s02925_d0,n3,312770901,3,MNAR_self,True,acyclic,True,8,"['mean', 0]",0.8195666875377403,UNDETERMINED_RELAXED_FRAGILE,round2:no model witness; relaxation varies,0.5,1.3988810110276972e-14,RECOVERABLE,0.0,1,False,True,UNDECIDED_GT
n3_s02925_d0,n3,312770901,3,MNAR_self,True,acyclic,True,8,"['mean', 1]",0.28124933446294076,UNDETERMINED_RELAXED_FRAGILE,round2:no model witness; relaxation varies,0.5,4.996003610813204e-16,RECOVERABLE,0.0,1,False,True,UNDECIDED_GT
n3_s02963_d0,n3,316570901,3,MNAR_self,True,acyclic,True,8,"['mean', 0]",0.7932168536244555,UNDETERMINED_RELAXED_FRAGILE,round2:no model witness; relaxation varies,0.5,4.440892098500626e-16,RECOVERABLE,0.0,1,False,True,UNDECIDED_GT
n3_s02963_d0,n3,316570901,3,MNAR_self,True,acyclic,True,8,"['mean', 1]",0.5059098558282277,UNDETERMINED_RELAXED_FRAGILE,round2:no model witness; relaxation varies,0.5,3.608224830031759e-14,RECOVERABLE,0.0,1,False,True,UNDECIDED_GT
n3_s02981_d0,n3,318370901,3,MNAR_self,True,acyclic,True,8,"['mean', 0]",0.6461306956040446,UNDETERMINED_RELAXED_FRAGILE,round2:no model witness; relaxation varies,0.5,3.3306690738754696e-16,RECOVERABLE,0.0,1,False,True,UNDECIDED_GT
n3_s02981_d0,n3,318370901,3,MNAR_self,True,acyclic,True,8,"['mean', 1]",0.3509901238386446,UNDETERMINED_RELAXED_FRAGILE,round2:no model witness; relaxation varies,0.5,1.6653345369377348e-16,RECOVERABLE,0.0,1,False,True,UNDECIDED_GT
n3_s03010_d0,n3,321270901,3,MNAR_self,True,acyclic,True,8,"['mean', 0]",0.5250492167739208,UNRECOVERABLE,model_witness(rootjump) dphi=0.1874 dist=1.7e-16,0.4999999999999999,0.18743173455901746,UNRECOVERABLE,0.20993748849071414,12,False,True,True
n3_s03010_d0,n3,321270901,3,MNAR_self,True,acyclic,True,8,"['mean', 1]",,RECOVERABLE,formula:anchor_direct,,,RECOVERABLE,4.440892098500626e-16,12,False,True,True
n3_s03029_d0,n3,323170901,3,MNAR_self,True,acyclic,True,8,"['mean', 0]",0.5161679414162992,UNDETERMINED_RELAXED_FRAGILE,round2:no model witness; relaxation varies,0.5,1.780886549340721e-11,RECOVERABLE,0.0,1,False,True,UNDECIDED_GT
n3_s03029_d0,n3,323170901,3,MNAR_self,True,acyclic,True,8,"['mean', 1]",0.1553206707543977,UNDETERMINED_RELAXED_FRAGILE,round2:no model witness; relaxation varies,0.5,3.533284775869561e-14,RECOVERABLE,0.0,1,False,True,UNDECIDED_GT
n3_s03062_d0,n3,326470901,3,MNAR_self,True,acyclic,True,8,"['mean', 0]",0.3164879836566121,UNRECOVERABLE,model_witness(rootjump) dphi=0.1403 dist=2.2e-16,0.5000000000000001,0.14034391661048345,UNRECOVERABLE,0.18893655040205382,12,False,True,True
n3_s03062_d0,n3,326470901,3,MNAR_self,True,acyclic,True,8,"['mean', 1]",0.3777435142217603,UNDETERMINED_RELAXED_FRAGILE,round2:no model witness; relaxation varies,0.5,7.993605777301127e-15,RECOVERABLE,4.440892098500626e-16,12,False,True,UNDECIDED_GT
n3_s03088_d0,n3,329070901,3,MNAR_self,True,acyclic,True,8,"['mean', 0]",,RECOVERABLE,formula:anchor_direct,,,RECOVERABLE,0.0,1,False,True,True
n3_s03088_d0,n3,329070901,3,MNAR_self,True,acyclic,True,8,"['mean', 1]",0.6955389647983405,UNDETERMINED_RELAXED_FRAGILE,round2:no model witness; relaxation varies,0.5,3.3306690738754696e-15,RECOVERABLE,0.0,1,False,True,UNDECIDED_GT
n3_s03109_d0,n3,331170901,3,MNAR_self,True,acyclic,True,8,"['mean', 0]",,RECOVERABLE,formula:anchor_direct,,,RECOVERABLE,0.0,1,False,True,True
n3_s03109_d0,n3,331170901,3,MNAR_self,True,acyclic,True,8,"['mean', 1]",0.45502282578346165,UNDETERMINED_RELAXED_FRAGILE,round2:no model witness; relaxation varies,0.5,2.0539125955565396e-15,RECOVERABLE,0.0,1,False,True,UNDECIDED_GT
n3_s03143_d0,n3,334570901,3,MNAR_self,True,acyclic,True,8,"['mean', 0]",0.16443126875586694,UNDETERMINED_RELAXED_FRAGILE,round2:no model witness; relaxation varies,0.5,7.543965452327939e-14,RECOVERABLE,5.828670879282072e-16,12,False,True,UNDECIDED_GT
n3_s03143_d0,n3,334570901,3,MNAR_self,True,acyclic,True,8,"['mean', 1]",,RECOVERABLE,formula:anchor_direct,,,RECOVERABLE,1.6653345369377348e-16,12,False,True,True
n3_s03158_d0,n3,336070901,3,MNAR_self,True,acyclic,True,8,"['mean', 0]",0.40923274308026714,UNDETERMINED_RELAXED_FRAGILE,round2:no model witness; relaxation varies,0.5,6.439293542825908e-15,RECOVERABLE,2.7755575615628914e-16,12,False,True,UNDECIDED_GT
n3_s03158_d0,n3,336070901,3,MNAR_self,True,acyclic,True,8,"['mean', 1]",0.6457132725225972,UNDETERMINED_RELAXED_FRAGILE,round2:no model witness; relaxation varies,0.5,5.88418203051333e-15,RECOVERABLE,2.220446049250313e-16,12,False,True,UNDECIDED_GT
n3_s03178_d0,n3,338070901,3,MNAR_self,True,acyclic,True,8,"['mean', 0]",0.7863364786672706,UNDETERMINED_RELAXED_FRAGILE,round2:no model witness; relaxation varies,0.5,1.8984813721090177e-14,RECOVERABLE,0.0,1,False,True,UNDECIDED_GT
n3_s03178_d0,n3,338070901,3,MNAR_self,True,acyclic,True,8,"['mean', 1]",0.2628473573896412,UNDETERMINED_RELAXED_FRAGILE,round2:no model witness; relaxation varies,0.5,8.881784197001252e-16,RECOVERABLE,0.0,1,False,True,UNDECIDED_GT
n3_s03199_d0,n3,340170901,3,MNAR_self,True,acyclic,True,8,"['mean', 0]",0.2956383213904732,UNDETERMINED_RELAXED_FRAGILE,round2:no model witness; relaxation varies,0.5,6.938893903907228e-15,RECOVERABLE,3.3306690738754696e-16,12,False,True,UNDECIDED_GT
n3_s03199_d0,n3,340170901,3,MNAR_self,True,acyclic,True,8,"['mean', 1]",0.5716175341756097,UNRECOVERABLE,model_witness(rootjump) dphi=0.1450 dist=1.1e-16,0.5,0.14499054536229172,UNRECOVERABLE,0.13444143242690093,12,False,True,True
n3_s03220_d0,n3,342270901,3,MNAR_self,True,acyclic,True,8,"['mean', 0]",0.5454725289099309,UNDETERMINED_RELAXED_FRAGILE,round2:no model witness; relaxation varies,0.5,2.220446049250313e-16,RECOVERABLE,0.0,1,False,True,UNDECIDED_GT
n3_s03220_d0,n3,342270901,3,MNAR_self,True,acyclic,True,8,"['mean', 1]",0.22963674654414812,UNDETERMINED_RELAXED_FRAGILE,round2:no model witness; relaxation varies,0.5,2.7200464103316335e-15,RECOVERABLE,0.0,1,False,True,UNDECIDED_GT
n3_s03236_d0,n3,343870901,3,MNAR_self,True,acyclic,True,8,"['mean', 0]",0.15671451180290555,UNDETERMINED_RELAXED_FRAGILE,round2:no model witness; relaxation varies,0.5,2.220446049250313e-16,RECOVERABLE,0.0,1,False,True,UNDECIDED_GT
n3_s03236_d0,n3,343870901,3,MNAR_self,True,acyclic,True,8,"['mean', 1]",0.3763692614420848,UNDETERMINED_RELAXED_FRAGILE,round2:no model witness; relaxation varies,0.5,1.4432899320127035e-15,RECOVERABLE,0.0,1,False,True,UNDECIDED_GT
n3_s03265_d0,n3,346770901,3,MNAR_self,True,acyclic,True,8,"['mean', 0]",0.23935922744872482,UNDETERMINED_RELAXED_FRAGILE,round2:no model witness; relaxation varies,0.49999999999999994,7.577272143066693e-15,RECOVERABLE,0.0,1,False,True,UNDECIDED_GT
n3_s03265_d0,n3,346770901,3,MNAR_self,True,acyclic,True,8,"['mean', 1]",,RECOVERABLE,formula:anchor_direct,,,RECOVERABLE,0.0,1,False,True,True
n3_s03288_d0,n3,349070901,3,MNAR_self,True,acyclic,True,8,"['mean', 0]",0.6024518212848639,UNDETERMINED_RELAXED_FRAGILE,round2:no model witness; relaxation varies,0.5,4.113376306236205e-13,RECOVERABLE,0.0,1,False,True,UNDECIDED_GT
n3_s03288_d0,n3,349070901,3,MNAR_self,True,acyclic,True,8,"['mean', 1]",0.5871395099587738,UNDETERMINED_RELAXED_FRAGILE,round2:no model witness; relaxation varies,0.5,9.992007221626409e-16,RECOVERABLE,0.0,1,False,True,UNDECIDED_GT
n3_s03310_d0,n3,351270901,3,MNAR_self,True,acyclic,True,8,"['mean', 0]",0.3927182844466489,UNDETERMINED_RELAXED_FRAGILE,round2:no model witness; relaxation varies,0.5,1.637578961322106e-14,RECOVERABLE,0.0,1,False,True,UNDECIDED_GT
n3_s03310_d0,n3,351270901,3,MNAR_self,True,acyclic,True,8,"['mean', 1]",0.47509796148906047,UNDETERMINED_RELAXED_FRAGILE,round2:no model witness; relaxation varies,0.5,1.9817480989559044e-14,RECOVERABLE,0.0,1,False,True,UNDECIDED_GT
n3_s03336_d0,n3,353870901,3,MNAR_other,False,acyclic,True,8,"['mean', 0]",0.6143423453568331,UNDETERMINED_RELAXED_FRAGILE,round2:no model witness; relaxation varies,0.4999999999999999,5.551115123125783e-16,RECOVERABLE,0.0,1,False,True,UNDECIDED_GT
n3_s03336_d0,n3,353870901,3,MNAR_other,False,acyclic,True,8,"['mean', 1]",0.3205196727535053,UNDETERMINED_RELAXED_FRAGILE,round2:no model witness; relaxation varies,0.5,1.7763568394002505e-15,RECOVERABLE,0.0,1,False,True,UNDECIDED_GT
n3_s03356_d0,n3,355870901,3,MNAR_self,True,acyclic,True,8,"['mean', 0]",0.5218283770511508,UNDETERMINED_RELAXED_FRAGILE,round2:no model witness; relaxation varies,0.5,1.1102230246251565e-16,RECOVERABLE,0.0,1,False,True,UNDECIDED_GT
n3_s03356_d0,n3,355870901,3,MNAR_self,True,acyclic,True,8,"['mean', 1]",0.32131920454323637,UNDETERMINED_RELAXED_FRAGILE,round2:no model witness; relaxation varies,0.5,1.3322676295501878e-15,RECOVERABLE,0.0,1,False,True,UNDECIDED_GT
n3_s03373_d0,n3,357570901,3,MNAR_self,True,acyclic,True,8,"['mean', 0]",0.5364863243705214,UNDETERMINED_RELAXED_FRAGILE,round2:no model witness; relaxation varies,0.5,5.551115123125783e-16,RECOVERABLE,0.0,1,False,True,UNDECIDED_GT
n3_s03373_d0,n3,357570901,3,MNAR_self,True,acyclic,True,8,"['mean', 1]",0.4719323773422603,UNDETERMINED_RELAXED_FRAGILE,round2:no model witness; relaxation varies,0.5,1.609823385706477e-15,RECOVERABLE,0.0,1,False,True,UNDECIDED_GT
n3_s03397_d0,n3,359970901,3,MNAR_self,True,acyclic,True,8,"['mean', 0]",0.4361728151948442,UNDETERMINED_RELAXED_FRAGILE,round2:no model witness; relaxation varies,0.5,6.106226635438361e-15,RECOVERABLE,0.0,1,False,True,UNDECIDED_GT
n3_s03397_d0,n3,359970901,3,MNAR_self,True,acyclic,True,8,"['mean', 1]",,RECOVERABLE,formula:anchor_direct,,,RECOVERABLE,0.0,1,False,True,True
n3_s03417_d0,n3,361970901,3,MNAR_self,True,acyclic,True,8,"['mean', 0]",0.4608573331971658,UNDETERMINED_RELAXED_FRAGILE,round2:no model witness; relaxation varies,0.5,3.574918139293004e-14,RECOVERABLE,0.0,1,False,True,UNDECIDED_GT
n3_s03417_d0,n3,361970901,3,MNAR_self,True,acyclic,True,8,"['mean', 1]",0.5547748437949938,UNDETERMINED_RELAXED_FRAGILE,round2:no model witness; relaxation varies,0.5,4.107825191113079e-15,RECOVERABLE,0.0,1,False,True,UNDECIDED_GT
n3_s03437_d0,n3,363970901,3,MNAR_self,True,acyclic,True,8,"['mean', 0]",0.6470366897339045,UNDETERMINED_RELAXED_FRAGILE,round2:no model witness; relaxation varies,0.5,2.2093438190040615e-14,RECOVERABLE,0.0,1,False,True,UNDECIDED_GT
n3_s03437_d0,n3,363970901,3,MNAR_self,True,acyclic,True,8,"['mean', 1]",0.6590647141895916,UNDETERMINED_RELAXED_FRAGILE,round2:no model witness; relaxation varies,0.5,3.3306690738754696e-16,RECOVERABLE,0.0,1,False,True,UNDECIDED_GT
n3_s03451_d0,n3,365370901,3,MNAR_self,True,acyclic,True,8,"['mean', 0]",0.4207316931451875,UNDETERMINED_RELAXED_FRAGILE,round2:no model witness; relaxation varies,0.5,1.0363931934875836e-13,RECOVERABLE,0.0,1,False,True,UNDECIDED_GT
n3_s03451_d0,n3,365370901,3,MNAR_self,True,acyclic,True,8,"['mean', 1]",0.5980808076178116,UNDETERMINED_RELAXED_FRAGILE,round2:no model witness; relaxation varies,0.5,1.1657341758564144e-13,RECOVERABLE,0.0,1,False,True,UNDECIDED_GT
n3_s03478_d0,n3,368070901,3,MNAR_self,True,acyclic,True,8,"['mean', 0]",0.5203938047978841,UNDETERMINED_RELAXED_FRAGILE,round2:no model witness; relaxation varies,0.5,2.220446049250313e-16,RECOVERABLE,0.0,1,False,True,UNDECIDED_GT
n3_s03478_d0,n3,368070901,3,MNAR_self,True,acyclic,True,8,"['mean', 1]",0.20496195761782593,UNDETERMINED_RELAXED_FRAGILE,round2:no model witness; relaxation varies,0.5,2.581268532253489e-15,RECOVERABLE,0.0,1,False,True,UNDECIDED_GT
n3_s03496_d0,n3,369870901,3,MNAR_other,False,acyclic,True,8,"['mean', 0]",0.29823081647494165,UNDETERMINED_RELAXED_FRAGILE,round2:no model witness; relaxation varies,0.49999999999999994,1.887379141862766e-15,RECOVERABLE,0.0,1,False,True,UNDECIDED_GT
n3_s03496_d0,n3,369870901,3,MNAR_other,False,acyclic,True,8,"['mean', 1]",0.7647126313852074,UNDETERMINED_RELAXED_FRAGILE,round2:no model witness; relaxation varies,0.5,1.5543122344752192e-15,RECOVERABLE,0.0,1,False,True,UNDECIDED_GT
n3_s03518_d0,n3,372070901,3,MNAR_self,True,acyclic,True,8,"['mean', 0]",0.8009872548286014,UNDETERMINED_RELAXED_FRAGILE,round2:no model witness; relaxation varies,0.5,6.661338147750939e-16,RECOVERABLE,0.0,1,False,True,UNDECIDED_GT
n3_s03518_d0,n3,372070901,3,MNAR_self,True,acyclic,True,8,"['mean', 1]",0.566314801957467,UNDETERMINED_RELAXED_FRAGILE,round2:no model witness; relaxation varies,0.5,2.0317081350640365e-14,RECOVERABLE,0.0,1,False,True,UNDECIDED_GT
n3_s03530_d0,n3,373270901,3,MNAR_self,True,acyclic,True,8,"['mean', 0]",0.4638746739156168,UNDETERMINED_RELAXED_FRAGILE,round2:no model witness; relaxation varies,0.5,4.901634653720066e-14,RECOVERABLE,0.0,1,False,True,UNDECIDED_GT
n3_s03530_d0,n3,373270901,3,MNAR_self,True,acyclic,True,8,"['mean', 1]",0.48328110411747005,UNDETERMINED_RELAXED_FRAGILE,round2:no model witness; relaxation varies,0.5,2.964295475749168e-14,RECOVERABLE,0.0,1,False,True,UNDECIDED_GT
n3_s03546_d0,n3,374870901,3,MNAR_self,True,acyclic,True,8,"['mean', 0]",0.6547440008695558,UNDETERMINED_RELAXED_FRAGILE,round2:no model witness; relaxation varies,0.5,1.1757261830780408e-12,RECOVERABLE,0.0,1,False,True,UNDECIDED_GT
n3_s03546_d0,n3,374870901,3,MNAR_self,True,acyclic,True,8,"['mean', 1]",0.321900185164949,UNDETERMINED_RELAXED_FRAGILE,round2:no model witness; relaxation varies,0.5,9.536815781530095e-14,RECOVERABLE,0.0,1,False,True,UNDECIDED_GT
n3_s03572_d0,n3,377470901,3,MNAR_self,True,acyclic,True,8,"['mean', 0]",0.24921686946168328,UNRECOVERABLE,model_witness(rootjump) dphi=0.1361 dist=1.7e-16,0.5,0.13611006817113627,UNRECOVERABLE,0.2043818945913194,12,False,True,True
n3_s03572_d0,n3,377470901,3,MNAR_self,True,acyclic,True,8,"['mean', 1]",0.3396140323926886,UNDETERMINED_RELAXED_FRAGILE,round2:no model witness; relaxation varies,0.5,2.4424906541753444e-15,RECOVERABLE,8.326672684688674e-16,12,False,True,UNDECIDED_GT
n3_s03597_d0,n3,379970901,3,MNAR_self,True,acyclic,True,8,"['mean', 0]",,RECOVERABLE,formula:anchor_direct,,,RECOVERABLE,0.0,1,False,True,True
n3_s03597_d0,n3,379970901,3,MNAR_self,True,acyclic,True,8,"['mean', 1]",0.3531351675304681,UNDETERMINED_RELAXED_FRAGILE,round2:no model witness; relaxation varies,0.5,3.885780586188048e-16,RECOVERABLE,0.0,1,False,True,UNDECIDED_GT
n3_s03630_d0,n3,383270901,3,MNAR_self,True,acyclic,True,8,"['mean', 0]",,RECOVERABLE,formula:anchor_direct,,,RECOVERABLE,0.0,1,False,True,True
n3_s03630_d0,n3,383270901,3,MNAR_self,True,acyclic,True,8,"['mean', 1]",0.6707916125102495,UNDETERMINED_RELAXED_FRAGILE,round2:no model witness; relaxation varies,0.5,9.880984919163893e-15,RECOVERABLE,0.0,1,False,True,UNDECIDED_GT
n3_s03649_d0,n3,385170901,3,MNAR_self,True,acyclic,True,8,"['mean', 0]",0.28686553197104525,UNDETERMINED_RELAXED_FRAGILE,round2:no model witness; relaxation varies,0.5,4.884981308350689e-15,RECOVERABLE,0.0,1,False,True,UNDECIDED_GT
n3_s03649_d0,n3,385170901,3,MNAR_self,True,acyclic,True,8,"['mean', 1]",,RECOVERABLE,formula:anchor_direct,,,RECOVERABLE,0.0,1,False,True,True
n3_s03676_d0,n3,387870901,3,MNAR_self,True,acyclic,True,8,"['mean', 0]",0.5034285409792325,UNDETERMINED_RELAXED_FRAGILE,round2:no model witness; relaxation varies,0.49999999999999994,5.551115123125783e-15,RECOVERABLE,0.0,1,False,True,UNDECIDED_GT
n3_s03676_d0,n3,387870901,3,MNAR_self,True,acyclic,True,8,"['mean', 1]",0.3045992936877514,UNDETERMINED_RELAXED_FRAGILE,round2:no model witness; relaxation varies,0.5,1.5987211554602254e-14,RECOVERABLE,0.0,1,False,True,UNDECIDED_GT
n3_s03700_d0,n3,390270901,3,MNAR_self,True,acyclic,True,8,"['mean', 0]",0.25442758241310015,UNDETERMINED_RELAXED_FRAGILE,round2:no model witness; relaxation varies,0.5,1.609823385706477e-15,RECOVERABLE,0.0,1,False,True,UNDECIDED_GT
n3_s03700_d0,n3,390270901,3,MNAR_self,True,acyclic,True,8,"['mean', 1]",0.31800894191614465,UNDETERMINED_RELAXED_FRAGILE,round2:no model witness; relaxation varies,0.5,1.5543122344752192e-15,RECOVERABLE,0.0,1,False,True,UNDECIDED_GT
n3_s03725_d0,n3,392770901,3,MNAR_self,True,acyclic,True,8,"['mean', 0]",0.8023823107197917,UNDETERMINED_RELAXED_FRAGILE,round2:no model witness; relaxation varies,0.5,2.55351295663786e-15,RECOVERABLE,0.0,1,False,True,UNDECIDED_GT
n3_s03725_d0,n3,392770901,3,MNAR_self,True,acyclic,True,8,"['mean', 1]",0.5704753110731335,UNDETERMINED_RELAXED_FRAGILE,round2:no model witness; relaxation varies,0.5,8.881784197001252e-16,RECOVERABLE,0.0,1,False,True,UNDECIDED_GT
n3_s03750_d0,n3,395270901,3,MNAR_self,True,acyclic,True,8,"['mean', 0]",0.7192015234930564,UNDETERMINED_RELAXED_FRAGILE,round2:no model witness; relaxation varies,0.4999999999999999,5.551115123125783e-16,RECOVERABLE,0.0,1,False,True,UNDECIDED_GT
n3_s03750_d0,n3,395270901,3,MNAR_self,True,acyclic,True,8,"['mean', 1]",0.5709023439333509,UNDETERMINED_RELAXED_FRAGILE,round2:no model witness; relaxation varies,0.5,3.4416913763379853e-15,RECOVERABLE,0.0,1,False,True,UNDECIDED_GT
n3_s03768_d0,n3,397070901,3,MNAR_self,True,acyclic,True,8,"['mean', 0]",0.7380610412385056,UNRECOVERABLE,model_witness(rootjump) dphi=0.0076 dist=2.2e-16,0.5,0.007645508028761183,UNRECOVERABLE,0.007773210975443479,12,False,True,True
n3_s03768_d0,n3,397070901,3,MNAR_self,True,acyclic,True,8,"['mean', 1]",0.25340020297682647,UNDETERMINED_RELAXED_FRAGILE,round2:no model witness; relaxation varies,0.5,1.0541567618815861e-13,RECOVERABLE,1.1146639167236572e-13,12,False,True,UNDECIDED_GT
n3_s03789_d0,n3,399170901,3,MNAR_self,True,acyclic,True,8,"['mean', 0]",0.35504627455954474,UNDETERMINED_RELAXED_FRAGILE,round2:no model witness; relaxation varies,0.5,3.3306690738754696e-16,RECOVERABLE,0.0,1,False,True,UNDECIDED_GT
n3_s03789_d0,n3,399170901,3,MNAR_self,True,acyclic,True,8,"['mean', 1]",0.4766737230817538,UNDETERMINED_RELAXED_FRAGILE,round2:no model witness; relaxation varies,0.5,8.326672684688674e-16,RECOVERABLE,0.0,1,False,True,UNDECIDED_GT
n3_s03816_d0,n3,401870901,3,MNAR_self,True,acyclic,True,8,"['mean', 0]",0.4410868380099894,UNDETERMINED_RELAXED_FRAGILE,round2:no model witness; relaxation varies,0.5,1.8318679906315083e-14,RECOVERABLE,0.0,1,False,True,UNDECIDED_GT
n3_s03816_d0,n3,401870901,3,MNAR_self,True,acyclic,True,8,"['mean', 1]",0.7702715849467721,UNDETERMINED_RELAXED_FRAGILE,round2:no model witness; relaxation varies,0.5,9.658940314238862e-15,RECOVERABLE,0.0,1,False,True,UNDECIDED_GT
n3_s03834_d0,n3,403670901,3,MNAR_self,True,acyclic,True,8,"['mean', 0]",0.4239026803813002,UNDETERMINED_RELAXED_FRAGILE,round2:no model witness; relaxation varies,0.5,1.4144241333724494e-13,RECOVERABLE,3.6637359812630166e-15,12,False,True,UNDECIDED_GT
n3_s03834_d0,n3,403670901,3,MNAR_self,True,acyclic,True,8,"['mean', 1]",0.4473327551458287,UNDETERMINED_RELAXED_FRAGILE,round2:no model witness; relaxation varies,0.5,2.2326585025211898e-13,RECOVERABLE,6.994405055138486e-15,12,False,True,UNDECIDED_GT
n3_s03850_d0,n3,405270901,3,MNAR_other,False,acyclic,True,8,"['mean', 0]",0.47184806088003073,UNDETERMINED_RELAXED_FRAGILE,round2:no model witness; relaxation varies,0.5,9.992007221626409e-16,RECOVERABLE,0.0,1,False,True,UNDECIDED_GT
n3_s03850_d0,n3,405270901,3,MNAR_other,False,acyclic,True,8,"['mean', 1]",0.5861662626300467,UNDETERMINED_RELAXED_FRAGILE,round2:no model witness; relaxation varies,0.5,1.4432899320127035e-15,RECOVERABLE,0.0,1,False,True,UNDECIDED_GT
n3_s03874_d0,n3,407670901,3,MNAR_other,False,acyclic,True,8,"['mean', 0]",0.6971477580043769,UNDETERMINED_RELAXED_FRAGILE,round2:no model witness; relaxation varies,0.5,1.887379141862766e-15,RECOVERABLE,0.0,1,False,True,UNDECIDED_GT
n3_s03874_d0,n3,407670901,3,MNAR_other,False,acyclic,True,8,"['mean', 1]",0.4905486029899295,UNDETERMINED_RELAXED_FRAGILE,round2:no model witness; relaxation varies,0.5,2.9976021664879227e-15,RECOVERABLE,0.0,1,False,True,UNDECIDED_GT
n3_s03901_d0,n3,410370901,3,MNAR_self,True,acyclic,True,8,"['mean', 0]",0.41981039291317046,UNDETERMINED_RELAXED_FRAGILE,round2:no model witness; relaxation varies,0.5,7.771561172376096e-16,RECOVERABLE,3.3306690738754696e-16,12,False,True,UNDECIDED_GT
n3_s03901_d0,n3,410370901,3,MNAR_self,True,acyclic,True,8,"['mean', 1]",0.7091479143845006,UNRECOVERABLE,model_witness(rootjump) dphi=0.1679 dist=1.1e-16,0.5,0.16790488798547842,UNRECOVERABLE,0.26362658505283754,12,False,True,True
n3_s03915_d0,n3,411770901,3,MNAR_self,True,acyclic,True,8,"['mean', 0]",0.7255670783979788,UNDETERMINED_RELAXED_FRAGILE,round2:no model witness; relaxation varies,0.5,7.771561172376096e-16,RECOVERABLE,0.0,1,False,True,UNDECIDED_GT
n3_s03915_d0,n3,411770901,3,MNAR_self,True,acyclic,True,8,"['mean', 1]",0.6804958028479693,UNDETERMINED_RELAXED_FRAGILE,round2:no model witness; relaxation varies,0.5,2.220446049250313e-16,RECOVERABLE,0.0,1,False,True,UNDECIDED_GT
n3_s03932_d0,n3,413470901,3,MNAR_self,True,acyclic,True,8,"['mean', 0]",0.32628476882509594,UNDETERMINED_RELAXED_FRAGILE,round2:no model witness; relaxation varies,0.5,2.3092638912203256e-14,RECOVERABLE,0.0,1,False,True,UNDECIDED_GT
n3_s03932_d0,n3,413470901,3,MNAR_self,True,acyclic,True,8,"['mean', 1]",0.5247434476463168,UNDETERMINED_RELAXED_FRAGILE,round2:no model witness; relaxation varies,0.5,5.003442105078193e-12,RECOVERABLE,0.0,1,False,True,UNDECIDED_GT
n3_s03952_d0,n3,415470901,3,MNAR_self,True,acyclic,True,8,"['mean', 0]",0.6767294172629025,UNDETERMINED_RELAXED_FRAGILE,round2:no model witness; relaxation varies,0.5,1.7330581414398694e-13,RECOVERABLE,0.0,1,False,True,UNDECIDED_GT
n3_s03952_d0,n3,415470901,3,MNAR_self,True,acyclic,True,8,"['mean', 1]",0.2651580156475883,UNDETERMINED_RELAXED_FRAGILE,round2:no model witness; relaxation varies,0.5,1.3788969965844444e-13,RECOVERABLE,0.0,1,False,True,UNDECIDED_GT
n3_s03971_d0,n3,417370901,3,MNAR_other,False,acyclic,True,8,"['mean', 0]",0.3628215053237685,UNDETERMINED_RELAXED_FRAGILE,round2:no model witness; relaxation varies,0.5,5.551115123125783e-16,RECOVERABLE,0.0,1,False,True,UNDECIDED_GT
n3_s03971_d0,n3,417370901,3,MNAR_other,False,acyclic,True,8,"['mean', 1]",,RECOVERABLE,formula:anchor_direct,,,RECOVERABLE,0.0,1,False,True,True
n3_s03989_d0,n3,419170901,3,MNAR_self,True,acyclic,True,8,"['mean', 0]",0.6638045511320463,UNDETERMINED_RELAXED_FRAGILE,round2:no model witness; relaxation varies,0.49999999999999994,2.220446049250313e-16,RECOVERABLE,0.0,1,False,True,UNDECIDED_GT
n3_s03989_d0,n3,419170901,3,MNAR_self,True,acyclic,True,8,"['mean', 1]",0.6106331653673572,UNDETERMINED_RELAXED_FRAGILE,round2:no model witness; relaxation varies,0.5,1.4432899320127035e-15,RECOVERABLE,0.0,1,False,True,UNDECIDED_GT
n3_s04009_d0,n3,421170901,3,MNAR_other,False,acyclic,True,8,"['mean', 0]",0.7485484121630773,UNDETERMINED_RELAXED_FRAGILE,round2:no model witness; relaxation varies,0.5,1.4432899320127035e-15,RECOVERABLE,0.0,1,False,True,UNDECIDED_GT
n3_s04009_d0,n3,421170901,3,MNAR_other,False,acyclic,True,8,"['mean', 1]",0.7067394323522579,UNDETERMINED_RELAXED_FRAGILE,round2:no model witness; relaxation varies,0.5,5.551115123125783e-15,RECOVERABLE,0.0,1,False,True,UNDECIDED_GT
n3_s04028_d0,n3,423070901,3,MNAR_self,True,acyclic,True,8,"['mean', 0]",0.7459705578881894,UNRECOVERABLE,model_witness(rootjump) dphi=0.0069 dist=2.2e-16,0.5,0.006947464419609473,UNRECOVERABLE,0.009532054839382242,12,False,True,True
n3_s04028_d0,n3,423070901,3,MNAR_self,True,acyclic,True,8,"['mean', 1]",0.6489558238382689,UNDETERMINED_RELAXED_FRAGILE,round2:no model witness; relaxation varies,0.5,9.547918011776346e-15,RECOVERABLE,9.992007221626409e-16,12,False,True,UNDECIDED_GT
n3_s04041_d0,n3,424370901,3,MNAR_self,True,acyclic,True,8,"['mean', 0]",0.41460551282852826,UNDETERMINED_RELAXED_FRAGILE,round2:no model witness; relaxation varies,0.5,2.609024107869118e-15,RECOVERABLE,1.6653345369377348e-16,12,False,True,UNDECIDED_GT
n3_s04041_d0,n3,424370901,3,MNAR_self,True,acyclic,True,8,"['mean', 1]",0.4649783179998651,UNDETERMINED_RELAXED_FRAGILE,round2:no model witness; relaxation varies,0.5,5.551115123125783e-16,RECOVERABLE,1.6653345369377348e-16,12,False,True,UNDECIDED_GT
n3_s04058_d0,n3,426070901,3,MNAR_self,True,acyclic,True,8,"['mean', 0]",0.7436573959645647,UNDETERMINED_RELAXED_FRAGILE,round2:no model witness; relaxation varies,0.5,3.738565013122752e-12,RECOVERABLE,2.0754509222342676e-11,12,False,True,UNDECIDED_GT
n3_s04058_d0,n3,426070901,3,MNAR_self,True,acyclic,True,8,"['mean', 1]",0.491143434291904,UNDETERMINED_RELAXED_FRAGILE,round2:no model witness; relaxation varies,0.5,5.432321259490891e-13,RECOVERABLE,3.0163094244528565e-12,12,False,True,UNDECIDED_GT
n3_s04080_d0,n3,428270901,3,MNAR_self,True,acyclic,True,8,"['mean', 0]",0.621923779253998,UNRECOVERABLE,model_witness(rootjump) dphi=0.1771 dist=1.1e-16,0.5,0.17710247649523786,UNRECOVERABLE,0.1956435220645425,12,False,True,True
n3_s04080_d0,n3,428270901,3,MNAR_self,True,acyclic,True,8,"['mean', 1]",0.6093165853491687,UNDETERMINED_RELAXED_FRAGILE,round2:no model witness; relaxation varies,0.5,4.263256414560601e-14,RECOVERABLE,6.994405055138486e-15,12,False,True,UNDECIDED_GT
named_double_self_censor_d2,named,20278680,2,MNAR_self,True,acyclic,True,4,"['mean', 0]",0.6468505304546276,UNDETERMINED_RELAXED_FRAGILE,round2:no model witness; relaxation varies,0.5,2.853273173286652e-14,RECOVERABLE,0.0,1,False,True,UNDECIDED_GT
named_double_self_censor_d2,named,20278680,2,MNAR_self,True,acyclic,True,4,"['mean', 1]",0.40623933109267807,UNDETERMINED_RELAXED_FRAGILE,round2:no model witness; relaxation varies,0.5,2.8754776337791554e-14,RECOVERABLE,0.0,1,False,True,UNDECIDED_GT
named_mediated_mnar_d1,named,20302010,2,MNAR_self,True,acyclic,True,4,"['mean', 0]",0.7386865579948138,UNRECOVERABLE,model_witness(rootjump) dphi=0.0321 dist=1.1e-16,0.5,0.03213798044011307,UNRECOVERABLE,0.05660295963401196,12,False,True,True
named_mediated_mnar_d1,named,20302010,2,MNAR_self,True,acyclic,True,4,"['mean', 1]",0.45577047647457236,UNDETERMINED_RELAXED_FRAGILE,round2:no model witness; relaxation varies,0.5,1.2212453270876722e-14,RECOVERABLE,3.1086244689504383e-15,12,False,True,UNDECIDED_GT
named_self_censor_v1_d0,named,20325340,2,MNAR_self,True,acyclic,True,4,"['mean', 0]",0.6690863208804558,UNRECOVERABLE,model_witness(rootjump) dphi=0.3086 dist=1.1e-16,0.5,0.3085705961276872,UNRECOVERABLE,0.4188958319116057,12,False,False,True
named_self_censor_v1_d0,named,20325340,2,MNAR_self,True,acyclic,True,4,"['mean', 1]",,RECOVERABLE,formula:direct_full_pattern,,,RECOVERABLE,2.220446049250313e-16,12,False,False,True
named_three_var_double_self_d2,named,20340896,3,MNAR_self,True,acyclic,True,8,"['mean', 0]",0.28725618771328765,UNDETERMINED_RELAXED_FRAGILE,round2:no model witness; relaxation varies,0.5,4.3076653355456074e-14,RECOVERABLE,0.0,1,False,True,UNDECIDED_GT
named_three_var_double_self_d2,named,20340896,3,MNAR_self,True,acyclic,True,8,"['mean', 1]",0.4487376877774456,UNDETERMINED_RELAXED_FRAGILE,round2:no model witness; relaxation varies,0.5,5.051514762044462e-15,RECOVERABLE,0.0,1,False,True,UNDECIDED_GT
n4_r0004_d0,n4,25271025,4,MNAR_self,True,acyclic,True,16,"['mean', 0]",0.659122665756011,UNDETERMINED_RELAXED_FRAGILE,round2:no model witness; relaxation varies,0.5,3.3306690738754696e-16,RECOVERABLE,0.0,1,False,True,UNDECIDED_GT
n4_r0004_d0,n4,25271025,4,MNAR_self,True,acyclic,True,16,"['mean', 1]",0.41334077096323174,UNDETERMINED_RELAXED_FRAGILE,round2:no model witness; relaxation varies,0.5,3.885780586188048e-15,RECOVERABLE,0.0,1,False,True,UNDECIDED_GT
n4_r0012_d0,n4,25271273,4,MNAR_self,True,acyclic,True,16,"['mean', 0]",,RECOVERABLE,formula:anchor_direct,,,RECOVERABLE,0.0,1,False,True,True
n4_r0012_d0,n4,25271273,4,MNAR_self,True,acyclic,True,16,"['mean', 1]",,RECOVERABLE,formula:anchor_direct,,,RECOVERABLE,0.0,1,False,True,True
n4_r0020_d0,n4,25271521,4,MNAR_self,True,acyclic,True,16,"['mean', 0]",,RECOVERABLE,formula:anchor_direct,,,RECOVERABLE,0.0,1,False,True,True
n4_r0020_d0,n4,25271521,4,MNAR_self,True,acyclic,True,16,"['mean', 1]",0.8492205017216983,UNDETERMINED_RELAXED_FRAGILE,round2:no model witness; relaxation varies,0.5,1.4432899320127035e-15,RECOVERABLE,0.0,1,False,True,UNDECIDED_GT
n4_r0028_d0,n4,25271769,4,MNAR_self,True,acyclic,True,16,"['mean', 0]",0.46136405021434884,UNDETERMINED_RELAXED_FRAGILE,round2:no model witness; relaxation varies,0.5,2.7755575615628914e-16,RECOVERABLE,0.0,1,False,True,UNDECIDED_GT
n4_r0028_d0,n4,25271769,4,MNAR_self,True,acyclic,True,16,"['mean', 1]",0.5899921971011527,UNDETERMINED_RELAXED_FRAGILE,round2:no model witness; relaxation varies,0.5,3.3306690738754696e-16,RECOVERABLE,0.0,1,False,True,UNDECIDED_GT
n4_r0036_d0,n4,25272017,4,MNAR_self,True,acyclic,True,16,"['mean', 0]",0.46815451628695537,UNDETERMINED_RELAXED_FRAGILE,round2:no model witness; relaxation varies,0.5,6.994405055138486e-15,RECOVERABLE,0.0,1,False,True,UNDECIDED_GT
n4_r0036_d0,n4,25272017,4,MNAR_self,True,acyclic,True,16,"['mean', 1]",0.506860258991423,UNDETERMINED_RELAXED_FRAGILE,round2:no model witness; relaxation varies,0.5,2.220446049250313e-16,RECOVERABLE,0.0,1,False,True,UNDECIDED_GT
n4_r0044_d0,n4,25272265,4,MNAR_self,True,acyclic,True,16,"['mean', 0]",0.7437886726670276,UNDETERMINED_RELAXED_FRAGILE,round2:no model witness; relaxation varies,0.5,7.027711745877241e-14,RECOVERABLE,0.0,1,False,True,UNDECIDED_GT
n4_r0044_d0,n4,25272265,4,MNAR_self,True,acyclic,True,16,"['mean', 1]",0.4888642374109187,UNDETERMINED_RELAXED_FRAGILE,round2:no model witness; relaxation varies,0.5,1.5543122344752192e-15,RECOVERABLE,0.0,1,False,True,UNDECIDED_GT
n4_r0052_d0,n4,25272513,4,MNAR_self,True,acyclic,True,16,"['mean', 0]",0.3675376786543524,UNDETERMINED_RELAXED_FRAGILE,round2:no model witness; relaxation varies,0.5,2.7755575615628914e-16,RECOVERABLE,0.0,1,False,True,UNDECIDED_GT
n4_r0052_d0,n4,25272513,4,MNAR_self,True,acyclic,True,16,"['mean', 1]",0.7035400119404598,UNDETERMINED_RELAXED_FRAGILE,round2:no model witness; relaxation varies,0.5,2.220446049250313e-16,RECOVERABLE,0.0,1,False,True,UNDECIDED_GT
n4_r0060_d0,n4,25272761,4,MNAR_self,True,acyclic,True,16,"['mean', 0]",0.1712135963426289,UNDETERMINED_RELAXED_FRAGILE,round2:no model witness; relaxation varies,0.5,1.4904744105592727e-14,RECOVERABLE,0.0,1,False,True,UNDECIDED_GT
n4_r0060_d0,n4,25272761,4,MNAR_self,True,acyclic,True,16,"['mean', 1]",0.36424674864041556,UNDETERMINED_RELAXED_FRAGILE,round2:no model witness; relaxation varies,0.5,8.881784197001252e-16,RECOVERABLE,0.0,1,False,True,UNDECIDED_GT
n4_r0068_d0,n4,25273009,4,MNAR_self,True,acyclic,True,16,"['mean', 0]",0.30752909085019053,UNDETERMINED_RELAXED_FRAGILE,round2:no model witness; relaxation varies,0.5,9.43689570931383e-15,RECOVERABLE,4.551914400963142e-15,12,False,True,UNDECIDED_GT
n4_r0068_d0,n4,25273009,4,MNAR_self,True,acyclic,True,16,"['mean', 1]",0.39485362169264354,UNDETERMINED_RELAXED_FRAGILE,round2:no model witness; relaxation varies,0.5000000000000001,1.6653345369377348e-16,RECOVERABLE,2.7755575615628914e-16,12,False,True,UNDECIDED_GT
n4_r0076_d0,n4,25273257,4,MNAR_self,True,acyclic,True,16,"['mean', 0]",0.48483900058402374,UNDETERMINED_RELAXED_FRAGILE,round2:no model witness; relaxation varies,0.5,3.1086244689504383e-15,RECOVERABLE,0.0,1,False,True,UNDECIDED_GT
n4_r0076_d0,n4,25273257,4,MNAR_self,True,acyclic,True,16,"['mean', 1]",0.2972052000103024,UNDETERMINED_RELAXED_FRAGILE,round2:no model witness; relaxation varies,0.5,1.865174681370263e-14,RECOVERABLE,0.0,1,False,True,UNDECIDED_GT
n4_r0084_d0,n4,25273505,4,MNAR_other,False,acyclic,True,16,"['mean', 0]",0.2922781647959777,UNDETERMINED_RELAXED_FRAGILE,round2:no model witness; relaxation varies,0.5,1.1102230246251565e-16,RECOVERABLE,0.0,1,False,True,UNDECIDED_GT
n4_r0084_d0,n4,25273505,4,MNAR_other,False,acyclic,True,16,"['mean', 1]",,RECOVERABLE,formula:anchor_direct,,,RECOVERABLE,0.0,1,False,True,True
n4_r0092_d0,n4,25273753,4,MNAR_self,True,acyclic,True,16,"['mean', 0]",0.19531124776733685,UNDETERMINED_RELAXED_FRAGILE,round2:no model witness; relaxation varies,0.5,4.163336342344337e-16,RECOVERABLE,0.0,1,False,True,UNDECIDED_GT
n4_r0092_d0,n4,25273753,4,MNAR_self,True,acyclic,True,16,"['mean', 1]",0.6651200106108958,UNDETERMINED_RELAXED_FRAGILE,round2:no model witness; relaxation varies,0.5,2.220446049250313e-16,RECOVERABLE,0.0,1,False,True,UNDECIDED_GT
n4_r0100_d0,n4,25274001,4,MNAR_other,False,acyclic,True,16,"['mean', 0]",,RECOVERABLE,formula:anchor_direct,,,RECOVERABLE,0.0,1,False,True,True
n4_r0100_d0,n4,25274001,4,MNAR_other,False,acyclic,True,16,"['mean', 1]",,RECOVERABLE,formula:anchor_direct,,,RECOVERABLE,0.0,1,False,True,True
n4_r0108_d0,n4,25274249,4,MNAR_self,True,acyclic,True,16,"['mean', 0]",0.39472039582224316,UNDETERMINED_RELAXED_FRAGILE,round2:no model witness; relaxation varies,0.5,2.611799665430681e-13,RECOVERABLE,0.0,1,False,True,UNDECIDED_GT
n4_r0108_d0,n4,25274249,4,MNAR_self,True,acyclic,True,16,"['mean', 1]",,RECOVERABLE,formula:anchor_direct,,,RECOVERABLE,0.0,1,False,True,True
n4_r0116_d0,n4,25274497,4,MNAR_self,True,acyclic,True,16,"['mean', 0]",0.6231924360817278,UNDETERMINED_RELAXED_FRAGILE,round2:no model witness; relaxation varies,0.5,2.220446049250313e-16,RECOVERABLE,0.0,1,False,True,UNDECIDED_GT
n4_r0116_d0,n4,25274497,4,MNAR_self,True,acyclic,True,16,"['mean', 1]",0.6480362603721961,UNDETERMINED_RELAXED_FRAGILE,round2:no model witness; relaxation varies,0.5,2.220446049250313e-16,RECOVERABLE,0.0,1,False,True,UNDECIDED_GT
n4_r0124_d0,n4,25274745,4,MNAR_self,True,acyclic,True,16,"['mean', 0]",0.21743615047461848,UNDETERMINED_RELAXED_FRAGILE,round2:no model witness; relaxation varies,0.5,9.164891068280667e-14,RECOVERABLE,0.0,1,False,True,UNDECIDED_GT
n4_r0124_d0,n4,25274745,4,MNAR_self,True,acyclic,True,16,"['mean', 1]",0.5410696350686037,UNDETERMINED_RELAXED_FRAGILE,round2:no model witness; relaxation varies,0.5,2.220446049250313e-16,RECOVERABLE,0.0,1,False,True,UNDECIDED_GT
n4_r0132_d0,n4,25274993,4,MNAR_self,True,acyclic,True,16,"['mean', 0]",0.2888049589201124,UNDETERMINED_RELAXED_FRAGILE,round2:no model witness; relaxation varies,0.5,3.785860513971784e-14,RECOVERABLE,4.440892098500626e-16,12,False,True,UNDECIDED_GT
n4_r0132_d0,n4,25274993,4,MNAR_self,True,acyclic,True,16,"['mean', 1]",0.3613655380733981,UNRECOVERABLE,model_witness(rootjump) dphi=0.2798 dist=1.1e-15,0.49999999999999994,0.27977233662591383,UNRECOVERABLE,0.34808482785427886,12,False,True,True
n4_r0140_d0,n4,25275241,4,MNAR_self,True,acyclic,True,16,"['mean', 0]",0.6451406995074136,UNDETERMINED_RELAXED_FRAGILE,round2:no model witness; relaxation varies,0.5,3.3306690738754696e-16,RECOVERABLE,0.0,1,False,True,UNDECIDED_GT
n4_r0140_d0,n4,25275241,4,MNAR_self,True,acyclic,True,16,"['mean', 1]",0.41971866688005943,UNDETERMINED_RELAXED_FRAGILE,round2:no model witness; relaxation varies,0.5,1.4876988529977098e-14,RECOVERABLE,0.0,1,False,True,UNDECIDED_GT
n4_r0148_d0,n4,25275489,4,MNAR_self,True,acyclic,True,16,"['mean', 0]",,RECOVERABLE,formula:anchor_direct,,,RECOVERABLE,0.0,1,False,True,True
n4_r0148_d0,n4,25275489,4,MNAR_self,True,acyclic,True,16,"['mean', 1]",0.5736868103731334,UNDETERMINED_RELAXED_FRAGILE,round2:no model witness; relaxation varies,0.5,8.881784197001252e-16,RECOVERABLE,0.0,1,False,True,UNDECIDED_GT
n4_r0156_d0,n4,25275737,4,MNAR_self,True,acyclic,True,16,"['mean', 0]",0.2858087395736418,UNDETERMINED_RELAXED_FRAGILE,round2:no model witness; relaxation varies,0.5,1.3877787807814457e-15,RECOVERABLE,0.0,1,False,True,UNDECIDED_GT
n4_r0156_d0,n4,25275737,4,MNAR_self,True,acyclic,True,16,"['mean', 1]",0.1757053319787434,UNDETERMINED_RELAXED_FRAGILE,round2:no model witness; relaxation varies,0.5000000000000001,7.771561172376096e-16,RECOVERABLE,0.0,1,False,True,UNDECIDED_GT
n4_r0164_d0,n4,25275985,4,MNAR_self,True,acyclic,True,16,"['mean', 0]",0.7162428470077193,UNDETERMINED_RELAXED_FRAGILE,round2:no model witness; relaxation varies,0.5,8.881784197001252e-15,RECOVERABLE,0.0,1,False,True,UNDECIDED_GT
n4_r0164_d0,n4,25275985,4,MNAR_self,True,acyclic,True,16,"['mean', 1]",0.24881587096908667,UNDETERMINED_RELAXED_FRAGILE,round2:no model witness; relaxation varies,0.5,2.6645352591003757e-15,RECOVERABLE,0.0,1,False,True,UNDECIDED_GT
n4_r0172_d0,n4,25276233,4,MNAR_self,True,acyclic,True,16,"['mean', 0]",0.285975289455354,UNRECOVERABLE,model_witness(rootjump) dphi=0.1802 dist=3.3e-16,0.5,0.18021710552399145,UNRECOVERABLE,0.18219139685075658,12,False,True,True
n4_r0172_d0,n4,25276233,4,MNAR_self,True,acyclic,True,16,"['mean', 1]",0.24581547655882044,UNDETERMINED_RELAXED_FRAGILE,round2:no model witness; relaxation varies,0.5000000000000001,9.159339953157541e-15,RECOVERABLE,6.022959908591474e-15,12,False,True,UNDECIDED_GT
n4_r0180_d0,n4,25276481,4,MNAR_self,True,acyclic,True,16,"['mean', 0]",0.44107452005328707,UNDETERMINED_RELAXED_FRAGILE,round2:no model witness; relaxation varies,0.4999999999999999,1.2212453270876722e-15,RECOVERABLE,0.0,1,False,True,UNDECIDED_GT
n4_r0180_d0,n4,25276481,4,MNAR_self,True,acyclic,True,16,"['mean', 1]",0.5283445018381896,UNDETERMINED_RELAXED_FRAGILE,round2:no model witness; relaxation varies,0.5,3.3306690738754696e-16,RECOVERABLE,0.0,1,False,True,UNDECIDED_GT
n4_r0188_d0,n4,25276729,4,MNAR_self,True,acyclic,True,16,"['mean', 0]",,RECOVERABLE,formula:anchor_direct,,,RECOVERABLE,0.0,1,False,True,True
n4_r0188_d0,n4,25276729,4,MNAR_self,True,acyclic,True,16,"['mean', 1]",0.5363134517986612,UNDETERMINED_RELAXED_FRAGILE,round2:no model witness; relaxation varies,0.5,4.440892098500626e-16,RECOVERABLE,0.0,1,False,True,UNDECIDED_GT
n4_r0196_d0,n4,25276977,4,MNAR_self,True,acyclic,True,16,"['mean', 0]",0.41343613274733426,UNDETERMINED_RELAXED_FRAGILE,round2:no model witness; relaxation varies,0.5,1.4488410471358293e-14,RECOVERABLE,9.103828801926284e-15,12,False,True,UNDECIDED_GT
n4_r0196_d0,n4,25276977,4,MNAR_self,True,acyclic,True,16,"['mean', 1]",0.22167927913252944,UNDETERMINED_RELAXED_FRAGILE,round2:no model witness; relaxation varies,0.5,3.0531133177191805e-15,RECOVERABLE,3.608224830031759e-16,12,False,True,UNDECIDED_GT
n3_s00346_d0,n3,54870901,3,MNAR_self,True,acyclic,True,8,"['mean', 0]",0.7236121621799011,UNDETERMINED_RELAXED_FRAGILE,round2:no model witness; relaxation varies,0.49999999999999994,8.992806499463768e-15,RECOVERABLE,0.0,1,False,True,UNDECIDED_GT
n3_s00346_d0,n3,54870901,3,MNAR_self,True,acyclic,True,8,"['mean', 1]",0.18766281342800178,UNDETERMINED_RELAXED_FRAGILE,round2:no model witness; relaxation varies,0.5,1.5432100042289676e-14,RECOVERABLE,0.0,1,False,True,UNDECIDED_GT
n3_s00375_d0,n3,57770901,3,MNAR_self,True,acyclic,True,8,"['mean', 0]",0.4236892902490301,UNDETERMINED_RELAXED_FRAGILE,round2:no model witness; relaxation varies,0.5,3.8347103270552907e-13,RECOVERABLE,0.0,1,False,True,UNDECIDED_GT
n3_s00375_d0,n3,57770901,3,MNAR_self,True,acyclic,True,8,"['mean', 1]",0.5183350722863399,UNDETERMINED_RELAXED_FRAGILE,round2:no model witness; relaxation varies,0.5,3.008704396734174e-14,RECOVERABLE,0.0,1,False,True,UNDECIDED_GT
n3_s00401_d0,n3,60370901,3,MNAR_self,True,acyclic,True,8,"['mean', 0]",,RECOVERABLE,formula:anchor_direct,,,RECOVERABLE,0.0,1,False,True,True
n3_s00401_d0,n3,60370901,3,MNAR_self,True,acyclic,True,8,"['mean', 1]",0.6757942965108663,UNDETERMINED_RELAXED_FRAGILE,round2:no model witness; relaxation varies,0.5,9.614531393253856e-14,RECOVERABLE,0.0,1,False,True,UNDECIDED_GT
n3_s00418_d0,n3,62070901,3,MNAR_other,False,acyclic,True,8,"['mean', 0]",,RECOVERABLE,formula:direct_full_pattern,,,RECOVERABLE,0.0,1,False,True,True
n3_s00418_d0,n3,62070901,3,MNAR_other,False,acyclic,True,8,"['mean', 1]",,RECOVERABLE,formula:anchor_direct,,,RECOVERABLE,0.0,1,False,True,True
n3_s00454_d0,n3,65670901,3,MNAR_self,True,acyclic,True,8,"['mean', 0]",0.8044236915870734,UNRECOVERABLE,model_witness(rootjump) dphi=0.1514 dist=1.7e-16,0.5,0.15140294228700413,UNRECOVERABLE,0.12021116210461824,12,False,True,True
n3_s00454_d0,n3,65670901,3,MNAR_self,True,acyclic,True,8,"['mean', 1]",,RECOVERABLE,formula:anchor_direct,,,RECOVERABLE,1.1102230246251565e-16,12,False,True,True
n3_s00479_d0,n3,68170901,3,MNAR_self,True,acyclic,True,8,"['mean', 0]",0.8486045019907764,UNDETERMINED_RELAXED_FRAGILE,round2:no model witness; relaxation varies,0.5,6.072919944699606e-14,RECOVERABLE,0.0,1,False,True,UNDECIDED_GT
n3_s00479_d0,n3,68170901,3,MNAR_self,True,acyclic,True,8,"['mean', 1]",0.3162041539121472,UNDETERMINED_RELAXED_FRAGILE,round2:no model witness; relaxation varies,0.5,2.3592239273284576e-14,RECOVERABLE,0.0,1,False,True,UNDECIDED_GT
n3_s00500_d0,n3,70270901,3,MNAR_self,True,acyclic,True,8,"['mean', 0]",0.44962440503632417,UNRECOVERABLE,model_witness(rootjump) dphi=0.1785 dist=2.2e-16,0.5,0.17850906756632057,UNRECOVERABLE,0.2853453826806537,12,False,True,True
n3_s00500_d0,n3,70270901,3,MNAR_self,True,acyclic,True,8,"['mean', 1]",0.6594437240336815,UNDETERMINED_RELAXED_FRAGILE,round2:no model witness; relaxation varies,0.5,1.4432899320127035e-15,RECOVERABLE,7.771561172376096e-16,12,False,True,UNDECIDED_GT
n3_s00529_d0,n3,73170901,3,MNAR_self,True,acyclic,True,8,"['mean', 0]",,RECOVERABLE,formula:anchor_direct,,,RECOVERABLE,9.992007221626409e-16,12,False,True,True
n3_s00529_d0,n3,73170901,3,MNAR_self,True,acyclic,True,8,"['mean', 1]",0.328110616448985,UNRECOVERABLE,model_witness(rootjump) dphi=0.1597 dist=1.1e-16,0.5,0.1596927008910422,UNRECOVERABLE,0.21072879783201398,12,False,True,True
n3_s00549_d0,n3,75170901,3,MNAR_self,True,acyclic,True,8,"['mean', 0]",,RECOVERABLE,formula:anchor_direct,,,RECOVERABLE,0.0,1,False,True,True
n3_s00549_d0,n3,75170901,3,MNAR_self,True,acyclic,True,8,"['mean', 1]",,RECOVERABLE,formula:direct_full_pattern,,,RECOVERABLE,0.0,1,False,True,True
n3_s00577_d0,n3,77970901,3,MNAR_self,True,acyclic,True,8,"['mean', 0]",0.3415968226611198,UNDETERMINED_RELAXED_FRAGILE,round2:no model witness; relaxation varies,0.5000000000000001,4.718447854656915e-15,RECOVERABLE,0.0,1,False,True,UNDECIDED_GT
n3_s00577_d0,n3,77970901,3,MNAR_self,True,acyclic,True,8,"['mean', 1]",,RECOVERABLE,formula:direct_full_pattern,,,RECOVERABLE,0.0,1,False,True,True
n3_s00591_d0,n3,79370901,3,MNAR_self,True,acyclic,True,8,"['mean', 0]",0.20273867717369504,UNDETERMINED_RELAXED_FRAGILE,round2:no model witness; relaxation varies,0.5,6.5503158452884236e-15,RECOVERABLE,1.942890293094024e-16,12,False,True,UNDECIDED_GT
n3_s00591_d0,n3,79370901,3,MNAR_self,True,acyclic,True,8,"['mean', 1]",,RECOVERABLE,formula:anchor_direct,,,RECOVERABLE,1.6653345369377348e-16,12,False,True,True
n3_s00611_d0,n3,81370901,3,MNAR_self,True,acyclic,True,8,"['mean', 0]",0.25116328106886177,UNDETERMINED_RELAXED_FRAGILE,round2:no model witness; relaxation varies,0.5,5.995204332975845e-15,RECOVERABLE,0.0,1,False,True,UNDECIDED_GT
n3_s00611_d0,n3,81370901,3,MNAR_self,True,acyclic,True,8,"['mean', 1]",,RECOVERABLE,formula:anchor_direct,,,RECOVERABLE,0.0,1,False,True,True
n3_s00630_d0,n3,83270901,3,MNAR_self,True,acyclic,True,8,"['mean', 0]",0.7027136987348078,UNDETERMINED_RELAXED_FRAGILE,round2:no model witness; relaxation varies,0.5,8.548717289613705e-15,RECOVERABLE,0.0,1,False,True,UNDECIDED_GT
n3_s00630_d0,n3,83270901,3,MNAR_self,True,acyclic,True,8,"['mean', 1]",0.5787775612303884,UNDETERMINED_RELAXED_FRAGILE,round2:no model witness; relaxation varies,0.5,2.9198865547641617e-13,RECOVERABLE,0.0,1,False,True,UNDECIDED_GT
n3_s00651_d0,n3,85370901,3,MNAR_other,False,acyclic,True,8,"['mean', 0]",,RECOVERABLE,formula:anchor_direct,,,RECOVERABLE,0.0,1,False,True,True
n3_s00651_d0,n3,85370901,3,MNAR_other,False,acyclic,True,8,"['mean', 1]",,RECOVERABLE,formula:anchor_direct,,,RECOVERABLE,0.0,1,False,True,True
n3_s00666_d0,n3,86870901,3,MNAR_self,True,acyclic,True,8,"['mean', 0]",,RECOVERABLE,formula:anchor_direct,,,RECOVERABLE,0.0,1,False,True,True
n3_s00666_d0,n3,86870901,3,MNAR_self,True,acyclic,True,8,"['mean', 1]",0.3011134322828237,UNDETERMINED_RELAXED_FRAGILE,round2:no model witness; relaxation varies,0.5,1.2040368702059823e-13,RECOVERABLE,0.0,1,False,True,UNDECIDED_GT
n3_s00679_d0,n3,88170901,3,MNAR_self,True,acyclic,True,8,"['mean', 0]",,RECOVERABLE,formula:anchor_direct,,,RECOVERABLE,0.0,1,False,True,True
n3_s00679_d0,n3,88170901,3,MNAR_self,True,acyclic,True,8,"['mean', 1]",,RECOVERABLE,formula:anchor_direct,,,RECOVERABLE,0.0,1,False,True,True
n3_s00692_d0,n3,89470901,3,MNAR_self,True,acyclic,True,8,"['mean', 0]",,RECOVERABLE,formula:anchor_direct,,,RECOVERABLE,0.0,1,False,True,True
n3_s00692_d0,n3,89470901,3,MNAR_self,True,acyclic,True,8,"['mean', 1]",0.6184140595934613,UNDETERMINED_RELAXED_FRAGILE,round2:no model witness; relaxation varies,0.5,4.951594689828198e-14,RECOVERABLE,0.0,1,False,True,UNDECIDED_GT
n3_s00714_d0,n3,91670901,3,MNAR_self,True,acyclic,True,8,"['mean', 0]",0.1510814515294045,UNDETERMINED_RELAXED_FRAGILE,round2:no model witness; relaxation varies,0.5,2.3869795029440866e-15,RECOVERABLE,0.0,1,False,True,UNDECIDED_GT
n3_s00714_d0,n3,91670901,3,MNAR_self,True,acyclic,True,8,"['mean', 1]",,RECOVERABLE,formula:anchor_direct,,,RECOVERABLE,0.0,1,False,True,True
n3_s00735_d0,n3,93770901,3,MNAR_self,True,acyclic,True,8,"['mean', 0]",0.41717573365835514,UNDETERMINED_RELAXED_FRAGILE,round2:no model witness; relaxation varies,0.5,4.551914400963142e-15,RECOVERABLE,1.6653345369377348e-16,12,False,True,UNDECIDED_GT
n3_s00735_d0,n3,93770901,3,MNAR_self,True,acyclic,True,8,"['mean', 1]",0.8187056651010562,UNDETERMINED_RELAXED_FRAGILE,round2:no model witness; relaxation varies,0.5,1.4432899320127035e-14,RECOVERABLE,3.3306690738754696e-16,12,False,True,UNDECIDED_GT
n3_s00759_d0,n3,96170901,3,MNAR_self,True,acyclic,True,8,"['mean', 0]",0.4821961693466149,UNDETERMINED_RELAXED_FRAGILE,round2:no model witness; relaxation varies,0.5,3.3306690738754696e-16,RECOVERABLE,0.0,1,False,True,UNDECIDED_GT
n3_s00759_d0,n3,96170901,3,MNAR_self,True,acyclic,True,8,"['mean', 1]",0.2893828434178658,UNDETERMINED_RELAXED_FRAGILE,round2:no model witness; relaxation varies,0.5,3.5860203695392556e-14,RECOVERABLE,0.0,1,False,True,UNDECIDED_GT
n3_s00790_d0,n3,99270901,3,MNAR_self,True,acyclic,True,8,"['mean', 0]",0.42882537140743027,UNDETERMINED_RELAXED_FRAGILE,round2:no model witness; relaxation varies,0.5,7.216449660063518e-16,RECOVERABLE,0.0,1,False,True,UNDECIDED_GT
n3_s00790_d0,n3,99270901,3,MNAR_self,True,acyclic,True,8,"['mean', 1]",0.16495818173364662,UNDETERMINED_RELAXED_FRAGILE,round2:no model witness; relaxation varies,0.5,1.3342105198432819e-13,RECOVERABLE,0.0,1,False,True,UNDECIDED_GT
n3_s00818_d0,n3,102070901,3,MNAR_self,True,acyclic,True,8,"['mean', 0]",0.32815191603210625,UNDETERMINED_RELAXED_FRAGILE,round2:no model witness; relaxation varies,0.5,3.3306690738754696e-16,RECOVERABLE,0.0,1,False,True,UNDECIDED_GT
n3_s00818_d0,n3,102070901,3,MNAR_self,True,acyclic,True,8,"['mean', 1]",0.4561761601815173,UNDETERMINED_RELAXED_FRAGILE,round2:no model witness; relaxation varies,0.5,8.654188476953095e-14,RECOVERABLE,0.0,1,False,True,UNDECIDED_GT
n3_s00843_d0,n3,104570901,3,MNAR_self,True,acyclic,True,8,"['mean', 0]",0.26302975412536267,UNDETERMINED_RELAXED_FRAGILE,round2:no model witness; relaxation varies,0.5,7.93809462606987e-15,RECOVERABLE,0.0,1,False,True,UNDECIDED_GT
n3_s00843_d0,n3,104570901,3,MNAR_self,True,acyclic,True,8,"['mean', 1]",,RECOVERABLE,formula:anchor_direct,,,RECOVERABLE,0.0,1,False,True,True
n3_s00867_d0,n3,106970901,3,MNAR_self,True,acyclic,True,8,"['mean', 0]",0.3032593382888586,UNDETERMINED_RELAXED_FRAGILE,round2:no model witness; relaxation varies,0.5,2.9976021664879227e-15,RECOVERABLE,0.0,1,False,True,UNDECIDED_GT
n3_s00867_d0,n3,106970901,3,MNAR_self,True,acyclic,True,8,"['mean', 1]",,RECOVERABLE,formula:anchor_direct,,,RECOVERABLE,0.0,1,False,True,True
n3_s00891_d0,n3,109370901,3,MNAR_self,True,acyclic,True,8,"['mean', 0]",0.7807444939669943,UNDETERMINED_RELAXED_FRAGILE,round2:no model witness; relaxation varies,0.5,2.55351295663786e-15,RECOVERABLE,0.0,1,False,True,UNDECIDED_GT
n3_s00891_d0,n3,109370901,3,MNAR_self,True,acyclic,True,8,"['mean', 1]",0.6880030018295216,UNDETERMINED_RELAXED_FRAGILE,round2:no model witness; relaxation varies,0.5,2.6756374893466273e-14,RECOVERABLE,0.0,1,False,True,UNDECIDED_GT
n3_s00908_d0,n3,111070901,3,MNAR_self,True,acyclic,True,8,"['mean', 0]",0.330251649193807,UNDETERMINED_RELAXED_FRAGILE,round2:no model witness; relaxation varies,0.5,3.2751579226442118e-15,RECOVERABLE,0.0,1,False,True,UNDECIDED_GT
n3_s00908_d0,n3,111070901,3,MNAR_self,True,acyclic,True,8,"['mean', 1]",,RECOVERABLE,formula:anchor_direct,,,RECOVERABLE,0.0,1,False,True,True
n3_s00948_d0,n3,115070901,3,MNAR_self,True,acyclic,True,8,"['mean', 0]",0.22866467130120804,UNDETERMINED_RELAXED_FRAGILE,round2:no model witness; relaxation varies,0.5,8.326672684688674e-17,RECOVERABLE,0.0,1,False,True,UNDECIDED_GT
n3_s00948_d0,n3,115070901,3,MNAR_self,True,acyclic,True,8,"['mean', 1]",0.21142308159609824,UNDETERMINED_RELAXED_FRAGILE,round2:no model witness; relaxation varies,0.5,5.9119376061289586e-15,RECOVERABLE,0.0,1,False,True,UNDECIDED_GT
n3_s00964_d0,n3,116670901,3,MNAR_self,True,acyclic,True,8,"['mean', 0]",0.5082459252280581,UNRECOVERABLE,model_witness(rootjump) dphi=0.1587 dist=1.1e-16,0.49999999999999994,0.1586654239164158,UNRECOVERABLE,0.2365353045243478,12,False,True,True
n3_s00964_d0,n3,116670901,3,MNAR_self,True,acyclic,True,8,"['mean', 1]",,RECOVERABLE,formula:anchor_direct,,,RECOVERABLE,8.326672684688674e-17,12,False,True,True
n3_s00989_d0,n3,119170901,3,MNAR_self,True,acyclic,True,8,"['mean', 0]",0.32858975842503224,UNDETERMINED_RELAXED_FRAGILE,round2:no model witness; relaxation varies,0.5,4.372613382486179e-13,RECOVERABLE,0.0,1,False,True,UNDECIDED_GT
n3_s00989_d0,n3,119170901,3,MNAR_self,True,acyclic,True,8,"['mean', 1]",0.23525119010473036,UNDETERMINED_RELAXED_FRAGILE,round2:no model witness; relaxation varies,0.5,1.8685053504441385e-13,RECOVERABLE,0.0,1,False,True,UNDECIDED_GT
n3_s01003_d0,n3,120570901,3,MNAR_self,True,acyclic,True,8,"['mean', 0]",0.4290194867787961,UNDETERMINED_RELAXED_FRAGILE,round2:no model witness; relaxation varies,0.5,7.605027718682322e-15,RECOVERABLE,0.0,1,False,True,UNDECIDED_GT
n3_s01003_d0,n3,120570901,3,MNAR_self,True,acyclic,True,8,"['mean', 1]",,RECOVERABLE,formula:anchor_direct,,,RECOVERABLE,0.0,1,False,True,True
n3_s01021_d0,n3,122370901,3,MNAR_self,True,acyclic,True,8,"['mean', 0]",0.18893963179855933,UNDETERMINED_RELAXED_FRAGILE,round2:no model witness; relaxation varies,0.5,2.1643797865067427e-13,RECOVERABLE,0.0,1,False,True,UNDECIDED_GT
n3_s01021_d0,n3,122370901,3,MNAR_self,True,acyclic,True,8,"['mean', 1]",0.1799456624117616,UNDETERMINED_RELAXED_FRAGILE,round2:no model witness; relaxation varies,0.5,7.632228182785639e-13,RECOVERABLE,0.0,1,False,True,UNDECIDED_GT
n3_s01044_d0,n3,124670901,3,MNAR_self,True,acyclic,True,8,"['mean', 0]",,RECOVERABLE,formula:direct_full_pattern,,,RECOVERABLE,0.0,1,False,True,True
n3_s01044_d0,n3,124670901,3,MNAR_self,True,acyclic,True,8,"['mean', 1]",0.1774288789837247,UNDETERMINED_RELAXED_FRAGILE,round2:no model witness; relaxation varies,0.5,1.111610803405938e-13,RECOVERABLE,0.0,1,False,True,UNDECIDED_GT
n3_s01075_d0,n3,127770901,3,MNAR_self,True,acyclic,True,8,"['mean', 0]",,RECOVERABLE,formula:anchor_direct,,,RECOVERABLE,0.0,1,False,True,True
n3_s01075_d0,n3,127770901,3,MNAR_self,True,acyclic,True,8,"['mean', 1]",0.790736532671577,UNDETERMINED_RELAXED_FRAGILE,round2:no model witness; relaxation varies,0.5,1.6431300764452317e-14,RECOVERABLE,0.0,1,False,True,UNDECIDED_GT
n3_s01099_d0,n3,130170901,3,MNAR_self,True,acyclic,True,8,"['mean', 0]",0.475518757125947,UNDETERMINED_RELAXED_FRAGILE,round2:no model witness; relaxation varies,0.49999999999999994,1.152966611073225e-13,RECOVERABLE,0.0,1,False,True,UNDECIDED_GT
n3_s01099_d0,n3,130170901,3,MNAR_self,True,acyclic,True,8,"['mean', 1]",,RECOVERABLE,formula:anchor_direct,,,RECOVERABLE,0.0,1,False,True,True
n3_s01117_d0,n3,131970901,3,MNAR_self,True,acyclic,True,8,"['mean', 0]",0.16915312943720962,UNDETERMINED_RELAXED_FRAGILE,round2:no model witness; relaxation varies,0.5,6.494804694057166e-15,RECOVERABLE,0.0,1,False,True,UNDECIDED_GT
n3_s01117_d0,n3,131970901,3,MNAR_self,True,acyclic,True,8,"['mean', 1]",0.2265646087966809,UNDETERMINED_RELAXED_FRAGILE,round2:no model witness; relaxation varies,0.5,1.1102230246251565e-16,RECOVERABLE,0.0,1,False,True,UNDECIDED_GT
n3_s01146_d0,n3,134870901,3,MNAR_self,True,acyclic,True,8,"['mean', 0]",0.32151244138493507,UNDETERMINED_RELAXED_FRAGILE,round2:no model witness; relaxation varies,0.5,5.551115123125783e-16,RECOVERABLE,2.7755575615628914e-16,12,False,True,UNDECIDED_GT
n3_s01146_d0,n3,134870901,3,MNAR_self,True,acyclic,True,8,"['mean', 1]",0.22333955124810395,UNDETERMINED_RELAXED_FRAGILE,round2:no model witness; relaxation varies,0.5,1.3072876114961218e-14,RECOVERABLE,2.886579864025407e-15,12,False,True,UNDECIDED_GT
n3_s01165_d0,n3,136770901,3,MNAR_self,True,acyclic,True,8,"['mean', 0]",,RECOVERABLE,formula:anchor_direct,,,RECOVERABLE,0.0,1,False,True,True
n3_s01165_d0,n3,136770901,3,MNAR_self,True,acyclic,True,8,"['mean', 1]",,RECOVERABLE,formula:anchor_direct,,,RECOVERABLE,0.0,1,False,True,True
n3_s01193_d0,n3,139570901,3,MNAR_other,False,acyclic,True,8,"['mean', 0]",,RECOVERABLE,formula:anchor_direct,,,RECOVERABLE,0.0,1,False,True,True
n3_s01193_d0,n3,139570901,3,MNAR_other,False,acyclic,True,8,"['mean', 1]",0.5872633531836077,UNDETERMINED_RELAXED_FRAGILE,round2:no model witness; relaxation varies,0.5,4.440892098500626e-16,RECOVERABLE,0.0,1,False,True,UNDECIDED_GT
n3_s01212_d0,n3,141470901,3,MNAR_self,True,acyclic,True,8,"['mean', 0]",,RECOVERABLE,formula:anchor_direct,,,RECOVERABLE,0.0,1,False,True,True
n3_s01212_d0,n3,141470901,3,MNAR_self,True,acyclic,True,8,"['mean', 1]",0.797665229800075,UNDETERMINED_RELAXED_FRAGILE,round2:no model witness; relaxation varies,0.5,8.493206138382448e-14,RECOVERABLE,0.0,1,False,True,UNDECIDED_GT
n3_s01233_d0,n3,143570901,3,MNAR_self,True,acyclic,True,8,"['mean', 0]",0.19925571980823156,UNDETERMINED_RELAXED_FRAGILE,round2:no model witness; relaxation varies,0.5,5.662137425588298e-15,RECOVERABLE,0.0,1,False,True,UNDECIDED_GT
n3_s01233_d0,n3,143570901,3,MNAR_self,True,acyclic,True,8,"['mean', 1]",0.8489388435494192,UNDETERMINED_RELAXED_FRAGILE,round2:no model witness; relaxation varies,0.5,6.772360450213455e-15,RECOVERABLE,0.0,1,False,True,UNDECIDED_GT
n3_s01257_d0,n3,145970901,3,MNAR_self,True,acyclic,True,8,"['mean', 0]",0.5333420532248261,UNDETERMINED_RELAXED_FRAGILE,round2:no model witness; relaxation varies,0.5,3.4416913763379853e-15,RECOVERABLE,0.0,1,False,True,UNDECIDED_GT
n3_s01257_d0,n3,145970901,3,MNAR_self,True,acyclic,True,8,"['mean', 1]",0.2947427764784442,UNDETERMINED_RELAXED_FRAGILE,round2:no model witness; relaxation varies,0.5,3.885780586188048e-16,RECOVERABLE,0.0,1,False,True,UNDECIDED_GT
n3_s01294_d0,n3,149670901,3,MNAR_self,True,acyclic,True,8,"['mean', 0]",,RECOVERABLE,formula:anchor_direct,,,RECOVERABLE,0.0,1,False,True,True
n3_s01294_d0,n3,149670901,3,MNAR_self,True,acyclic,True,8,"['mean', 1]",,RECOVERABLE,formula:anchor_direct,,,RECOVERABLE,0.0,1,False,True,True
n3_s01326_d0,n3,152870901,3,MNAR_self,True,acyclic,True,8,"['mean', 0]",,RECOVERABLE,formula:anchor_direct,,,RECOVERABLE,0.0,1,False,True,True
n3_s01326_d0,n3,152870901,3,MNAR_self,True,acyclic,True,8,"['mean', 1]",0.7391495670979457,UNDETERMINED_RELAXED_FRAGILE,round2:no model witness; relaxation varies,0.5,2.220446049250313e-16,RECOVERABLE,0.0,1,False,True,UNDECIDED_GT
n3_s01357_d0,n3,155970901,3,MNAR_self,True,acyclic,True,8,"['mean', 0]",0.747095718666666,UNDETERMINED_RELAXED_FRAGILE,round2:no model witness; relaxation varies,0.49999999999999994,1.9872992140790302e-14,RECOVERABLE,0.0,1,False,True,UNDECIDED_GT
n3_s01357_d0,n3,155970901,3,MNAR_self,True,acyclic,True,8,"['mean', 1]",,RECOVERABLE,formula:anchor_direct,,,RECOVERABLE,0.0,1,False,True,True
n3_s01374_d0,n3,157670901,3,MNAR_self,True,acyclic,True,8,"['mean', 0]",0.21087811289435948,UNDETERMINED_RELAXED_FRAGILE,round2:no model witness; relaxation varies,0.5,5.878630915390204e-14,RECOVERABLE,0.0,1,False,True,UNDECIDED_GT
n3_s01374_d0,n3,157670901,3,MNAR_self,True,acyclic,True,8,"['mean', 1]",0.5097915616143616,UNDETERMINED_RELAXED_FRAGILE,round2:no model witness; relaxation varies,0.5,2.55351295663786e-15,RECOVERABLE,0.0,1,False,True,UNDECIDED_GT
n3_s01398_d0,n3,160070901,3,MNAR_self,True,acyclic,True,8,"['mean', 0]",0.3576566306634021,UNRECOVERABLE,model_witness(rootjump) dphi=0.2004 dist=1.7e-16,0.5,0.20037941038517343,UNRECOVERABLE,0.31168188503739597,12,False,True,True
n3_s01398_d0,n3,160070901,3,MNAR_self,True,acyclic,True,8,"['mean', 1]",0.2191156209698742,UNDETERMINED_RELAXED_FRAGILE,round2:no model witness; relaxation varies,0.5,1.2803647031489618e-13,RECOVERABLE,7.188694084447889e-15,12,False,True,UNDECIDED_GT
n3_s01417_d0,n3,161970901,3,MNAR_other,False,acyclic,True,8,"['mean', 0]",,RECOVERABLE,formula:anchor_direct,,,RECOVERABLE,0.0,1,False,True,True
n3_s01417_d0,n3,161970901,3,MNAR_other,False,acyclic,True,8,"['mean', 1]",,RECOVERABLE,formula:anchor_direct,,,RECOVERABLE,0.0,1,False,True,True
n3_s01439_d0,n3,164170901,3,MNAR_self,True,acyclic,True,8,"['mean', 0]",,RECOVERABLE,formula:anchor_direct,,,RECOVERABLE,0.0,1,False,True,True
n3_s01439_d0,n3,164170901,3,MNAR_self,True,acyclic,True,8,"['mean', 1]",0.5402817103961479,UNDETERMINED_RELAXED_FRAGILE,round2:no model witness; relaxation varies,0.5,6.661338147750939e-15,RECOVERABLE,0.0,1,False,True,UNDECIDED_GT
n3_s01458_d0,n3,166070901,3,MNAR_self,True,acyclic,True,8,"['mean', 0]",,RECOVERABLE,formula:direct_full_pattern,,,RECOVERABLE,0.0,1,False,True,True
n3_s01458_d0,n3,166070901,3,MNAR_self,True,acyclic,True,8,"['mean', 1]",0.18988480820657813,UNDETERMINED_RELAXED_FRAGILE,round2:no model witness; relaxation varies,0.5,8.604228440844963e-15,RECOVERABLE,0.0,1,False,True,UNDECIDED_GT
n3_s01479_d0,n3,168170901,3,MNAR_self,True,acyclic,True,8,"['mean', 0]",0.4214209889697328,UNRECOVERABLE,model_witness(rootjump) dphi=0.0736 dist=1.7e-16,0.5,0.07356602844381488,UNRECOVERABLE,0.03095269088136582,12,False,True,True
n3_s01479_d0,n3,168170901,3,MNAR_self,True,acyclic,True,8,"['mean', 1]",,RECOVERABLE,formula:anchor_direct,,,RECOVERABLE,1.1102230246251565e-16,12,False,True,True
n3_s01500_d0,n3,170270901,3,MNAR_self,True,acyclic,True,8,"['mean', 0]",0.2000005991981354,UNDETERMINED_RELAXED_FRAGILE,round2:no model witness; relaxation varies,0.5,7.150391390098321e-13,RECOVERABLE,0.0,1,False,True,UNDECIDED_GT
n3_s01500_d0,n3,170270901,3,MNAR_self,True,acyclic,True,8,"['mean', 1]",0.31159932707665794,UNDETERMINED_RELAXED_FRAGILE,round2:no model witness; relaxation varies,0.5,2.1649348980190553e-15,RECOVERABLE,0.0,1,False,True,UNDECIDED_GT
n3_s01517_d0,n3,171970901,3,MNAR_self,True,acyclic,True,8,"['mean', 0]",0.16203254786493554,UNDETERMINED_RELAXED_FRAGILE,round2:no model witness; relaxation varies,0.5,2.0539125955565396e-15,RECOVERABLE,0.0,1,False,True,UNDECIDED_GT
n3_s01517_d0,n3,171970901,3,MNAR_self,True,acyclic,True,8,"['mean', 1]",0.3683914418583795,UNDETERMINED_RELAXED_FRAGILE,round2:no model witness; relaxation varies,0.5,5.551115123125783e-16,RECOVERABLE,0.0,1,False,True,UNDECIDED_GT
n3_s01537_d0,n3,173970901,3,MNAR_other,False,acyclic,True,8,"['mean', 0]",,RECOVERABLE,formula:anchor_direct,,,RECOVERABLE,0.0,1,False,True,True
n3_s01537_d0,n3,173970901,3,MNAR_other,False,acyclic,True,8,"['mean', 1]",,RECOVERABLE,formula:direct_full_pattern,,,RECOVERABLE,0.0,1,False,True,True
n3_s01568_d0,n3,177070901,3,MNAR_other,False,acyclic,True,8,"['mean', 0]",,RECOVERABLE,formula:anchor_direct,,,RECOVERABLE,0.0,1,False,True,True
n3_s01568_d0,n3,177070901,3,MNAR_other,False,acyclic,True,8,"['mean', 1]",0.5572030729438452,UNDETERMINED_RELAXED_FRAGILE,round2:no model witness; relaxation varies,0.5,1.4432899320127035e-15,RECOVERABLE,0.0,1,False,True,UNDECIDED_GT
n3_s01581_d0,n3,178370901,3,MNAR_self,True,acyclic,True,8,"['mean', 0]",,RECOVERABLE,formula:anchor_direct,,,RECOVERABLE,0.0,1,False,True,True
n3_s01581_d0,n3,178370901,3,MNAR_self,True,acyclic,True,8,"['mean', 1]",0.38999165935866376,UNDETERMINED_RELAXED_FRAGILE,round2:no model witness; relaxation varies,0.5,4.996003610813204e-16,RECOVERABLE,0.0,1,False,True,UNDECIDED_GT
n3_s01607_d0,n3,180970901,3,MNAR_self,True,acyclic,True,8,"['mean', 0]",0.3660056848171923,UNDETERMINED_RELAXED_FRAGILE,round2:no model witness; relaxation varies,0.5,6.816769371198461e-14,RECOVERABLE,1.9984014443252818e-14,12,False,True,UNDECIDED_GT
n3_s01607_d0,n3,180970901,3,MNAR_self,True,acyclic,True,8,"['mean', 1]",,RECOVERABLE,formula:anchor_direct,,,RECOVERABLE,3.3306690738754696e-16,12,False,True,True
n3_s01644_d0,n3,184670901,3,MNAR_self,True,acyclic,True,8,"['mean', 0]",0.5698306124805376,UNDETERMINED_RELAXED_FRAGILE,round2:no model witness; relaxation varies,0.5,3.4416913763379853e-15,RECOVERABLE,0.0,1,False,True,UNDECIDED_GT
n3_s01644_d0,n3,184670901,3,MNAR_self,True,acyclic,True,8,"['mean', 1]",0.3621467971561484,UNDETERMINED_RELAXED_FRAGILE,round2:no model witness; relaxation varies,0.5,2.609024107869118e-15,RECOVERABLE,0.0,1,False,True,UNDECIDED_GT
n3_s01670_d0,n3,187270901,3,MNAR_self,True,acyclic,True,8,"['mean', 0]",,RECOVERABLE,formula:anchor_direct,,,RECOVERABLE,0.0,1,False,True,True
n3_s01670_d0,n3,187270901,3,MNAR_self,True,acyclic,True,8,"['mean', 1]",,RECOVERABLE,formula:anchor_direct,,,RECOVERABLE,0.0,1,False,True,True
n3_s01696_d0,n3,189870901,3,MNAR_other,False,acyclic,True,8,"['mean', 0]",,RECOVERABLE,formula:anchor_direct,,,RECOVERABLE,0.0,1,False,True,True
n3_s01696_d0,n3,189870901,3,MNAR_other,False,acyclic,True,8,"['mean', 1]",0.8291733731678836,UNDETERMINED_RELAXED_FRAGILE,round2:no model witness; relaxation varies,0.5,3.3306690738754696e-16,RECOVERABLE,0.0,1,False,True,UNDECIDED_GT
n3_s01729_d0,n3,193170901,3,MNAR_self,True,acyclic,True,8,"['mean', 0]",0.5574054646833108,UNDETERMINED_RELAXED_FRAGILE,round2:no model witness; relaxation varies,0.5,2.1316282072803006e-14,RECOVERABLE,0.0,1,False,True,UNDECIDED_GT
n3_s01729_d0,n3,193170901,3,MNAR_self,True,acyclic,True,8,"['mean', 1]",,RECOVERABLE,formula:anchor_direct,,,RECOVERABLE,0.0,1,False,True,True
n3_s01753_d0,n3,195570901,3,MNAR_self,True,acyclic,True,8,"['mean', 0]",0.7151650087301112,UNDETERMINED_RELAXED_FRAGILE,round2:no model witness; relaxation varies,0.5,6.661338147750939e-16,RECOVERABLE,0.0,1,False,True,UNDECIDED_GT
n3_s01753_d0,n3,195570901,3,MNAR_self,True,acyclic,True,8,"['mean', 1]",0.19549827676351267,UNDETERMINED_RELAXED_FRAGILE,round2:no model witness; relaxation varies,0.5,4.413136522884997e-15,RECOVERABLE,0.0,1,False,True,UNDECIDED_GT
n3_s01789_d0,n3,199170901,3,MNAR_self,True,acyclic,True,8,"['mean', 0]",0.21559118719440173,UNDETERMINED_RELAXED_FRAGILE,round2:no model witness; relaxation varies,0.5,3.808064974464287e-14,RECOVERABLE,0.0,1,False,True,UNDECIDED_GT
n3_s01789_d0,n3,199170901,3,MNAR_self,True,acyclic,True,8,"['mean', 1]",0.5025786929110585,UNDETERMINED_RELAXED_FRAGILE,round2:no model witness; relaxation varies,0.5,3.0309088572266774e-14,RECOVERABLE,0.0,1,False,True,UNDECIDED_GT
n3_s01821_d0,n3,202370901,3,MNAR_self,True,acyclic,True,8,"['mean', 0]",0.6055110473887166,UNDETERMINED_RELAXED_FRAGILE,round2:no model witness; relaxation varies,0.5,3.6637359812630166e-15,RECOVERABLE,0.0,1,False,True,UNDECIDED_GT
n3_s01821_d0,n3,202370901,3,MNAR_self,True,acyclic,True,8,"['mean', 1]",0.5363785972164594,UNDETERMINED_RELAXED_FRAGILE,round2:no model witness; relaxation varies,0.5,2.6645352591003757e-15,RECOVERABLE,0.0,1,False,True,UNDECIDED_GT
n3_s01840_d0,n3,204270901,3,MNAR_self,True,acyclic,True,8,"['mean', 0]",0.7753269185412712,UNDETERMINED_RELAXED_FRAGILE,round2:no model witness; relaxation varies,0.5,4.440892098500626e-16,RECOVERABLE,0.0,1,False,True,UNDECIDED_GT
n3_s01840_d0,n3,204270901,3,MNAR_self,True,acyclic,True,8,"['mean', 1]",0.22329154700972859,UNDETERMINED_RELAXED_FRAGILE,round2:no model witness; relaxation varies,0.5,2.955968803064479e-14,RECOVERABLE,0.0,1,False,True,UNDECIDED_GT
n3_s01858_d0,n3,206070901,3,MNAR_self,True,acyclic,True,8,"['mean', 0]",0.1586973849984356,UNDETERMINED_RELAXED_FRAGILE,round2:no model witness; relaxation varies,0.5,7.993605777301127e-15,RECOVERABLE,0.0,1,False,True,UNDECIDED_GT
n3_s01858_d0,n3,206070901,3,MNAR_self,True,acyclic,True,8,"['mean', 1]",,RECOVERABLE,formula:anchor_direct,,,RECOVERABLE,0.0,1,False,True,True
n3_s01878_d0,n3,208070901,3,MNAR_self,True,acyclic,True,8,"['mean', 0]",0.2913981462317562,UNDETERMINED_RELAXED_FRAGILE,round2:no model witness; relaxation varies,0.5,1.1879386363489175e-14,RECOVERABLE,0.0,1,False,True,UNDECIDED_GT
n3_s01878_d0,n3,208070901,3,MNAR_self,True,acyclic,True,8,"['mean', 1]",0.2521438407726338,UNDETERMINED_RELAXED_FRAGILE,round2:no model witness; relaxation varies,0.5,7.494005416219807e-15,RECOVERABLE,0.0,1,False,True,UNDECIDED_GT
n3_s01901_d0,n3,210370901,3,MNAR_self,True,acyclic,True,8,"['mean', 0]",0.3169158643521479,UNDETERMINED_RELAXED_FRAGILE,round2:no model witness; relaxation varies,0.5,1.354472090042691e-14,RECOVERABLE,0.0,1,False,True,UNDECIDED_GT
n3_s01901_d0,n3,210370901,3,MNAR_self,True,acyclic,True,8,"['mean', 1]",0.8293746386007633,UNDETERMINED_RELAXED_FRAGILE,round2:no model witness; relaxation varies,0.5,8.881784197001252e-16,RECOVERABLE,0.0,1,False,True,UNDECIDED_GT
n3_s01920_d0,n3,212270901,3,MNAR_other,False,acyclic,True,8,"['mean', 0]",0.7562508604099079,UNDETERMINED_RELAXED_FRAGILE,round2:no model witness; relaxation varies,0.5,3.774758283725532e-15,RECOVERABLE,0.0,1,False,True,UNDECIDED_GT
n3_s01920_d0,n3,212270901,3,MNAR_other,False,acyclic,True,8,"['mean', 1]",,RECOVERABLE,formula:anchor_direct,,,RECOVERABLE,0.0,1,False,True,True
n3_s01949_d0,n3,215170901,3,MNAR_self,True,acyclic,True,8,"['mean', 0]",0.5576152483081448,UNDETERMINED_RELAXED_FRAGILE,round2:no model witness; relaxation varies,0.5,2.920996777788787e-13,RECOVERABLE,0.0,1,False,True,UNDECIDED_GT
n3_s01949_d0,n3,215170901,3,MNAR_self,True,acyclic,True,8,"['mean', 1]",0.6788759734352724,UNDETERMINED_RELAXED_FRAGILE,round2:no model witness; relaxation varies,0.5,4.551914400963142e-15,RECOVERABLE,0.0,1,False,True,UNDECIDED_GT
n3_s01972_d0,n3,217470901,3,MNAR_self,True,acyclic,True,8,"['mean', 0]",0.3919315087744914,UNDETERMINED_RELAXED_FRAGILE,round2:no model witness; relaxation varies,0.5,2.7755575615628914e-16,RECOVERABLE,0.0,1,False,True,UNDECIDED_GT
n3_s01972_d0,n3,217470901,3,MNAR_self,True,acyclic,True,8,"['mean', 1]",0.6805522005984419,UNDETERMINED_RELAXED_FRAGILE,round2:no model witness; relaxation varies,0.5,6.439293542825908e-15,RECOVERABLE,0.0,1,False,True,UNDECIDED_GT
n3_s01994_d0,n3,219670901,3,MNAR_self,True,acyclic,True,8,"['mean', 0]",0.5954806775608947,UNDETERMINED_RELAXED_FRAGILE,round2:no model witness; relaxation varies,0.5,2.715605518233133e-13,RECOVERABLE,9.992007221626409e-16,12,False,True,UNDECIDED_GT
n3_s01994_d0,n3,219670901,3,MNAR_self,True,acyclic,True,8,"['mean', 1]",,RECOVERABLE,formula:anchor_direct,,,RECOVERABLE,1.1102230246251565e-16,12,False,True,True
n3_s02020_d0,n3,222270901,3,MNAR_self,True,acyclic,True,8,"['mean', 0]",0.7867501654022753,UNRECOVERABLE,model_witness(rootjump) dphi=0.1771 dist=2.2e-16,0.5,0.17714654241229966,UNRECOVERABLE,0.1735424358952402,12,False,True,True
n3_s02020_d0,n3,222270901,3,MNAR_self,True,acyclic,True,8,"['mean', 1]",0.2882508158923198,UNDETERMINED_RELAXED_FRAGILE,round2:no model witness; relaxation varies,0.5,1.7763568394002505e-15,RECOVERABLE,4.996003610813204e-16,12,False,True,UNDECIDED_GT
n3_s02051_d0,n3,225370901,3,MNAR_other,False,acyclic,True,8,"['mean', 0]",,RECOVERABLE,formula:anchor_direct,,,RECOVERABLE,0.0,1,False,True,True
n3_s02051_d0,n3,225370901,3,MNAR_other,False,acyclic,True,8,"['mean', 1]",,RECOVERABLE,formula:anchor_direct,,,RECOVERABLE,0.0,1,False,True,True
n3_s02078_d0,n3,228070901,3,MNAR_self,True,acyclic,True,8,"['mean', 0]",,RECOVERABLE,formula:anchor_direct,,,RECOVERABLE,1.1102230246251565e-16,12,False,True,True
n3_s02078_d0,n3,228070901,3,MNAR_self,True,acyclic,True,8,"['mean', 1]",0.49759599605272475,UNDETERMINED_RELAXED_FRAGILE,round2:no model witness; relaxation varies,0.5,1.6486811915683575e-14,RECOVERABLE,2.7755575615628914e-16,12,False,True,UNDECIDED_GT
n3_s02100_d0,n3,230270901,3,MNAR_self,True,acyclic,True,8,"['mean', 0]",,RECOVERABLE,formula:anchor_direct,,,RECOVERABLE,0.0,1,False,True,True
n3_s02100_d0,n3,230270901,3,MNAR_self,True,acyclic,True,8,"['mean', 1]",0.22250970528506328,UNDETERMINED_RELAXED_FRAGILE,round2:no model witness; relaxation varies,0.5,6.684097719755755e-13,RECOVERABLE,0.0,1,False,True,UNDECIDED_GT
n3_s02120_d0,n3,232270901,3,MNAR_self,True,acyclic,True,8,"['mean', 0]",0.7173116414601232,UNDETERMINED_RELAXED_FRAGILE,round2:no model witness; relaxation varies,0.5,4.363176486776865e-14,RECOVERABLE,0.0,1,False,True,UNDECIDED_GT
n3_s02120_d0,n3,232270901,3,MNAR_self,True,acyclic,True,8,"['mean', 1]",0.5183085855082843,UNDETERMINED_RELAXED_FRAGILE,round2:no model witness; relaxation varies,0.5,1.3322676295501878e-15,RECOVERABLE,0.0,1,False,True,UNDECIDED_GT
n3_s02153_d0,n3,235570901,3,MNAR_self,True,acyclic,True,8,"['mean', 0]",0.28506728843368934,UNDETERMINED_RELAXED_FRAGILE,round2:no model witness; relaxation varies,0.5,2.1815882433884326e-14,RECOVERABLE,0.0,1,False,True,UNDECIDED_GT
n3_s02153_d0,n3,235570901,3,MNAR_self,True,acyclic,True,8,"['mean', 1]",0.6236749568013056,UNDETERMINED_RELAXED_FRAGILE,round2:no model witness; relaxation varies,0.5,2.220446049250313e-16,RECOVERABLE,0.0,1,False,True,UNDECIDED_GT
n3_s02178_d0,n3,238070901,3,MNAR_other,False,acyclic,True,8,"['mean', 0]",0.15188529177033955,UNDETERMINED_RELAXED_FRAGILE,round2:no model witness; relaxation varies,0.49999999999999994,2.6367796834847468e-15,RECOVERABLE,0.0,1,False,True,UNDECIDED_GT
n3_s02178_d0,n3,238070901,3,MNAR_other,False,acyclic,True,8,"['mean', 1]",,RECOVERABLE,formula:anchor_direct,,,RECOVERABLE,0.0,1,False,True,True
n3_s02217_d0,n3,241970901,3,MNAR_other,False,acyclic,True,8,"['mean', 0]",0.7191466737104446,UNDETERMINED_RELAXED_FRAGILE,round2:no model witness; relaxation varies,0.5,2.6645352591003757e-15,RECOVERABLE,0.0,1,False,True,UNDECIDED_GT
n3_s02217_d0,n3,241970901,3,MNAR_other,False,acyclic,True,8,"['mean', 1]",0.6699109413876,UNDETERMINED_RELAXED_FRAGILE,round2:no model witness; relaxation varies,0.5,4.773959005888173e-15,RECOVERABLE,0.0,1,False,True,UNDECIDED_GT
n3_s02238_d0,n3,244070901,3,MNAR_self,True,acyclic,True,8,"['mean', 0]",0.7947764876161734,UNDETERMINED_RELAXED_FRAGILE,round2:no model witness; relaxation varies,0.5,3.68594044175552e-14,RECOVERABLE,0.0,1,False,True,UNDECIDED_GT
n3_s02238_d0,n3,244070901,3,MNAR_self,True,acyclic,True,8,"['mean', 1]",0.527467935019057,UNDETERMINED_RELAXED_FRAGILE,round2:no model witness; relaxation varies,0.5,4.884981308350689e-15,RECOVERABLE,0.0,1,False,True,UNDECIDED_GT
n3_s02266_d0,n3,246870901,3,MNAR_self,True,acyclic,True,8,"['mean', 0]",0.3867699017379458,UNDETERMINED_RELAXED_FRAGILE,round2:no model witness; relaxation varies,0.5,5.736522368238184e-13,RECOVERABLE,0.0,1,False,True,UNDECIDED_GT
n3_s02266_d0,n3,246870901,3,MNAR_self,True,acyclic,True,8,"['mean', 1]",0.6702778457543708,UNDETERMINED_RELAXED_FRAGILE,round2:no model witness; relaxation varies,0.5,2.794431352981519e-13,RECOVERABLE,0.0,1,False,True,UNDECIDED_GT
n3_s02293_d0,n3,249570901,3,MNAR_self,True,acyclic,True,8,"['mean', 0]",0.5666012315394896,UNDETERMINED_RELAXED_FRAGILE,round2:no model witness; relaxation varies,0.5,1.887379141862766e-14,RECOVERABLE,0.0,1,False,True,UNDECIDED_GT
n3_s02293_d0,n3,249570901,3,MNAR_self,True,acyclic,True,8,"['mean', 1]",0.6084157136578259,UNDETERMINED_RELAXED_FRAGILE,round2:no model witness; relaxation varies,0.5,1.7763568394002505e-15,RECOVERABLE,0.0,1,False,True,UNDECIDED_GT
n3_s02311_d0,n3,251370901,3,MNAR_self,True,acyclic,True,8,"['mean', 0]",,RECOVERABLE,formula:anchor_direct,,,RECOVERABLE,0.0,1,False,True,True
n3_s02311_d0,n3,251370901,3,MNAR_self,True,acyclic,True,8,"['mean', 1]",,RECOVERABLE,formula:anchor_direct,,,RECOVERABLE,0.0,1,False,True,True
n3_s02343_d0,n3,254570901,3,MNAR_self,True,acyclic,True,8,"['mean', 0]",,RECOVERABLE,formula:anchor_direct,,,RECOVERABLE,0.0,1,False,True,True
n3_s02343_d0,n3,254570901,3,MNAR_self,True,acyclic,True,8,"['mean', 1]",,RECOVERABLE,formula:anchor_direct,,,RECOVERABLE,0.0,1,False,True,True
n3_s02374_d0,n3,257670901,3,MNAR_self,True,acyclic,True,8,"['mean', 0]",0.3232035828560945,UNDETERMINED_RELAXED_FRAGILE,round2:no model witness; relaxation varies,0.5,7.216449660063518e-16,RECOVERABLE,0.0,1,False,True,UNDECIDED_GT
n3_s02374_d0,n3,257670901,3,MNAR_self,True,acyclic,True,8,"['mean', 1]",,RECOVERABLE,formula:anchor_direct,,,RECOVERABLE,0.0,1,False,True,True
n3_s02393_d0,n3,259570901,3,MNAR_self,True,acyclic,True,8,"['mean', 0]",0.7249176731734855,UNDETERMINED_RELAXED_FRAGILE,round2:no model witness; relaxation varies,0.49999999999999994,5.329070518200751e-15,RECOVERABLE,6.217248937900877e-15,12,False,True,UNDECIDED_GT
n3_s02393_d0,n3,259570901,3,MNAR_self,True,acyclic,True,8,"['mean', 1]",0.43519797179247066,UNRECOVERABLE,model_witness(rootjump) dphi=0.2375 dist=1.1e-16,0.5,0.23746291189286678,UNRECOVERABLE,0.1937856132459731,12,False,True,True
n3_s02415_d0,n3,261770901,3,MNAR_self,True,acyclic,True,8,"['mean', 0]",0.5251589123317341,UNDETERMINED_RELAXED_FRAGILE,round2:no model witness; relaxation varies,0.5,2.3314683517128287e-15,RECOVERABLE,0.0,1,False,True,UNDECIDED_GT
n3_s02415_d0,n3,261770901,3,MNAR_self,True,acyclic,True,8,"['mean', 1]",0.5919234744915627,UNDETERMINED_RELAXED_FRAGILE,round2:no model witness; relaxation varies,0.5,4.440892098500626e-16,RECOVERABLE,0.0,1,False,True,UNDECIDED_GT
n3_s02443_d0,n3,264570901,3,MNAR_other,False,acyclic,True,8,"['mean', 0]",0.6327428661613711,UNDETERMINED_RELAXED_FRAGILE,round2:no model witness; relaxation varies,0.5,3.3306690738754696e-16,RECOVERABLE,0.0,1,False,True,UNDECIDED_GT
n3_s02443_d0,n3,264570901,3,MNAR_other,False,acyclic,True,8,"['mean', 1]",0.46742017431694277,UNDETERMINED_RELAXED_FRAGILE,round2:no model witness; relaxation varies,0.5,3.885780586188048e-16,RECOVERABLE,0.0,1,False,True,UNDECIDED_GT
n3_s02456_d0,n3,265870901,3,MNAR_self,True,acyclic,True,8,"['mean', 0]",0.16178065144593218,UNDETERMINED_RELAXED_FRAGILE,round2:no model witness; relaxation varies,0.5,3.7192471324942744e-15,RECOVERABLE,0.0,1,False,True,UNDECIDED_GT
n3_s02456_d0,n3,265870901,3,MNAR_self,True,acyclic,True,8,"['mean', 1]",0.5755471189794177,UNDETERMINED_RELAXED_FRAGILE,round2:no model witness; relaxation varies,0.5,5.329070518200751e-15,RECOVERABLE,0.0,1,False,True,UNDECIDED_GT
n3_s02482_d0,n3,268470901,3,MNAR_self,True,acyclic,True,8,"['mean', 0]",0.844947288732786,UNDETERMINED_RELAXED_FRAGILE,round2:no model witness; relaxation varies,0.5,8.881784197001252e-16,RECOVERABLE,0.0,1,False,True,UNDECIDED_GT
n3_s02482_d0,n3,268470901,3,MNAR_self,True,acyclic,True,8,"['mean', 1]",0.6196439163874713,UNDETERMINED_RELAXED_FRAGILE,round2:no model witness; relaxation varies,0.5,4.75175454539567e-14,RECOVERABLE,0.0,1,False,True,UNDECIDED_GT
n3_s02514_d0,n3,271670901,3,MNAR_self,True,acyclic,True,8,"['mean', 0]",0.6622491669542643,UNRECOVERABLE,model_witness(rootjump) dphi=0.2917 dist=1.1e-16,0.5,0.29168237503520394,UNRECOVERABLE,0.25398130452539314,12,False,True,True
n3_s02514_d0,n3,271670901,3,MNAR_self,True,acyclic,True,8,"['mean', 1]",0.5348264421552378,UNDETERMINED_RELAXED_FRAGILE,round2:no model witness; relaxation varies,0.5,7.66053886991358e-15,RECOVERABLE,9.992007221626409e-16,12,False,True,UNDECIDED_GT
n3_s02531_d0,n3,273370901,3,MNAR_self,True,acyclic,True,8,"['mean', 0]",0.5287629406980321,UNDETERMINED_RELAXED_FRAGILE,round2:no model witness; relaxation varies,0.5,3.519406988061746e-13,RECOVERABLE,0.0,1,False,True,UNDECIDED_GT
n3_s02531_d0,n3,273370901,3,MNAR_self,True,acyclic,True,8,"['mean', 1]",,RECOVERABLE,formula:anchor_direct,,,RECOVERABLE,0.0,1,False,True,True
n3_s02551_d0,n3,275370901,3,MNAR_self,True,acyclic,True,8,"['mean', 0]",0.5373592752929057,UNDETERMINED_RELAXED_FRAGILE,round2:no model witness; relaxation varies,0.5,2.2394308629714033e-12,RECOVERABLE,0.0,1,False,True,UNDECIDED_GT
n3_s02551_d0,n3,275370901,3,MNAR_self,True,acyclic,True,8,"['mean', 1]",0.535957325110803,UNDETERMINED_RELAXED_FRAGILE,round2:no model witness; relaxation varies,0.5,1.687538997430238e-14,RECOVERABLE,0.0,1,False,True,UNDECIDED_GT
n3_s02576_d0,n3,277870901,3,MNAR_self,True,acyclic,True,8,"['mean', 0]",,RECOVERABLE,formula:anchor_direct,,,RECOVERABLE,0.0,1,False,True,True
n3_s02576_d0,n3,277870901,3,MNAR_self,True,acyclic,True,8,"['mean', 1]",0.6997568517290016,UNDETERMINED_RELAXED_FRAGILE,round2:no model witness; relaxation varies,0.5,2.1094237467877974e-15,RECOVERABLE,0.0,1,False,True,UNDECIDED_GT
n3_s02589_d0,n3,279170901,3,MNAR_self,True,acyclic,True,8,"['mean', 0]",,RECOVERABLE,formula:anchor_direct,,,RECOVERABLE,7.771561172376096e-16,12,False,True,True
n3_s02589_d0,n3,279170901,3,MNAR_self,True,acyclic,True,8,"['mean', 1]",0.496531793299588,UNRECOVERABLE,model_witness(rootjump) dphi=0.1781 dist=3.5e-16,0.5,0.17805172966982402,UNRECOVERABLE,0.23298709379869675,12,False,True,True
n3_s02620_d0,n3,282270901,3,MNAR_self,True,acyclic,True,8,"['mean', 0]",,RECOVERABLE,formula:anchor_direct,,,RECOVERABLE,3.3306690738754696e-16,12,False,True,True
n3_s02620_d0,n3,282270901,3,MNAR_self,True,acyclic,True,8,"['mean', 1]",0.54801868619176,UNRECOVERABLE,model_witness(rootjump) dphi=0.1872 dist=1.1e-16,0.5,0.18716737133123185,UNRECOVERABLE,0.21637787383944207,12,False,True,True
n3_s02645_d0,n3,284770901,3,MNAR_self,True,acyclic,True,8,"['mean', 0]",0.5839529255677022,UNDETERMINED_RELAXED_FRAGILE,round2:no model witness; relaxation varies,0.5,3.9968028886505635e-15,RECOVERABLE,2.220446049250313e-16,12,False,True,UNDECIDED_GT
n3_s02645_d0,n3,284770901,3,MNAR_self,True,acyclic,True,8,"['mean', 1]",0.5613385926064818,UNDETERMINED_RELAXED_FRAGILE,round2:no model witness; relaxation varies,0.5,1.021405182655144e-14,RECOVERABLE,3.3306690738754696e-16,12,False,True,UNDECIDED_GT
n3_s02674_d0,n3,287670901,3,MNAR_self,True,acyclic,True,8,"['mean', 0]",0.2502093255815639,UNDETERMINED_RELAXED_FRAGILE,round2:no model witness; relaxation varies,0.49999999999999994,2.4980018054066022e-15,RECOVERABLE,0.0,1,False,True,UNDECIDED_GT
n3_s02674_d0,n3,287670901,3,MNAR_self,True,acyclic,True,8,"['mean', 1]",0.36982609413466166,UNDETERMINED_RELAXED_FRAGILE,round2:no model witness; relaxation varies,0.5,7.827072323607354e-15,RECOVERABLE,0.0,1,False,True,UNDECIDED_GT
n3_s02710_d0,n3,291270901,3,MNAR_self,True,acyclic,True,8,"['mean', 0]",0.264037155193319,UNDETERMINED_RELAXED_FRAGILE,round2:no model witness; relaxation varies,0.5,2.7755575615628914e-16,RECOVERABLE,0.0,1,False,True,UNDECIDED_GT
n3_s02710_d0,n3,291270901,3,MNAR_self,True,acyclic,True,8,"['mean', 1]",0.16384570640803256,UNDETERMINED_RELAXED_FRAGILE,round2:no model witness; relaxation varies,0.5,2.942091015256665e-15,RECOVERABLE,0.0,1,False,True,UNDECIDED_GT
n3_s02729_d0,n3,293170901,3,MNAR_other,False,acyclic,True,8,"['mean', 0]",0.3695223556383796,UNDETERMINED_RELAXED_FRAGILE,round2:no model witness; relaxation varies,0.5,1.7763568394002505e-15,RECOVERABLE,0.0,1,False,True,UNDECIDED_GT
n3_s02729_d0,n3,293170901,3,MNAR_other,False,acyclic,True,8,"['mean', 1]",0.5938591627412179,UNDETERMINED_RELAXED_FRAGILE,round2:no model witness; relaxation varies,0.5,3.3306690738754696e-16,RECOVERABLE,0.0,1,False,True,UNDECIDED_GT
n3_s02756_d0,n3,295870901,3,MNAR_self,True,acyclic,True,8,"['mean', 0]",0.3450869732742383,UNDETERMINED_RELAXED_FRAGILE,round2:no model witness; relaxation varies,0.5,1.3655743202889425e-14,RECOVERABLE,0.0,1,False,True,UNDECIDED_GT
n3_s02756_d0,n3,295870901,3,MNAR_self,True,acyclic,True,8,"['mean', 1]",,RECOVERABLE,formula:anchor_direct,,,RECOVERABLE,0.0,1,False,True,True
n3_s02781_d0,n3,298370901,3,MNAR_self,True,acyclic,True,8,"['mean', 0]",0.4802697513306622,UNDETERMINED_RELAXED_FRAGILE,round2:no model witness; relaxation varies,0.5,1.2212453270876722e-15,RECOVERABLE,1.6653345369377348e-16,12,False,True,UNDECIDED_GT
n3_s02781_d0,n3,298370901,3,MNAR_self,True,acyclic,True,8,"['mean', 1]",0.5411406977854827,UNDETERMINED_RELAXED_FRAGILE,round2:no model witness; relaxation varies,0.5,3.8402614421784165e-13,RECOVERABLE,3.774758283725532e-15,12,False,True,UNDECIDED_GT
n3_s02793_d0,n3,299570901,3,MNAR_self,True,acyclic,True,8,"['mean', 0]",0.22081537577077193,UNDETERMINED_RELAXED_FRAGILE,round2:no model witness; relaxation varies,0.5,7.105427357601002e-15,RECOVERABLE,0.0,1,False,True,UNDECIDED_GT
n3_s02793_d0,n3,299570901,3,MNAR_self,True,acyclic,True,8,"['mean', 1]",0.628882851670197,UNDETERMINED_RELAXED_FRAGILE,round2:no model witness; relaxation varies,0.5,2.220446049250313e-16,RECOVERABLE,0.0,1,False,True,UNDECIDED_GT
n3_s02815_d0,n3,301770901,3,MNAR_self,True,acyclic,True,8,"['mean', 0]",0.5291628321745226,UNRECOVERABLE,model_witness(rootjump) dphi=0.0111 dist=2.2e-16,0.5,0.011065580996294622,UNRECOVERABLE,0.010211776632767844,12,False,True,True
n3_s02815_d0,n3,301770901,3,MNAR_self,True,acyclic,True,8,"['mean', 1]",0.246485886364803,UNRECOVERABLE,model_witness(rootjump) dphi=0.0018 dist=2.2e-16,0.5,0.0017662042439833825,UNRECOVERABLE,0.0016299264569521743,12,False,True,True
n3_s02838_d0,n3,304070901,3,MNAR_self,True,acyclic,True,8,"['mean', 0]",0.5990924218714584,UNDETERMINED_RELAXED_FRAGILE,round2:no model witness; relaxation varies,0.5,4.440892098500626e-16,RECOVERABLE,0.0,1,False,True,UNDECIDED_GT
n3_s02838_d0,n3,304070901,3,MNAR_self,True,acyclic,True,8,"['mean', 1]",0.5040630939795079,UNDETERMINED_RELAXED_FRAGILE,round2:no model witness; relaxation varies,0.5,2.220446049250313e-15,RECOVERABLE,0.0,1,False,True,UNDECIDED_GT
n3_s02871_d0,n3,307370901,3,MNAR_self,True,acyclic,True,8,"['mean', 0]",0.607573236476312,UNDETERMINED_RELAXED_FRAGILE,round2:no model witness; relaxation varies,0.49999999999999994,1.9984014443252818e-14,RECOVERABLE,0.0,1,False,True,UNDECIDED_GT
n3_s02871_d0,n3,307370901,3,MNAR_self,True,acyclic,True,8,"['mean', 1]",0.3254463797011332,UNDETERMINED_RELAXED_FRAGILE,round2:no model witness; relaxation varies,0.5,1.3855583347321954e-13,RECOVERABLE,0.0,1,False,True,UNDECIDED_GT
n3_s02886_d0,n3,308870901,3,MNAR_self,True,acyclic,True,8,"['mean', 0]",0.7107420804293243,UNDETERMINED_RELAXED_FRAGILE,round2:no model witness; relaxation varies,0.5,2.220446049250313e-16,RECOVERABLE,0.0,1,False,True,UNDECIDED_GT
n3_s02886_d0,n3,308870901,3,MNAR_self,True,acyclic,True,8,"['mean', 1]",,RECOVERABLE,formula:anchor_direct,,,RECOVERABLE,0.0,1,False,True,True
n3_s02900_d0,n3,310270901,3,MNAR_self,True,acyclic,True,8,"['mean', 0]",0.669629478286601,UNDETERMINED_RELAXED_FRAGILE,round2:no model witness; relaxation varies,0.5,7.893685705084863e-14,RECOVERABLE,0.0,1,False,True,UNDECIDED_GT
n3_s02900_d0,n3,310270901,3,MNAR_self,True,acyclic,True,8,"['mean', 1]",0.1850555044497727,UNDETERMINED_RELAXED_FRAGILE,round2:no model witness; relaxation varies,0.5,9.159339953157541e-15,RECOVERABLE,0.0,1,False,True,UNDECIDED_GT
n3_s02929_d0,n3,313170901,3,MNAR_self,True,acyclic,True,8,"['mean', 0]",0.4973382743919241,UNDETERMINED_RELAXED_FRAGILE,round2:no model witness; relaxation varies,0.5,3.6637359812630166e-15,RECOVERABLE,0.0,1,False,True,UNDECIDED_GT
n3_s02929_d0,n3,313170901,3,MNAR_self,True,acyclic,True,8,"['mean', 1]",0.5524736744404255,UNDETERMINED_RELAXED_FRAGILE,round2:no model witness; relaxation varies,0.5,1.1324274851176597e-14,RECOVERABLE,0.0,1,False,True,UNDECIDED_GT
n3_s02964_d0,n3,316670901,3,MNAR_self,True,acyclic,True,8,"['mean', 0]",0.7391283016288215,UNDETERMINED_RELAXED_FRAGILE,round2:no model witness; relaxation varies,0.5,4.440892098500626e-16,RECOVERABLE,0.0,1,False,True,UNDECIDED_GT
n3_s02964_d0,n3,316670901,3,MNAR_self,True,acyclic,True,8,"['mean', 1]",0.5357665921181377,UNDETERMINED_RELAXED_FRAGILE,round2:no model witness; relaxation varies,0.5,1.4765966227514582e-14,RECOVERABLE,0.0,1,False,True,UNDECIDED_GT
n3_s02989_d0,n3,319170901,3,MNAR_self,True,acyclic,True,8,"['mean', 0]",0.2268982996812462,UNDETERMINED_RELAXED_FRAGILE,round2:no model witness; relaxation varies,0.5,2.9698465908722937e-15,RECOVERABLE,0.0,1,False,True,UNDECIDED_GT
n3_s02989_d0,n3,319170901,3,MNAR_self,True,acyclic,True,8,"['mean', 1]",0.4802918357105013,UNDETERMINED_RELAXED_FRAGILE,round2:no model witness; relaxation varies,0.5,4.440892098500626e-16,RECOVERABLE,0.0,1,False,True,UNDECIDED_GT
n3_s03012_d0,n3,321470901,3,MNAR_self,True,acyclic,True,8,"['mean', 0]",0.1862730673365509,UNRECOVERABLE,model_witness(rootjump) dphi=0.2484 dist=1.1e-16,0.5,0.2483773000647756,UNRECOVERABLE,0.2107922542162246,12,False,True,True
n3_s03012_d0,n3,321470901,3,MNAR_self,True,acyclic,True,8,"['mean', 1]",,RECOVERABLE,formula:anchor_direct,,,RECOVERABLE,1.1102230246251565e-16,12,False,True,True
n3_s03031_d0,n3,323370901,3,MNAR_self,True,acyclic,True,8,"['mean', 0]",0.4319248144329832,UNRECOVERABLE,model_witness(rootjump) dphi=0.1469 dist=2.2e-16,0.4999999999999999,0.1469072003499699,UNRECOVERABLE,0.2152823049436317,12,False,True,True
n3_s03031_d0,n3,323370901,3,MNAR_self,True,acyclic,True,8,"['mean', 1]",0.3064627843384406,UNDETERMINED_RELAXED_FRAGILE,round2:no model witness; relaxation varies,0.5,4.496403249731884e-15,RECOVERABLE,5.551115123125783e-16,12,False,True,UNDECIDED_GT
n3_s03067_d0,n3,326970901,3,MNAR_self,True,acyclic,True,8,"['mean', 0]",0.4170372975888054,UNDETERMINED_RELAXED_FRAGILE,round2:no model witness; relaxation varies,0.5,1.892930256985892e-13,RECOVERABLE,0.0,1,False,True,UNDECIDED_GT
n3_s03067_d0,n3,326970901,3,MNAR_self,True,acyclic,True,8,"['mean', 1]",0.4041754193320997,UNDETERMINED_RELAXED_FRAGILE,round2:no model witness; relaxation varies,0.5,1.4527268277220173e-13,RECOVERABLE,0.0,1,False,True,UNDECIDED_GT
n3_s03091_d0,n3,329370901,3,MNAR_self,True,acyclic,True,8,"['mean', 0]",,RECOVERABLE,formula:anchor_direct,,,RECOVERABLE,0.0,1,False,True,True
n3_s03091_d0,n3,329370901,3,MNAR_self,True,acyclic,True,8,"['mean', 1]",0.7230970972758068,UNDETERMINED_RELAXED_FRAGILE,round2:no model witness; relaxation varies,0.5,1.0880185641326534e-14,RECOVERABLE,0.0,1,False,True,UNDECIDED_GT
n3_s03115_d0,n3,331770901,3,MNAR_other,False,acyclic,True,8,"['mean', 0]",,RECOVERABLE,formula:anchor_direct,,,RECOVERABLE,0.0,1,False,True,True
n3_s03115_d0,n3,331770901,3,MNAR_other,False,acyclic,True,8,"['mean', 1]",0.36532445854380624,UNDETERMINED_RELAXED_FRAGILE,round2:no model witness; relaxation varies,0.5,1.887379141862766e-15,RECOVERABLE,0.0,1,False,True,UNDECIDED_GT
n3_s03144_d0,n3,334670901,3,MNAR_self,True,acyclic,True,8,"['mean', 0]",0.580588783860784,UNDETERMINED_RELAXED_FRAGILE,round2:no model witness; relaxation varies,0.5,5.516698209362403e-13,RECOVERABLE,0.0,1,False,True,UNDECIDED_GT
n3_s03144_d0,n3,334670901,3,MNAR_self,True,acyclic,True,8,"['mean', 1]",0.16836466401786876,UNDETERMINED_RELAXED_FRAGILE,round2:no model witness; relaxation varies,0.5,6.938893903907228e-16,RECOVERABLE,0.0,1,False,True,UNDECIDED_GT
n3_s03159_d0,n3,336170901,3,MNAR_self,True,acyclic,True,8,"['mean', 0]",0.2541809781491065,UNDETERMINED_RELAXED_FRAGILE,round2:no model witness; relaxation varies,0.5,4.218847493575595e-15,RECOVERABLE,1.1102230246251565e-16,12,False,True,UNDECIDED_GT
n3_s03159_d0,n3,336170901,3,MNAR_self,True,acyclic,True,8,"['mean', 1]",0.560984422750411,UNDETERMINED_RELAXED_FRAGILE,round2:no model witness; relaxation varies,0.5,2.1094237467877974e-15,RECOVERABLE,3.3306690738754696e-16,12,False,True,UNDECIDED_GT
n3_s03179_d0,n3,338170901,3,MNAR_self,True,acyclic,True,8,"['mean', 0]",0.4281949398824182,UNDETERMINED_RELAXED_FRAGILE,round2:no model witness; relaxation varies,0.5,1.63202784619898e-14,RECOVERABLE,0.0,1,False,True,UNDECIDED_GT
n3_s03179_d0,n3,338170901,3,MNAR_self,True,acyclic,True,8,"['mean', 1]",0.7362652341664542,UNDETERMINED_RELAXED_FRAGILE,round2:no model witness; relaxation varies,0.5,4.440892098500626e-16,RECOVERABLE,0.0,1,False,True,UNDECIDED_GT
n3_s03205_d0,n3,340770901,3,MNAR_self,True,acyclic,True,8,"['mean', 0]",0.8498071652297481,UNDETERMINED_RELAXED_FRAGILE,round2:no model witness; relaxation varies,0.5,2.220446049250313e-16,RECOVERABLE,0.0,1,False,True,UNDECIDED_GT
n3_s03205_d0,n3,340770901,3,MNAR_self,True,acyclic,True,8,"['mean', 1]",,RECOVERABLE,formula:anchor_direct,,,RECOVERABLE,0.0,1,False,True,True
n3_s03221_d0,n3,342370901,3,MNAR_self,True,acyclic,True,8,"['mean', 0]",0.25035732673737227,UNDETERMINED_RELAXED_FRAGILE,round2:no model witness; relaxation varies,0.49999999999999994,4.440892098500626e-16,RECOVERABLE,0.0,1,False,True,UNDECIDED_GT
n3_s03221_d0,n3,342370901,3,MNAR_self,True,acyclic,True,8,"['mean', 1]",0.4276600963400151,UNDETERMINED_RELAXED_FRAGILE,round2:no model witness; relaxation varies,0.5,5.384581669432009e-15,RECOVERABLE,0.0,1,False,True,UNDECIDED_GT
n3_s03242_d0,n3,344470901,3,MNAR_other,False,acyclic,True,8,"['mean', 0]",0.39156423333419,UNDETERMINED_RELAXED_FRAGILE,round2:no model witness; relaxation varies,0.5,1.887379141862766e-15,RECOVERABLE,0.0,1,False,True,UNDECIDED_GT
n3_s03242_d0,n3,344470901,3,MNAR_other,False,acyclic,True,8,"['mean', 1]",0.5309248587190364,UNDETERMINED_RELAXED_FRAGILE,round2:no model witness; relaxation varies,0.5,1.9984014443252818e-15,RECOVERABLE,0.0,1,False,True,UNDECIDED_GT
n3_s03270_d0,n3,347270901,3,MNAR_self,True,acyclic,True,8,"['mean', 0]",0.5827258101171315,UNRECOVERABLE,model_witness(rootjump) dphi=0.2044 dist=1.7e-16,0.5000000000000001,0.20440734143425832,UNRECOVERABLE,0.3485103316169766,12,False,True,True
n3_s03270_d0,n3,347270901,3,MNAR_self,True,acyclic,True,8,"['mean', 1]",,RECOVERABLE,formula:anchor_direct,,,RECOVERABLE,2.220446049250313e-16,12,False,True,True
n3_s03290_d0,n3,349270901,3,MNAR_self,True,acyclic,True,8,"['mean', 0]",0.8242968854132317,UNDETERMINED_RELAXED_FRAGILE,round2:no model witness; relaxation varies,0.49999999999999994,8.386846772623358e-12,RECOVERABLE,0.0,1,False,True,UNDECIDED_GT
n3_s03290_d0,n3,349270901,3,MNAR_self,True,acyclic,True,8,"['mean', 1]",0.3477813509704661,UNDETERMINED_RELAXED_FRAGILE,round2:no model witness; relaxation varies,0.5,2.5701663020072374e-14,RECOVERABLE,0.0,1,False,True,UNDECIDED_GT
n3_s03311_d0,n3,351370901,3,MNAR_self,True,acyclic,True,8,"['mean', 0]",0.49294138765588436,UNDETERMINED_RELAXED_FRAGILE,round2:no model witness; relaxation varies,0.5,5.495603971894525e-15,RECOVERABLE,0.0,1,False,True,UNDECIDED_GT
n3_s03311_d0,n3,351370901,3,MNAR_self,True,acyclic,True,8,"['mean', 1]",0.46030113529308697,UNDETERMINED_RELAXED_FRAGILE,round2:no model witness; relaxation varies,0.5,1.3100631690576847e-14,RECOVERABLE,0.0,1,False,True,UNDECIDED_GT
n3_s03337_d0,n3,353970901,3,MNAR_other,False,acyclic,True,8,"['mean', 0]",0.3732699094908766,UNDETERMINED_RELAXED_FRAGILE,round2:no model witness; relaxation varies,0.5,8.881784197001252e-16,RECOVERABLE,0.0,1,False,True,UNDECIDED_GT
n3_s03337_d0,n3,353970901,3,MNAR_other,False,acyclic,True,8,"['mean', 1]",0.17451259702385502,UNDETERMINED_RELAXED_FRAGILE,round2:no model witness; relaxation varies,0.5,1.6653345369377348e-15,RECOVERABLE,0.0,1,False,True,UNDECIDED_GT
n3_s03358_d0,n3,356070901,3,MNAR_self,True,acyclic,True,8,"['mean', 0]",0.6886395095061582,UNDETERMINED_RELAXED_FRAGILE,round2:no model witness; relaxation varies,0.5,2.220446049250313e-16,RECOVERABLE,0.0,1,False,True,UNDECIDED_GT
n3_s03358_d0,n3,356070901,3,MNAR_self,True,acyclic,True,8,"['mean', 1]",0.39754609680686126,UNDETERMINED_RELAXED_FRAGILE,round2:no model witness; relaxation varies,0.5,2.7755575615628914e-15,RECOVERABLE,0.0,1,False,True,UNDECIDED_GT
n3_s03375_d0,n3,357770901,3,MNAR_self,True,acyclic,True,8,"['mean', 0]",0.28131530038800934,UNDETERMINED_RELAXED_FRAGILE,round2:no model witness; relaxation varies,0.5,1.4988010832439613e-15,RECOVERABLE,0.0,1,False,True,UNDECIDED_GT
n3_s03375_d0,n3,357770901,3,MNAR_self,True,acyclic,True,8,"['mean', 1]",0.3460683671908258,UNDETERMINED_RELAXED_FRAGILE,round2:no model witness; relaxation varies,0.5,2.9976021664879227e-15,RECOVERABLE,0.0,1,False,True,UNDECIDED_GT
n3_s03398_d0,n3,360070901,3,MNAR_self,True,acyclic,True,8,"['mean', 0]",0.7324869320833787,UNDETERMINED_RELAXED_FRAGILE,round2:no model witness; relaxation varies,0.5,2.90878432451791e-14,RECOVERABLE,0.0,1,False,True,UNDECIDED_GT
n3_s03398_d0,n3,360070901,3,MNAR_self,True,acyclic,True,8,"['mean', 1]",,RECOVERABLE,formula:anchor_direct,,,RECOVERABLE,0.0,1,False,True,True
n3_s03423_d0,n3,362570901,3,MNAR_self,True,acyclic,True,8,"['mean', 0]",0.7021171681583642,UNDETERMINED_RELAXED_FRAGILE,round2:no model witness; relaxation varies,0.5,6.017408793468348e-14,RECOVERABLE,0.0,1,False,True,UNDECIDED_GT
n3_s03423_d0,n3,362570901,3,MNAR_self,True,acyclic,True,8,"['mean', 1]",0.7398900463094036,UNDETERMINED_RELAXED_FRAGILE,round2:no model witness; relaxation varies,0.5,3.885780586188048e-14,RECOVERABLE,0.0,1,False,True,UNDECIDED_GT
n3_s03438_d0,n3,364070901,3,MNAR_self,True,acyclic,True,8,"['mean', 0]",0.2030963403623772,UNDETERMINED_RELAXED_FRAGILE,round2:no model witness; relaxation varies,0.49999999999999994,3.747002708109903e-15,RECOVERABLE,0.0,1,False,True,UNDECIDED_GT
n3_s03438_d0,n3,364070901,3,MNAR_self,True,acyclic,True,8,"['mean', 1]",0.44254616633577853,UNDETERMINED_RELAXED_FRAGILE,round2:no model witness; relaxation varies,0.5,2.7755575615628914e-16,RECOVERABLE,0.0,1,False,True,UNDECIDED_GT
n3_s03452_d0,n3,365470901,3,MNAR_self,True,acyclic,True,8,"['mean', 0]",0.38974135206854743,UNDETERMINED_RELAXED_FRAGILE,round2:no model witness; relaxation varies,0.5,6.6058269965196814e-15,RECOVERABLE,1.4432899320127035e-15,12,False,True,UNDECIDED_GT
n3_s03452_d0,n3,365470901,3,MNAR_self,True,acyclic,True,8,"['mean', 1]",0.6846976251586352,UNRECOVERABLE,model_witness(rootjump) dphi=0.0817 dist=1.1e-16,0.5,0.0816672997924246,UNRECOVERABLE,0.11685794280058626,12,False,True,True
n3_s03481_d0,n3,368370901,3,MNAR_self,True,acyclic,True,8,"['mean', 0]",0.5625158967041101,UNDETERMINED_RELAXED_FRAGILE,round2:no model witness; relaxation varies,0.5,2.220446049250313e-16,RECOVERABLE,0.0,1,False,True,UNDECIDED_GT
n3_s03481_d0,n3,368370901,3,MNAR_self,True,acyclic,True,8,"['mean', 1]",0.3884936773292048,UNDETERMINED_RELAXED_FRAGILE,round2:no model witness; relaxation varies,0.5,6.283862319378386e-14,RECOVERABLE,0.0,1,False,True,UNDECIDED_GT
n3_s03497_d0,n3,369970901,3,MNAR_other,False,acyclic,True,8,"['mean', 0]",0.25923842179160356,UNDETERMINED_RELAXED_FRAGILE,round2:no model witness; relaxation varies,0.5,2.7755575615628914e-16,RECOVERABLE,0.0,1,False,True,UNDECIDED_GT
n3_s03497_d0,n3,369970901,3,MNAR_other,False,acyclic,True,8,"['mean', 1]",0.2614500430816905,UNDETERMINED_RELAXED_FRAGILE,round2:no model witness; relaxation varies,0.5,6.661338147750939e-16,RECOVERABLE,0.0,1,False,True,UNDECIDED_GT
n3_s03519_d0,n3,372170901,3,MNAR_self,True,acyclic,True,8,"['mean', 0]",0.4965129111309893,UNDETERMINED_RELAXED_FRAGILE,round2:no model witness; relaxation varies,0.5,1.9040324872321435e-14,RECOVERABLE,0.0,1,False,True,UNDECIDED_GT
n3_s03519_d0,n3,372170901,3,MNAR_self,True,acyclic,True,8,"['mean', 1]",0.7060935514709782,UNDETERMINED_RELAXED_FRAGILE,round2:no model witness; relaxation varies,0.5,3.352873534367973e-14,RECOVERABLE,0.0,1,False,True,UNDECIDED_GT
n3_s03531_d0,n3,373370901,3,MNAR_self,True,acyclic,True,8,"['mean', 0]",0.4094676456308598,UNDETERMINED_RELAXED_FRAGILE,round2:no model witness; relaxation varies,0.5,6.2727600891321345e-15,RECOVERABLE,0.0,1,False,True,UNDECIDED_GT
n3_s03531_d0,n3,373370901,3,MNAR_self,True,acyclic,True,8,"['mean', 1]",0.6352808895517598,UNDETERMINED_RELAXED_FRAGILE,round2:no model witness; relaxation varies,0.5,1.4432899320127035e-15,RECOVERABLE,0.0,1,False,True,UNDECIDED_GT
n3_s03552_d0,n3,375470901,3,MNAR_self,True,acyclic,True,8,"['mean', 0]",0.5603017177279295,UNRECOVERABLE,model_witness(rootjump) dphi=0.1323 dist=1.1e-16,0.5,0.13225202650786344,UNRECOVERABLE,0.17135029310775607,12,False,True,True
n3_s03552_d0,n3,375470901,3,MNAR_self,True,acyclic,True,8,"['mean', 1]",0.43748751433132843,UNDETERMINED_RELAXED_FRAGILE,round2:no model witness; relaxation varies,0.5,1.4988010832439613e-15,RECOVERABLE,1.1102230246251565e-16,12,False,True,UNDECIDED_GT
n3_s03573_d0,n3,377570901,3,MNAR_self,True,acyclic,True,8,"['mean', 0]",0.3934786992261892,UNDETERMINED_RELAXED_FRAGILE,round2:no model witness; relaxation varies,0.5,9.85878045867139e-14,RECOVERABLE,0.0,1,False,True,UNDECIDED_GT
n3_s03573_d0,n3,377570901,3,MNAR_self,True,acyclic,True,8,"['mean', 1]",0.27510194038426383,UNDETERMINED_RELAXED_FRAGILE,round2:no model witness; relaxation varies,0.5,8.690825836765725e-13,RECOVERABLE,0.0,1,False,True,UNDECIDED_GT
n3_s03600_d0,n3,380270901,3,MNAR_self,True,acyclic,True,8,"['mean', 0]",,RECOVERABLE,formula:anchor_direct,,,RECOVERABLE,0.0,1,False,True,True
n3_s03600_d0,n3,380270901,3,MNAR_self,True,acyclic,True,8,"['mean', 1]",0.7361700826389028,UNDETERMINED_RELAXED_FRAGILE,round2:no model witness; relaxation varies,0.5,9.992007221626409e-16,RECOVERABLE,0.0,1,False,True,UNDECIDED_GT
n3_s03631_d0,n3,383370901,3,MNAR_self,True,acyclic,True,8,"['mean', 0]",,RECOVERABLE,formula:anchor_direct,,,RECOVERABLE,3.0531133177191805e-16,12,False,True,True
n3_s03631_d0,n3,383370901,3,MNAR_self,True,acyclic,True,8,"['mean', 1]",0.7740295998029817,UNRECOVERABLE,model_witness(rootjump) dphi=0.0044 dist=1.4e-16,0.5,0.004432993174108613,UNRECOVERABLE,0.008699193255954585,12,False,True,True
n3_s03659_d0,n3,386170901,3,MNAR_self,True,acyclic,True,8,"['mean', 0]",0.6442738935158138,UNDETERMINED_RELAXED_FRAGILE,round2:no model witness; relaxation varies,0.5000000000000001,1.5543122344752192e-15,RECOVERABLE,0.0,1,False,True,UNDECIDED_GT
n3_s03659_d0,n3,386170901,3,MNAR_self,True,acyclic,True,8,"['mean', 1]",0.6130193877890866,UNDETERMINED_RELAXED_FRAGILE,round2:no model witness; relaxation varies,0.5,1.6653345369377348e-15,RECOVERABLE,0.0,1,False,True,UNDECIDED_GT
n3_s03678_d0,n3,388070901,3,MNAR_self,True,acyclic,True,8,"['mean', 0]",0.3648407377650731,UNDETERMINED_RELAXED_FRAGILE,round2:no model witness; relaxation varies,0.5,5.218048215738236e-15,RECOVERABLE,0.0,1,False,True,UNDECIDED_GT
n3_s03678_d0,n3,388070901,3,MNAR_self,True,acyclic,True,8,"['mean', 1]",0.4859994941653954,UNDETERMINED_RELAXED_FRAGILE,round2:no model witness; relaxation varies,0.5,8.881784197001252e-16,RECOVERABLE,0.0,1,False,True,UNDECIDED_GT
n3_s03706_d0,n3,390870901,3,MNAR_self,True,acyclic,True,8,"['mean', 0]",0.2516150319056955,UNDETERMINED_RELAXED_FRAGILE,round2:no model witness; relaxation varies,0.49999999999999994,1.1657341758564144e-15,RECOVERABLE,2.220446049250313e-16,12,False,True,UNDECIDED_GT
n3_s03706_d0,n3,390870901,3,MNAR_self,True,acyclic,True,8,"['mean', 1]",0.6887333855804039,UNDETERMINED_RELAXED_FRAGILE,round2:no model witness; relaxation varies,0.5,8.43769498715119e-15,RECOVERABLE,5.551115123125783e-16,12,False,True,UNDECIDED_GT
n3_s03726_d0,n3,392870901,3,MNAR_self,True,acyclic,True,8,"['mean', 0]",0.7109219579058862,UNDETERMINED_RELAXED_FRAGILE,round2:no model witness; relaxation varies,0.5,3.219646771412954e-15,RECOVERABLE,0.0,1,False,True,UNDECIDED_GT
n3_s03726_d0,n3,392870901,3,MNAR_self,True,acyclic,True,8,"['mean', 1]",0.7161282310599006,UNDETERMINED_RELAXED_FRAGILE,round2:no model witness; relaxation varies,0.5,1.887379141862766e-15,RECOVERABLE,0.0,1,False,True,UNDECIDED_GT
n3_s03753_d0,n3,395570901,3,MNAR_other,False,acyclic,True,8,"['mean', 0]",0.7239607487922151,UNDETERMINED_RELAXED_FRAGILE,round2:no model witness; relaxation varies,0.5,2.4424906541753444e-15,RECOVERABLE,0.0,1,False,True,UNDECIDED_GT
n3_s03753_d0,n3,395570901,3,MNAR_other,False,acyclic,True,8,"['mean', 1]",0.6038368888529956,UNDETERMINED_RELAXED_FRAGILE,round2:no model witness; relaxation varies,0.5,1.887379141862766e-15,RECOVERABLE,0.0,1,False,True,UNDECIDED_GT
n3_s03769_d0,n3,397170901,3,MNAR_self,True,acyclic,True,8,"['mean', 0]",0.2842031689104265,UNDETERMINED_RELAXED_FRAGILE,round2:no model witness; relaxation varies,0.5,3.4849900742983664e-13,RECOVERABLE,3.9968028886505635e-15,12,False,True,UNDECIDED_GT
n3_s03769_d0,n3,397170901,3,MNAR_self,True,acyclic,True,8,"['mean', 1]",0.6358642091774861,UNDETERMINED_RELAXED_FRAGILE,round2:no model witness; relaxation varies,0.5,8.874012635828876e-13,RECOVERABLE,1.27675647831893e-14,12,False,True,UNDECIDED_GT
n3_s03793_d0,n3,399570901,3,MNAR_self,True,acyclic,True,8,"['mean', 0]",0.18645741114046654,UNDETERMINED_RELAXED_FRAGILE,round2:no model witness; relaxation varies,0.5,1.6375789613221059e-15,RECOVERABLE,0.0,1,False,True,UNDECIDED_GT
n3_s03793_d0,n3,399570901,3,MNAR_self,True,acyclic,True,8,"['mean', 1]",0.17897968273356774,UNDETERMINED_RELAXED_FRAGILE,round2:no model witness; relaxation varies,0.5,3.3584246494910985e-15,RECOVERABLE,0.0,1,False,True,UNDECIDED_GT
n3_s03818_d0,n3,402070901,3,MNAR_self,True,acyclic,True,8,"['mean', 0]",0.4951086769760699,UNDETERMINED_RELAXED_FRAGILE,round2:no model witness; relaxation varies,0.5,1.3489209749195652e-14,RECOVERABLE,0.0,1,False,True,UNDECIDED_GT
n3_s03818_d0,n3,402070901,3,MNAR_self,True,acyclic,True,8,"['mean', 1]",0.8146972950306675,UNDETERMINED_RELAXED_FRAGILE,round2:no model witness; relaxation varies,0.5,2.6645352591003757e-15,RECOVERABLE,0.0,1,False,True,UNDECIDED_GT
n3_s03835_d0,n3,403770901,3,MNAR_self,True,acyclic,True,8,"['mean', 0]",0.28375660366839084,UNDETERMINED_RELAXED_FRAGILE,round2:no model witness; relaxation varies,0.5,8.659739592076221e-15,RECOVERABLE,4.440892098500626e-16,12,False,True,UNDECIDED_GT
n3_s03835_d0,n3,403770901,3,MNAR_self,True,acyclic,True,8,"['mean', 1]",0.5252267804709321,UNDETERMINED_RELAXED_FRAGILE,round2:no model witness; relaxation varies,0.5,1.3933298959045715e-13,RECOVERABLE,3.774758283725532e-15,12,False,True,UNDECIDED_GT
n3_s03853_d0,n3,405570901,3,MNAR_self,True,acyclic,True,8,"['mean', 0]",0.34067172569066484,UNDETERMINED_RELAXED_FRAGILE,round2:no model witness; relaxation varies,0.5,6.661338147750939e-15,RECOVERABLE,0.0,1,False,True,UNDECIDED_GT
n3_s03853_d0,n3,405570901,3,MNAR_self,True,acyclic,True,8,"['mean', 1]",0.5321162908068515,UNDETERMINED_RELAXED_FRAGILE,round2:no model witness; relaxation varies,0.5,9.992007221626409e-16,RECOVERABLE,0.0,1,False,True,UNDECIDED_GT
n3_s03875_d0,n3,407770901,3,MNAR_other,False,acyclic,True,8,"['mean', 0]",0.48053047830775253,UNDETERMINED_RELAXED_FRAGILE,round2:no model witness; relaxation varies,0.5,7.771561172376096e-16,RECOVERABLE,0.0,1,False,True,UNDECIDED_GT
n3_s03875_d0,n3,407770901,3,MNAR_other,False,acyclic,True,8,"['mean', 1]",0.7881558355226578,UNDETERMINED_RELAXED_FRAGILE,round2:no model witness; relaxation varies,0.5,1.1102230246251565e-15,RECOVERABLE,0.0,1,False,True,UNDECIDED_GT
n3_s03902_d0,n3,410470901,3,MNAR_self,True,acyclic,True,8,"['mean', 0]",0.3841341811072199,UNRECOVERABLE,model_witness(rootjump) dphi=0.0006 dist=5.8e-15,0.5,0.0005728730518439473,UNRECOVERABLE,0.0005488747297872631,12,False,True,True
n3_s03902_d0,n3,410470901,3,MNAR_self,True,acyclic,True,8,"['mean', 1]",0.5176677627980681,UNDETERMINED_RELAXED_FRAGILE,round2:no model witness; relaxation varies,0.5,1.1573964009414794e-11,RECOVERABLE,9.892087149410145e-13,12,False,True,UNDECIDED_GT
n3_s03918_d0,n3,412070901,3,MNAR_self,True,acyclic,True,8,"['mean', 0]",0.7914627961612901,UNDETERMINED_RELAXED_FRAGILE,round2:no model witness; relaxation varies,0.5,3.1086244689504383e-15,RECOVERABLE,0.0,1,False,True,UNDECIDED_GT
n3_s03918_d0,n3,412070901,3,MNAR_self,True,acyclic,True,8,"['mean', 1]",0.420890550680694,UNDETERMINED_RELAXED_FRAGILE,round2:no model witness; relaxation varies,0.5,1.1102230246251565e-16,RECOVERABLE,0.0,1,False,True,UNDECIDED_GT
n3_s03934_d0,n3,413670901,3,MNAR_self,True,acyclic,True,8,"['mean', 0]",0.6876868433113322,UNDETERMINED_RELAXED_FRAGILE,round2:no model witness; relaxation varies,0.5,1.8096635301390052e-14,RECOVERABLE,0.0,1,False,True,UNDECIDED_GT
n3_s03934_d0,n3,413670901,3,MNAR_self,True,acyclic,True,8,"['mean', 1]",0.2767687619836951,UNDETERMINED_RELAXED_FRAGILE,round2:no model witness; relaxation varies,0.5,7.049916206369744e-15,RECOVERABLE,0.0,1,False,True,UNDECIDED_GT
n3_s03953_d0,n3,415570901,3,MNAR_self,True,acyclic,True,8,"['mean', 0]",0.7724699827126735,UNDETERMINED_RELAXED_FRAGILE,round2:no model witness; relaxation varies,0.5,1.3322676295501878e-15,RECOVERABLE,0.0,1,False,True,UNDECIDED_GT
n3_s03953_d0,n3,415570901,3,MNAR_self,True,acyclic,True,8,"['mean', 1]",0.545150461705896,UNDETERMINED_RELAXED_FRAGILE,round2:no model witness; relaxation varies,0.5,2.4091839634365897e-14,RECOVERABLE,0.0,1,False,True,UNDECIDED_GT
n3_s03976_d0,n3,417870901,3,MNAR_other,False,acyclic,True,8,"['mean', 0]",0.6480942967959011,UNDETERMINED_RELAXED_FRAGILE,round2:no model witness; relaxation varies,0.5,6.439293542825908e-15,RECOVERABLE,0.0,1,False,True,UNDECIDED_GT
n3_s03976_d0,n3,417870901,3,MNAR_other,False,acyclic,True,8,"['mean', 1]",0.7824956089731324,UNDETERMINED_RELAXED_FRAGILE,round2:no model witness; relaxation varies,0.5,4.9960036108132044e-15,RECOVERABLE,0.0,1,False,True,UNDECIDED_GT
n3_s03991_d0,n3,419370901,3,MNAR_self,True,acyclic,True,8,"['mean', 0]",0.38011360130497174,UNRECOVERABLE,model_witness(rootjump) dphi=0.0130 dist=2.2e-16,0.5,0.013028974982885744,UNRECOVERABLE,0.014103742710795841,12,False,True,True
n3_s03991_d0,n3,419370901,3,MNAR_self,True,acyclic,True,8,"['mean', 1]",0.4376958699053824,UNDETERMINED_RELAXED_FRAGILE,round2:no model witness; relaxation varies,0.5,1.3322676295501878e-15,RECOVERABLE,1.6653345369377348e-16,12,False,True,UNDECIDED_GT
n3_s04011_d0,n3,421370901,3,MNAR_other,False,acyclic,True,8,"['mean', 0]",0.5442243078931401,UNDETERMINED_RELAXED_FRAGILE,round2:no model witness; relaxation varies,0.5,1.9984014443252818e-15,RECOVERABLE,0.0,1,False,True,UNDECIDED_GT
n3_s04011_d0,n3,421370901,3,MNAR_other,False,acyclic,True,8,"['mean', 1]",0.39664071016855634,UNDETERMINED_RELAXED_FRAGILE,round2:no model witness; relaxation varies,0.5,1.9984014443252818e-15,RECOVERABLE,0.0,1,False,True,UNDECIDED_GT
n3_s04029_d0,n3,423170901,3,MNAR_self,True,acyclic,True,8,"['mean', 0]",0.6530675174256518,UNRECOVERABLE,model_witness(rootjump) dphi=0.0020 dist=1.1e-16,0.5,0.0019620637973595256,UNRECOVERABLE,0.0024781258311347143,12,False,True,True
n3_s04029_d0,n3,423170901,3,MNAR_self,True,acyclic,True,8,"['mean', 1]",0.5200618558757949,UNRECOVERABLE,model_witness(rootjump) dphi=0.0080 dist=1.1e-16,0.5,0.008039688924557864,UNRECOVERABLE,0.010154287962013342,12,False,True,True
n3_s04044_d0,n3,424670901,3,MNAR_self,True,acyclic,True,8,"['mean', 0]",0.2287403923167932,UNDETERMINED_RELAXED_FRAGILE,round2:no model witness; relaxation varies,0.5,9.409140133698202e-15,RECOVERABLE,3.6914915568786455e-15,12,False,True,UNDECIDED_GT
n3_s04044_d0,n3,424670901,3,MNAR_self,True,acyclic,True,8,"['mean', 1]",0.7051577488503952,UNRECOVERABLE,model_witness(rootjump) dphi=0.0430 dist=2.2e-16,0.5,0.042992153600889815,UNRECOVERABLE,0.027962075664487718,12,False,True,True
n3_s04062_d0,n3,426470901,3,MNAR_self,True,acyclic,True,8,"['mean', 0]",0.17973747376940488,UNRECOVERABLE,model_witness(rootjump) dphi=0.0218 dist=1.7e-16,0.49999999999999994,0.021786922042785123,UNRECOVERABLE,0.040619444360761786,12,False,True,True
n3_s04062_d0,n3,426470901,3,MNAR_self,True,acyclic,True,8,"['mean', 1]",0.6620838237245883,UNRECOVERABLE,model_witness(rootjump) dphi=0.0038 dist=1.7e-16,0.5,0.0037694514652359956,UNRECOVERABLE,0.007027749204869815,12,False,True,True
n3_s04084_d0,n3,428670901,3,MNAR_self,True,acyclic,True,8,"['mean', 0]",0.5823377361752132,UNRECOVERABLE,model_witness(rootjump) dphi=0.1651 dist=1.1e-16,0.5,0.16513699242330937,UNRECOVERABLE,0.16266436749779312,12,False,True,True
n3_s04084_d0,n3,428670901,3,MNAR_self,True,acyclic,True,8,"['mean', 1]",0.48813919737537215,UNDETERMINED_RELAXED_FRAGILE,round2:no model witness; relaxation varies,0.5,9.087175456556906e-14,RECOVERABLE,1.1102230246251565e-15,12,False,True,UNDECIDED_GT
named_mar_textbook_d0,named,20286455,2,MNAR_other,False,acyclic,True,4,"['mean', 0]",,RECOVERABLE,formula:anchor_direct,,,RECOVERABLE,0.0,1,False,True,True
named_mar_textbook_d0,named,20286455,2,MNAR_other,False,acyclic,True,4,"['mean', 1]",0.3988945830346815,UNDETERMINED_RELAXED_FRAGILE,round2:no model witness; relaxation varies,0.5,5.218048215738236e-15,RECOVERABLE,0.0,1,False,True,UNDECIDED_GT
named_mediated_mnar_d2,named,20302011,2,MNAR_self,True,acyclic,True,4,"['mean', 0]",0.5176765448220755,UNRECOVERABLE,model_witness(rootjump) dphi=0.0234 dist=1.1e-16,0.5,0.023367415150704507,UNRECOVERABLE,0.03436428371632472,12,False,True,True
named_mediated_mnar_d2,named,20302011,2,MNAR_self,True,acyclic,True,4,"['mean', 1]",0.6440663327411935,UNDETERMINED_RELAXED_FRAGILE,round2:no model witness; relaxation varies,0.5,1.6209256159527285e-14,RECOVERABLE,8.326672684688674e-15,12,False,True,UNDECIDED_GT
named_self_censor_v1_d1,named,20325341,2,MNAR_self,True,acyclic,True,4,"['mean', 0]",0.7568904559444183,UNRECOVERABLE,model_witness(rootjump) dphi=0.3331 dist=2.2e-16,0.5,0.33310720439875435,UNRECOVERABLE,0.35404531416042007,12,False,False,True
named_self_censor_v1_d1,named,20325341,2,MNAR_self,True,acyclic,True,4,"['mean', 1]",,RECOVERABLE,formula:direct_full_pattern,,,RECOVERABLE,1.1102230246251565e-16,12,False,False,True
named_three_var_mixed_d0,named,20348671,3,MNAR_self,True,acyclic,True,8,"['mean', 0]",,RECOVERABLE,formula:anchor_direct,,,RECOVERABLE,0.0,1,False,True,True
named_three_var_mixed_d0,named,20348671,3,MNAR_self,True,acyclic,True,8,"['mean', 1]",0.7343078931140009,UNDETERMINED_RELAXED_FRAGILE,round2:no model witness; relaxation varies,0.5,5.551115123125783e-16,RECOVERABLE,0.0,1,False,True,UNDECIDED_GT
n4_r0005_d0,n4,25271056,4,MNAR_self,True,acyclic,True,16,"['mean', 0]",,RECOVERABLE,formula:anchor_direct,,,RECOVERABLE,0.0,1,False,True,True
n4_r0005_d0,n4,25271056,4,MNAR_self,True,acyclic,True,16,"['mean', 1]",0.41439063830857614,UNDETERMINED_RELAXED_FRAGILE,round2:no model witness; relaxation varies,0.49999999999999994,3.1086244689504383e-15,RECOVERABLE,0.0,1,False,True,UNDECIDED_GT
n4_r0013_d0,n4,25271304,4,MNAR_self,True,acyclic,True,16,"['mean', 0]",,RECOVERABLE,formula:anchor_direct,,,RECOVERABLE,0.0,1,False,True,True
n4_r0013_d0,n4,25271304,4,MNAR_self,True,acyclic,True,16,"['mean', 1]",0.25614211093053957,UNDETERMINED_RELAXED_FRAGILE,round2:no model witness; relaxation varies,0.5,2.7755575615628914e-16,RECOVERABLE,0.0,1,False,True,UNDECIDED_GT
n4_r0021_d0,n4,25271552,4,MNAR_self,True,acyclic,True,16,"['mean', 0]",0.578261389546095,UNDETERMINED_RELAXED_FRAGILE,round2:no model witness; relaxation varies,0.5,3.441691376337985e-14,RECOVERABLE,0.0,1,False,True,UNDECIDED_GT
n4_r0021_d0,n4,25271552,4,MNAR_self,True,acyclic,True,16,"['mean', 1]",0.5187644254114016,UNDETERMINED_RELAXED_FRAGILE,round2:no model witness; relaxation varies,0.5,7.771561172376096e-16,RECOVERABLE,0.0,1,False,True,UNDECIDED_GT
n4_r0029_d0,n4,25271800,4,MNAR_self,True,acyclic,True,16,"['mean', 0]",0.46632343525541875,UNDETERMINED_RELAXED_FRAGILE,round2:no model witness; relaxation varies,0.5,3.164135620181696e-15,RECOVERABLE,0.0,1,False,True,UNDECIDED_GT
n4_r0029_d0,n4,25271800,4,MNAR_self,True,acyclic,True,16,"['mean', 1]",0.2731508520240764,UNDETERMINED_RELAXED_FRAGILE,round2:no model witness; relaxation varies,0.5000000000000001,1.63202784619898e-14,RECOVERABLE,0.0,1,False,True,UNDECIDED_GT
n4_r0037_d0,n4,25272048,4,MNAR_self,True,acyclic,True,16,"['mean', 0]",0.5695194575652276,UNDETERMINED_RELAXED_FRAGILE,round2:no model witness; relaxation varies,0.5000000000000001,3.3306690738754696e-16,RECOVERABLE,0.0,1,False,True,UNDECIDED_GT
n4_r0037_d0,n4,25272048,4,MNAR_self,True,acyclic,True,16,"['mean', 1]",0.4715322021865693,UNDETERMINED_RELAXED_FRAGILE,round2:no model witness; relaxation varies,0.49999999999999994,4.551914400963142e-15,RECOVERABLE,0.0,1,False,True,UNDECIDED_GT
n4_r0045_d0,n4,25272296,4,MNAR_self,True,acyclic,True,16,"['mean', 0]",0.672399363498932,UNDETERMINED_RELAXED_FRAGILE,round2:no model witness; relaxation varies,0.5,3.3306690738754696e-16,RECOVERABLE,0.0,1,False,True,UNDECIDED_GT
n4_r0045_d0,n4,25272296,4,MNAR_self,True,acyclic,True,16,"['mean', 1]",0.38209069474698026,UNDETERMINED_RELAXED_FRAGILE,round2:no model witness; relaxation varies,0.5,5.051514762044462e-15,RECOVERABLE,0.0,1,False,True,UNDECIDED_GT
n4_r0053_d0,n4,25272544,4,MNAR_self,True,acyclic,True,16,"['mean', 0]",0.7886896584984953,UNDETERMINED_RELAXED_FRAGILE,round2:no model witness; relaxation varies,0.5000000000000001,4.107825191113079e-14,RECOVERABLE,0.0,1,False,True,UNDECIDED_GT
n4_r0053_d0,n4,25272544,4,MNAR_self,True,acyclic,True,16,"['mean', 1]",0.15518234948698653,UNDETERMINED_RELAXED_FRAGILE,round2:no model witness; relaxation varies,0.5,1.6930901125533637e-15,RECOVERABLE,0.0,1,False,True,UNDECIDED_GT
n4_r0061_d0,n4,25272792,4,MNAR_self,True,acyclic,True,16,"['mean', 0]",0.7102936325752569,UNDETERMINED_RELAXED_FRAGILE,round2:no model witness; relaxation varies,0.5,6.994405055138486e-15,RECOVERABLE,8.881784197001252e-16,12,False,True,UNDECIDED_GT
n4_r0061_d0,n4,25272792,4,MNAR_self,True,acyclic,True,16,"['mean', 1]",0.45231932542075504,UNDETERMINED_RELAXED_FRAGILE,round2:no model witness; relaxation varies,0.49999999999999994,1.6653345369377348e-16,RECOVERABLE,2.220446049250313e-16,12,False,True,UNDECIDED_GT
n4_r0069_d0,n4,25273040,4,MNAR_self,True,acyclic,True,16,"['mean', 0]",,RECOVERABLE,formula:anchor_direct,,,RECOVERABLE,0.0,1,False,True,True
n4_r0069_d0,n4,25273040,4,MNAR_self,True,acyclic,True,16,"['mean', 1]",0.5505662225367985,UNDETERMINED_RELAXED_FRAGILE,round2:no model witness; relaxation varies,0.5,2.220446049250313e-16,RECOVERABLE,0.0,1,False,True,UNDECIDED_GT
n4_r0077_d0,n4,25273288,4,MNAR_self,True,acyclic,True,16,"['mean', 0]",,RECOVERABLE,formula:anchor_direct,,,RECOVERABLE,0.0,1,False,True,True
n4_r0077_d0,n4,25273288,4,MNAR_self,True,acyclic,True,16,"['mean', 1]",0.3723668658799091,UNDETERMINED_RELAXED_FRAGILE,round2:no model witness; relaxation varies,0.49999999999999994,1.1102230246251565e-15,RECOVERABLE,0.0,1,False,True,UNDECIDED_GT
n4_r0085_d0,n4,25273536,4,MNAR_self,True,acyclic,True,16,"['mean', 0]",0.30295086316239034,UNDETERMINED_RELAXED_FRAGILE,round2:no model witness; relaxation varies,0.4999999999999999,2.220446049250313e-16,RECOVERABLE,0.0,1,False,True,UNDECIDED_GT
n4_r0085_d0,n4,25273536,4,MNAR_self,True,acyclic,True,16,"['mean', 1]",0.4761313421990853,UNDETERMINED_RELAXED_FRAGILE,round2:no model witness; relaxation varies,0.49999999999999994,7.771561172376096e-16,RECOVERABLE,0.0,1,False,True,UNDECIDED_GT
n4_r0093_d0,n4,25273784,4,MNAR_self,True,acyclic,True,16,"['mean', 0]",0.666421158242088,UNDETERMINED_RELAXED_FRAGILE,round2:no model witness; relaxation varies,0.5,1.2523315717771766e-13,RECOVERABLE,0.0,1,False,True,UNDECIDED_GT
n4_r0093_d0,n4,25273784,4,MNAR_self,True,acyclic,True,16,"['mean', 1]",0.4813446938662461,UNDETERMINED_RELAXED_FRAGILE,round2:no model witness; relaxation varies,0.5,2.3314683517128287e-15,RECOVERABLE,0.0,1,False,True,UNDECIDED_GT
n4_r0101_d0,n4,25274032,4,MNAR_self,True,acyclic,True,16,"['mean', 0]",0.28368323815144514,UNDETERMINED_RELAXED_FRAGILE,round2:no model witness; relaxation varies,0.5,1.3877787807814457e-15,RECOVERABLE,8.326672684688674e-16,12,False,True,UNDECIDED_GT
n4_r0101_d0,n4,25274032,4,MNAR_self,True,acyclic,True,16,"['mean', 1]",0.4834706463265076,UNRECOVERABLE,model_witness(rootjump) dphi=0.1310 dist=2.8e-16,0.5,0.131032657247662,UNRECOVERABLE,0.18744953206119264,12,False,True,True
n4_r0109_d0,n4,25274280,4,MNAR_self,True,acyclic,True,16,"['mean', 0]",0.6319322069326391,UNDETERMINED_RELAXED_FRAGILE,round2:no model witness; relaxation varies,0.5,3.1086244689504383e-15,RECOVERABLE,0.0,1,False,True,UNDECIDED_GT
n4_r0109_d0,n4,25274280,4,MNAR_self,True,acyclic,True,16,"['mean', 1]",0.6189709905787578,UNDETERMINED_RELAXED_FRAGILE,round2:no model witness; relaxation varies,0.5,2.220446049250313e-16,RECOVERABLE,0.0,1,False,True,UNDECIDED_GT
n4_r0117_d0,n4,25274528,4,MNAR_self,True,acyclic,True,16,"['mean', 0]",,RECOVERABLE,formula:anchor_direct,,,RECOVERABLE,0.0,1,False,True,True
n4_r0117_d0,n4,25274528,4,MNAR_self,True,acyclic,True,16,"['mean', 1]",0.4952781613412482,UNDETERMINED_RELAXED_FRAGILE,round2:no model witness; relaxation varies,0.5000000000000001,3.941291737419306e-15,RECOVERABLE,0.0,1,False,True,UNDECIDED_GT
n4_r0125_d0,n4,25274776,4,MNAR_self,True,acyclic,True,16,"['mean', 0]",0.8297985562357437,UNDETERMINED_RELAXED_FRAGILE,round2:no model witness; relaxation varies,0.5,5.551115123125783e-16,RECOVERABLE,0.0,1,False,True,UNDECIDED_GT
n4_r0125_d0,n4,25274776,4,MNAR_self,True,acyclic,True,16,"['mean', 1]",0.19686380690421654,UNDETERMINED_RELAXED_FRAGILE,round2:no model witness; relaxation varies,0.5000000000000001,3.58046925441613e-15,RECOVERABLE,0.0,1,False,True,UNDECIDED_GT
n4_r0133_d0,n4,25275024,4,MNAR_self,True,acyclic,True,16,"['mean', 0]",0.8181786591651175,UNDETERMINED_RELAXED_FRAGILE,round2:no model witness; relaxation varies,0.5,5.551115123125783e-15,RECOVERABLE,0.0,1,False,True,UNDECIDED_GT
n4_r0133_d0,n4,25275024,4,MNAR_self,True,acyclic,True,16,"['mean', 1]",,RECOVERABLE,formula:anchor_direct,,,RECOVERABLE,0.0,1,False,True,True
n4_r0141_d0,n4,25275272,4,MNAR_self,True,acyclic,True,16,"['mean', 0]",0.6589160271939098,UNDETERMINED_RELAXED_FRAGILE,round2:no model witness; relaxation varies,0.5,3.3306690738754696e-16,RECOVERABLE,0.0,1,False,True,UNDECIDED_GT
n4_r0141_d0,n4,25275272,4,MNAR_self,True,acyclic,True,16,"['mean', 1]",0.16836343799537468,UNDETERMINED_RELAXED_FRAGILE,round2:no model witness; relaxation varies,0.5,4.7156722970953524e-14,RECOVERABLE,0.0,1,False,True,UNDECIDED_GT
n4_r0149_d0,n4,25275520,4,MNAR_self,True,acyclic,True,16,"['mean', 0]",,RECOVERABLE,formula:anchor_direct,,,RECOVERABLE,0.0,1,False,True,True
n4_r0149_d0,n4,25275520,4,MNAR_self,True,acyclic,True,16,"['mean', 1]",0.6088050944561367,UNDETERMINED_RELAXED_FRAGILE,round2:no model witness; relaxation varies,0.5,5.340172748447003e-14,RECOVERABLE,0.0,1,False,True,UNDECIDED_GT
n4_r0157_d0,n4,25275768,4,MNAR_self,True,acyclic,True,16,"['mean', 0]",0.5587623598177928,UNRECOVERABLE,model_witness(rootjump) dphi=0.2820 dist=3.3e-16,0.5,0.28195307615274867,UNRECOVERABLE,0.1519169592471863,12,False,True,True
n4_r0157_d0,n4,25275768,4,MNAR_self,True,acyclic,True,16,"['mean', 1]",0.3149860648400836,UNDETERMINED_RELAXED_FRAGILE,round2:no model witness; relaxation varies,0.5,3.0042635046356736e-13,RECOVERABLE,4.951594689828198e-14,12,False,True,UNDECIDED_GT
n4_r0165_d0,n4,25276016,4,MNAR_self,True,acyclic,True,16,"['mean', 0]",0.5628315760329765,UNDETERMINED_RELAXED_FRAGILE,round2:no model witness; relaxation varies,0.5,3.3306690738754696e-15,RECOVERABLE,0.0,1,False,True,UNDECIDED_GT
n4_r0165_d0,n4,25276016,4,MNAR_self,True,acyclic,True,16,"['mean', 1]",0.33282939503412623,UNDETERMINED_RELAXED_FRAGILE,round2:no model witness; relaxation varies,0.5,1.887379141862766e-14,RECOVERABLE,0.0,1,False,True,UNDECIDED_GT
n4_r0173_d0,n4,25276264,4,MNAR_self,True,acyclic,True,16,"['mean', 0]",0.6267441131279518,UNDETERMINED_RELAXED_FRAGILE,round2:no model witness; relaxation varies,0.5,2.7755575615628914e-15,RECOVERABLE,0.0,1,False,True,UNDECIDED_GT
n4_r0173_d0,n4,25276264,4,MNAR_self,True,acyclic,True,16,"['mean', 1]",0.7035761724837722,UNDETERMINED_RELAXED_FRAGILE,round2:no model witness; relaxation varies,0.5,3.3306690738754696e-16,RECOVERABLE,0.0,1,False,True,UNDECIDED_GT
n4_r0181_d0,n4,25276512,4,MNAR_other,False,acyclic,True,16,"['mean', 0]",0.16443283317407031,UNDETERMINED_RELAXED_FRAGILE,round2:no model witness; relaxation varies,0.5,2.4147350785597155e-15,RECOVERABLE,0.0,1,False,True,UNDECIDED_GT
n4_r0181_d0,n4,25276512,4,MNAR_other,False,acyclic,True,16,"['mean', 1]",0.42732478236116705,UNDETERMINED_RELAXED_FRAGILE,round2:no model witness; relaxation varies,0.49999999999999994,1.0547118733938987e-15,RECOVERABLE,0.0,1,False,True,UNDECIDED_GT
n4_r0189_d0,n4,25276760,4,MNAR_self,True,acyclic,True,16,"['mean', 0]",0.21355532394053928,UNDETERMINED_RELAXED_FRAGILE,round2:no model witness; relaxation varies,0.5,7.355227538141662e-15,RECOVERABLE,0.0,1,False,True,UNDECIDED_GT
n4_r0189_d0,n4,25276760,4,MNAR_self,True,acyclic,True,16,"['mean', 1]",0.6016279077836588,UNDETERMINED_RELAXED_FRAGILE,round2:no model witness; relaxation varies,0.49999999999999994,6.661338147750939e-16,RECOVERABLE,0.0,1,False,True,UNDECIDED_GT
n4_r0197_d0,n4,25277008,4,MNAR_self,True,acyclic,True,16,"['mean', 0]",,RECOVERABLE,formula:anchor_direct,,,RECOVERABLE,0.0,1,False,True,True
n4_r0197_d0,n4,25277008,4,MNAR_self,True,acyclic,True,16,"['mean', 1]",0.7696611607559014,UNDETERMINED_RELAXED_FRAGILE,round2:no model witness; relaxation varies,0.5000000000000001,4.107825191113079e-15,RECOVERABLE,0.0,1,False,True,UNDECIDED_GT
n3_s00347_d0,n3,54970901,3,MNAR_self,True,acyclic,True,8,"['mean', 0]",0.6255455609915477,UNDETERMINED_RELAXED_FRAGILE,round2:no model witness; relaxation varies,0.5,1.7763568394002505e-15,RECOVERABLE,0.0,1,False,True,UNDECIDED_GT
n3_s00347_d0,n3,54970901,3,MNAR_self,True,acyclic,True,8,"['mean', 1]",0.25262883650833023,UNDETERMINED_RELAXED_FRAGILE,round2:no model witness; relaxation varies,0.5,7.033262861000367e-14,RECOVERABLE,0.0,1,False,True,UNDECIDED_GT
n3_s00376_d0,n3,57870901,3,MNAR_self,True,acyclic,True,8,"['mean', 0]",0.7277507764288641,UNDETERMINED_RELAXED_FRAGILE,round2:no model witness; relaxation varies,0.49999999999999994,5.773159728050814e-15,RECOVERABLE,5.218048215738236e-15,12,False,True,UNDECIDED_GT
n3_s00376_d0,n3,57870901,3,MNAR_self,True,acyclic,True,8,"['mean', 1]",0.5222150761463576,UNRECOVERABLE,model_witness(rootjump) dphi=0.1472 dist=1.7e-16,0.5,0.14721249217176358,UNRECOVERABLE,0.284608822340512,12,False,True,True
n3_s00404_d0,n3,60670901,3,MNAR_self,True,acyclic,True,8,"['mean', 0]",,RECOVERABLE,formula:direct_full_pattern,,,RECOVERABLE,0.0,1,False,True,True
n3_s00404_d0,n3,60670901,3,MNAR_self,True,acyclic,True,8,"['mean', 1]",0.8110821561413756,UNDETERMINED_RELAXED_FRAGILE,round2:no model witness; relaxation varies,0.5,7.993605777301127e-15,RECOVERABLE,0.0,1,False,True,UNDECIDED_GT
n3_s00421_d0,n3,62370901,3,MNAR_self,True,acyclic,True,8,"['mean', 0]",,RECOVERABLE,formula:anchor_direct,,,RECOVERABLE,0.0,1,False,True,True
n3_s00421_d0,n3,62370901,3,MNAR_self,True,acyclic,True,8,"['mean', 1]",,RECOVERABLE,formula:anchor_direct,,,RECOVERABLE,0.0,1,False,True,True
n3_s00455_d0,n3,65770901,3,MNAR_self,True,acyclic,True,8,"['mean', 0]",0.7890033375134273,UNRECOVERABLE,model_witness(rootjump) dphi=0.2410 dist=4.2e-16,0.5,0.2410007906310272,UNRECOVERABLE,0.14041062975434315,12,False,True,True
n3_s00455_d0,n3,65770901,3,MNAR_self,True,acyclic,True,8,"['mean', 1]",,RECOVERABLE,formula:anchor_direct,,,RECOVERABLE,3.3306690738754696e-16,12,False,True,True
n3_s00487_d0,n3,68970901,3,MNAR_self,True,acyclic,True,8,"['mean', 0]",0.7239446805211524,UNDETERMINED_RELAXED_FRAGILE,round2:no model witness; relaxation varies,0.5,2.5934809855243657e-13,RECOVERABLE,0.0,1,False,True,UNDECIDED_GT
n3_s00487_d0,n3,68970901,3,MNAR_self,True,acyclic,True,8,"['mean', 1]",,RECOVERABLE,formula:anchor_direct,,,RECOVERABLE,0.0,1,False,True,True
n3_s00502_d0,n3,70470901,3,MNAR_self,True,acyclic,True,8,"['mean', 0]",0.20492546520744293,UNRECOVERABLE,model_witness(rootjump) dphi=0.2328 dist=1.7e-16,0.5,0.232821154978189,UNRECOVERABLE,0.28213314524620997,12,False,True,True
n3_s00502_d0,n3,70470901,3,MNAR_self,True,acyclic,True,8,"['mean', 1]",0.2308155705795329,UNDETERMINED_RELAXED_FRAGILE,round2:no model witness; relaxation varies,0.5,3.186340080674199e-14,RECOVERABLE,1.0547118733938987e-15,12,False,True,UNDECIDED_GT
n3_s00533_d0,n3,73570901,3,MNAR_self,True,acyclic,True,8,"['mean', 0]",,RECOVERABLE,formula:anchor_direct,,,RECOVERABLE,2.220446049250313e-16,12,False,True,True
n3_s00533_d0,n3,73570901,3,MNAR_self,True,acyclic,True,8,"['mean', 1]",0.6040571147276936,UNRECOVERABLE,model_witness(rootjump) dphi=0.2385 dist=1.1e-16,0.5,0.2384552920732359,UNRECOVERABLE,0.30478157105406073,12,False,True,True
n3_s00552_d0,n3,75470901,3,MNAR_other,False,acyclic,True,8,"['mean', 0]",,RECOVERABLE,formula:anchor_direct,,,RECOVERABLE,0.0,1,False,True,True
n3_s00552_d0,n3,75470901,3,MNAR_other,False,acyclic,True,8,"['mean', 1]",,RECOVERABLE,formula:direct_full_pattern,,,RECOVERABLE,0.0,1,False,True,True
n3_s00581_d0,n3,78370901,3,MNAR_self,True,acyclic,True,8,"['mean', 0]",0.563605141271541,UNDETERMINED_RELAXED_FRAGILE,round2:no model witness; relaxation varies,0.5,2.4924506902834764e-13,RECOVERABLE,7.771561172376096e-16,12,False,True,UNDECIDED_GT
n3_s00581_d0,n3,78370901,3,MNAR_self,True,acyclic,True,8,"['mean', 1]",,RECOVERABLE,formula:direct_full_pattern,,,RECOVERABLE,1.1102230246251565e-16,12,False,True,True
n3_s00592_d0,n3,79470901,3,MNAR_self,True,acyclic,True,8,"['mean', 0]",0.7142575783209755,UNDETERMINED_RELAXED_FRAGILE,round2:no model witness; relaxation varies,0.5,6.661338147750939e-15,RECOVERABLE,2.220446049250313e-15,12,False,True,UNDECIDED_GT
n3_s00592_d0,n3,79470901,3,MNAR_self,True,acyclic,True,8,"['mean', 1]",0.7625995599012454,UNRECOVERABLE,model_witness(rootjump) dphi=0.3571 dist=1.1e-16,0.5,0.35706860964357834,UNRECOVERABLE,0.22991897761633995,12,False,True,True
n3_s00612_d0,n3,81470901,3,MNAR_self,True,acyclic,True,8,"['mean', 0]",0.5477997633654226,UNDETERMINED_RELAXED_FRAGILE,round2:no model witness; relaxation varies,0.5,3.042011087472929e-14,RECOVERABLE,0.0,1,False,True,UNDECIDED_GT
n3_s00612_d0,n3,81470901,3,MNAR_self,True,acyclic,True,8,"['mean', 1]",,RECOVERABLE,formula:direct_full_pattern,,,RECOVERABLE,0.0,1,False,True,True
n3_s00631_d0,n3,83370901,3,MNAR_self,True,acyclic,True,8,"['mean', 0]",0.6154714725645365,UNDETERMINED_RELAXED_FRAGILE,round2:no model witness; relaxation varies,0.5,1.9984014443252818e-15,RECOVERABLE,0.0,1,False,True,UNDECIDED_GT
n3_s00631_d0,n3,83370901,3,MNAR_self,True,acyclic,True,8,"['mean', 1]",0.5024125865679383,UNDETERMINED_RELAXED_FRAGILE,round2:no model witness; relaxation varies,0.5,1.9395596240201485e-13,RECOVERABLE,0.0,1,False,True,UNDECIDED_GT
n3_s00653_d0,n3,85570901,3,MNAR_self,True,acyclic,True,8,"['mean', 0]",,RECOVERABLE,formula:anchor_direct,,,RECOVERABLE,1.6653345369377348e-16,12,False,True,True
n3_s00653_d0,n3,85570901,3,MNAR_self,True,acyclic,True,8,"['mean', 1]",,RECOVERABLE,formula:anchor_direct,,,RECOVERABLE,2.220446049250313e-16,12,False,True,True
n3_s00667_d0,n3,86970901,3,MNAR_self,True,acyclic,True,8,"['mean', 0]",,RECOVERABLE,formula:anchor_direct,,,RECOVERABLE,0.0,1,False,True,True
n3_s00667_d0,n3,86970901,3,MNAR_self,True,acyclic,True,8,"['mean', 1]",0.15690490931366063,UNDETERMINED_RELAXED_FRAGILE,round2:no model witness; relaxation varies,0.5,5.662137425588298e-15,RECOVERABLE,0.0,1,False,True,UNDECIDED_GT
n3_s00680_d0,n3,88270901,3,MNAR_other,False,acyclic,True,8,"['mean', 0]",,RECOVERABLE,formula:anchor_direct,,,RECOVERABLE,0.0,1,False,True,True
n3_s00680_d0,n3,88270901,3,MNAR_other,False,acyclic,True,8,"['mean', 1]",,RECOVERABLE,formula:anchor_direct,,,RECOVERABLE,0.0,1,False,True,True
n3_s00694_d0,n3,89670901,3,MNAR_self,True,acyclic,True,8,"['mean', 0]",,RECOVERABLE,formula:anchor_direct,,,RECOVERABLE,0.0,1,False,True,True
n3_s00694_d0,n3,89670901,3,MNAR_self,True,acyclic,True,8,"['mean', 1]",0.1550171042280198,UNDETERMINED_RELAXED_FRAGILE,round2:no model witness; relaxation varies,0.5,9.658940314238862e-15,RECOVERABLE,0.0,1,False,True,UNDECIDED_GT
n3_s00716_d0,n3,91870901,3,MNAR_self,True,acyclic,True,8,"['mean', 0]",0.44469840001400984,UNDETERMINED_RELAXED_FRAGILE,round2:no model witness; relaxation varies,0.5,1.27675647831893e-14,RECOVERABLE,0.0,1,False,True,UNDECIDED_GT
n3_s00716_d0,n3,91870901,3,MNAR_self,True,acyclic,True,8,"['mean', 1]",,RECOVERABLE,formula:anchor_direct,,,RECOVERABLE,0.0,1,False,True,True
n3_s00739_d0,n3,94170901,3,MNAR_self,True,acyclic,True,8,"['mean', 0]",0.3869082863164169,UNDETERMINED_RELAXED_FRAGILE,round2:no model witness; relaxation varies,0.5,5.051514762044462e-15,RECOVERABLE,0.0,1,False,True,UNDECIDED_GT
n3_s00739_d0,n3,94170901,3,MNAR_self,True,acyclic,True,8,"['mean', 1]",,RECOVERABLE,formula:anchor_direct,,,RECOVERABLE,0.0,1,False,True,True
n3_s00762_d0,n3,96470901,3,MNAR_self,True,acyclic,True,8,"['mean', 0]",0.45524654763716205,UNDETERMINED_RELAXED_FRAGILE,round2:no model witness; relaxation varies,0.5,1.7069679003611782e-13,RECOVERABLE,0.0,1,False,True,UNDECIDED_GT
n3_s00762_d0,n3,96470901,3,MNAR_self,True,acyclic,True,8,"['mean', 1]",0.6298127466176482,UNDETERMINED_RELAXED_FRAGILE,round2:no model witness; relaxation varies,0.5,2.142730437526552e-14,RECOVERABLE,0.0,1,False,True,UNDECIDED_GT
n3_s00791_d0,n3,99370901,3,MNAR_self,True,acyclic,True,8,"['mean', 0]",0.7878550841883883,UNRECOVERABLE,model_witness(rootjump) dphi=0.0086 dist=1.7e-16,0.5000000000000001,0.008554363917433694,UNRECOVERABLE,0.007794969776834693,12,False,True,True
n3_s00791_d0,n3,99370901,3,MNAR_self,True,acyclic,True,8,"['mean', 1]",0.5738211597361823,UNDETERMINED_RELAXED_FRAGILE,round2:no model witness; relaxation varies,0.5,4.107825191113079e-15,RECOVERABLE,6.661338147750939e-16,12,False,True,UNDECIDED_GT
n3_s00819_d0,n3,102170901,3,MNAR_self,True,acyclic,True,8,"['mean', 0]",0.42285896554001956,UNDETERMINED_RELAXED_FRAGILE,round2:no model witness; relaxation varies,0.5,7.216449660063518e-16,RECOVERABLE,0.0,1,False,True,UNDECIDED_GT
n3_s00819_d0,n3,102170901,3,MNAR_self,True,acyclic,True,8,"['mean', 1]",0.29676551868448464,UNDETERMINED_RELAXED_FRAGILE,round2:no model witness; relaxation varies,0.5,8.64863736182997e-14,RECOVERABLE,0.0,1,False,True,UNDECIDED_GT
n3_s00848_d0,n3,105070901,3,MNAR_self,True,acyclic,True,8,"['mean', 0]",0.2516574688963893,UNRECOVERABLE,model_witness(rootjump) dphi=0.3273 dist=1.1e-16,0.5,0.32729102633103024,UNRECOVERABLE,0.2588465496007677,12,False,True,True
n3_s00848_d0,n3,105070901,3,MNAR_self,True,acyclic,True,8,"['mean', 1]",0.30228266388295455,UNRECOVERABLE,model_witness(rootjump) dphi=0.2369 dist=2.2e-16,0.5,0.23693135154578693,UNRECOVERABLE,0.2790832069034457,12,False,True,True
n3_s00871_d0,n3,107370901,3,MNAR_self,True,acyclic,True,8,"['mean', 0]",0.6177150289809377,UNDETERMINED_RELAXED_FRAGILE,round2:no model witness; relaxation varies,0.5,6.592171253316792e-12,RECOVERABLE,0.0,1,False,True,UNDECIDED_GT
n3_s00871_d0,n3,107370901,3,MNAR_self,True,acyclic,True,8,"['mean', 1]",,RECOVERABLE,formula:anchor_direct,,,RECOVERABLE,0.0,1,False,True,True
n3_s00892_d0,n3,109470901,3,MNAR_self,True,acyclic,True,8,"['mean', 0]",0.16951695823289095,UNDETERMINED_RELAXED_FRAGILE,round2:no model witness; relaxation varies,0.5,1.4627188349436437e-14,RECOVERABLE,5.88418203051333e-15,12,False,True,UNDECIDED_GT
n3_s00892_d0,n3,109470901,3,MNAR_self,True,acyclic,True,8,"['mean', 1]",0.4788421042857769,UNRECOVERABLE,model_witness(rootjump) dphi=0.1265 dist=1.1e-16,0.5,0.12653427511943932,UNRECOVERABLE,0.1273555285324216,12,False,True,True
n3_s00922_d0,n3,112470901,3,MNAR_self,True,acyclic,True,8,"['mean', 0]",0.3821928194637537,UNDETERMINED_RELAXED_FRAGILE,round2:no model witness; relaxation varies,0.5,1.6653345369377348e-16,RECOVERABLE,0.0,1,False,True,UNDECIDED_GT
n3_s00922_d0,n3,112470901,3,MNAR_self,True,acyclic,True,8,"['mean', 1]",0.39601996663032624,UNDETERMINED_RELAXED_FRAGILE,round2:no model witness; relaxation varies,0.5,2.786659791809143e-14,RECOVERABLE,0.0,1,False,True,UNDECIDED_GT
n3_s00952_d0,n3,115470901,3,MNAR_self,True,acyclic,True,8,"['mean', 0]",0.8469214271996404,UNDETERMINED_RELAXED_FRAGILE,round2:no model witness; relaxation varies,0.5,4.440892098500626e-16,RECOVERABLE,0.0,1,False,True,UNDECIDED_GT
n3_s00952_d0,n3,115470901,3,MNAR_self,True,acyclic,True,8,"['mean', 1]",0.18241252261156748,UNDETERMINED_RELAXED_FRAGILE,round2:no model witness; relaxation varies,0.5,3.660960423701454e-14,RECOVERABLE,0.0,1,False,True,UNDECIDED_GT
n3_s00969_d0,n3,117170901,3,MNAR_self,True,acyclic,True,8,"['mean', 0]",0.6219444166638116,UNDETERMINED_RELAXED_FRAGILE,round2:no model witness; relaxation varies,0.5,2.098321516541546e-14,RECOVERABLE,0.0,1,False,True,UNDECIDED_GT
n3_s00969_d0,n3,117170901,3,MNAR_self,True,acyclic,True,8,"['mean', 1]",,RECOVERABLE,formula:anchor_direct,,,RECOVERABLE,0.0,1,False,True,True
n3_s00990_d0,n3,119270901,3,MNAR_self,True,acyclic,True,8,"['mean', 0]",0.5166534920281549,UNDETERMINED_RELAXED_FRAGILE,round2:no model witness; relaxation varies,0.5,2.2426505097428162e-14,RECOVERABLE,0.0,1,False,True,UNDECIDED_GT
n3_s00990_d0,n3,119270901,3,MNAR_self,True,acyclic,True,8,"['mean', 1]",0.7043616735107275,UNDETERMINED_RELAXED_FRAGILE,round2:no model witness; relaxation varies,0.5,1.965094753586527e-14,RECOVERABLE,0.0,1,False,True,UNDECIDED_GT
n3_s01007_d0,n3,120970901,3,MNAR_self,True,acyclic,True,8,"['mean', 0]",0.684040199427972,UNDETERMINED_RELAXED_FRAGILE,round2:no model witness; relaxation varies,0.5,5.7950311216359296e-12,RECOVERABLE,0.0,1,False,True,UNDECIDED_GT
n3_s01007_d0,n3,120970901,3,MNAR_self,True,acyclic,True,8,"['mean', 1]",,RECOVERABLE,formula:anchor_direct,,,RECOVERABLE,0.0,1,False,True,True
n3_s01024_d0,n3,122670901,3,MCAR,False,acyclic,True,8,"['mean', 0]",,RECOVERABLE,formula:direct_full_pattern,,,RECOVERABLE,0.0,1,False,False,True
n3_s01024_d0,n3,122670901,3,MCAR,False,acyclic,True,8,"['mean', 1]",,RECOVERABLE,formula:direct_full_pattern,,,RECOVERABLE,0.0,1,False,False,True
n3_s01048_d0,n3,125070901,3,MNAR_self,True,acyclic,True,8,"['mean', 0]",,RECOVERABLE,formula:anchor_direct,,,RECOVERABLE,0.0,1,False,True,True
n3_s01048_d0,n3,125070901,3,MNAR_self,True,acyclic,True,8,"['mean', 1]",0.82019723695254,UNDETERMINED_RELAXED_FRAGILE,round2:no model witness; relaxation varies,0.5,3.4416913763379853e-15,RECOVERABLE,0.0,1,False,True,UNDECIDED_GT
n3_s01076_d0,n3,127870901,3,MNAR_self,True,acyclic,True,8,"['mean', 0]",,RECOVERABLE,formula:direct_full_pattern,,,RECOVERABLE,0.0,12,False,True,True
n3_s01076_d0,n3,127870901,3,MNAR_self,True,acyclic,True,8,"['mean', 1]",0.7359334551945065,UNRECOVERABLE,model_witness(rootjump) dphi=0.2399 dist=2.2e-16,0.5,0.23994274934341842,UNRECOVERABLE,0.3238945109235453,12,False,True,True
n3_s01102_d0,n3,130470901,3,MNAR_self,True,acyclic,True,8,"['mean', 0]",0.3743913331137483,UNDETERMINED_RELAXED_FRAGILE,round2:no model witness; relaxation varies,0.5,8.059886091871249e-12,RECOVERABLE,2.90878432451791e-14,12,False,True,UNDECIDED_GT
n3_s01102_d0,n3,130470901,3,MNAR_self,True,acyclic,True,8,"['mean', 1]",,RECOVERABLE,formula:anchor_direct,,,RECOVERABLE,3.3306690738754696e-16,12,False,True,True
n3_s01119_d0,n3,132170901,3,MNAR_self,True,acyclic,True,8,"['mean', 0]",0.4132112303449826,UNDETERMINED_RELAXED_FRAGILE,round2:no model witness; relaxation varies,0.49999999999999994,6.5503158452884236e-15,RECOVERABLE,2.7755575615628914e-16,12,False,True,UNDECIDED_GT
n3_s01119_d0,n3,132170901,3,MNAR_self,True,acyclic,True,8,"['mean', 1]",0.5284002162427942,UNDETERMINED_RELAXED_FRAGILE,round2:no model witness; relaxation varies,0.5,1.6986412276764895e-14,RECOVERABLE,2.220446049250313e-16,12,False,True,UNDECIDED_GT
n3_s01148_d0,n3,135070901,3,MNAR_self,True,acyclic,True,8,"['mean', 0]",0.5023049060618936,UNDETERMINED_RELAXED_FRAGILE,round2:no model witness; relaxation varies,0.5,1.6986412276764895e-14,RECOVERABLE,4.440892098500626e-16,12,False,True,UNDECIDED_GT
n3_s01148_d0,n3,135070901,3,MNAR_self,True,acyclic,True,8,"['mean', 1]",0.44170760096640105,UNRECOVERABLE,model_witness(rootjump) dphi=0.2522 dist=2.2e-16,0.5,0.2522091408100222,UNRECOVERABLE,0.22832832861578772,12,False,True,True
n3_s01166_d0,n3,136870901,3,MNAR_self,True,acyclic,True,8,"['mean', 0]",,RECOVERABLE,formula:anchor_direct,,,RECOVERABLE,2.220446049250313e-16,12,False,True,True
n3_s01166_d0,n3,136870901,3,MNAR_self,True,acyclic,True,8,"['mean', 1]",,RECOVERABLE,formula:anchor_direct,,,RECOVERABLE,3.3306690738754696e-16,12,False,True,True
n3_s01199_d0,n3,140170901,3,MNAR_self,True,acyclic,True,8,"['mean', 0]",,RECOVERABLE,formula:anchor_direct,,,RECOVERABLE,0.0,1,False,True,True
n3_s01199_d0,n3,140170901,3,MNAR_self,True,acyclic,True,8,"['mean', 1]",0.16623234341534762,UNDETERMINED_RELAXED_FRAGILE,round2:no model witness; relaxation varies,0.5,1.2490009027033011e-14,RECOVERABLE,0.0,1,False,True,UNDECIDED_GT
n3_s01215_d0,n3,141770901,3,MNAR_self,True,acyclic,True,8,"['mean', 0]",,RECOVERABLE,formula:anchor_direct,,,RECOVERABLE,0.0,1,False,True,True
n3_s01215_d0,n3,141770901,3,MNAR_self,True,acyclic,True,8,"['mean', 1]",0.33571020826965914,UNDETERMINED_RELAXED_FRAGILE,round2:no model witness; relaxation varies,0.5,4.412026299860372e-13,RECOVERABLE,0.0,1,False,True,UNDECIDED_GT
n3_s01234_d0,n3,143670901,3,MNAR_self,True,acyclic,True,8,"['mean', 0]",0.5687193281314658,UNRECOVERABLE,model_witness(rootjump) dphi=0.3376 dist=1.7e-16,0.5,0.3375891184925736,UNRECOVERABLE,0.3778664221933951,12,False,True,True
n3_s01234_d0,n3,143670901,3,MNAR_self,True,acyclic,True,8,"['mean', 1]",0.7876110834897186,UNDETERMINED_RELAXED_FRAGILE,round2:no model witness; relaxation varies,0.5,6.328271240363392e-15,RECOVERABLE,1.1102230246251565e-16,12,False,True,UNDECIDED_GT
n3_s01258_d0,n3,146070901,3,MNAR_self,True,acyclic,True,8,"['mean', 0]",0.5806581621807652,UNDETERMINED_RELAXED_FRAGILE,round2:no model witness; relaxation varies,0.5,5.894174037734956e-13,RECOVERABLE,0.0,1,False,True,UNDECIDED_GT
n3_s01258_d0,n3,146070901,3,MNAR_self,True,acyclic,True,8,"['mean', 1]",0.8429962805541351,UNDETERMINED_RELAXED_FRAGILE,round2:no model witness; relaxation varies,0.5,3.3306690738754696e-16,RECOVERABLE,0.0,1,False,True,UNDECIDED_GT
n3_s01295_d0,n3,149770901,3,MNAR_self,True,acyclic,True,8,"['mean', 0]",,RECOVERABLE,formula:anchor_direct,,,RECOVERABLE,0.0,1,False,True,True
n3_s01295_d0,n3,149770901,3,MNAR_self,True,acyclic,True,8,"['mean', 1]",,RECOVERABLE,formula:anchor_direct,,,RECOVERABLE,0.0,1,False,True,True
n3_s01330_d0,n3,153270901,3,MNAR_self,True,acyclic,True,8,"['mean', 0]",,RECOVERABLE,formula:direct_full_pattern,,,RECOVERABLE,0.0,1,False,True,True
n3_s01330_d0,n3,153270901,3,MNAR_self,True,acyclic,True,8,"['mean', 1]",0.4458690307940875,UNDETERMINED_RELAXED_FRAGILE,round2:no model witness; relaxation varies,0.5,5.71209746169643e-14,RECOVERABLE,0.0,1,False,True,UNDECIDED_GT
n3_s01358_d0,n3,156070901,3,MNAR_self,True,acyclic,True,8,"['mean', 0]",0.703879563690936,UNDETERMINED_RELAXED_FRAGILE,round2:no model witness; relaxation varies,0.5,8.426592756904938e-14,RECOVERABLE,0.0,1,False,True,UNDECIDED_GT
n3_s01358_d0,n3,156070901,3,MNAR_self,True,acyclic,True,8,"['mean', 1]",,RECOVERABLE,formula:anchor_direct,,,RECOVERABLE,0.0,1,False,True,True
n3_s01376_d0,n3,157870901,3,MNAR_self,True,acyclic,True,8,"['mean', 0]",0.4587575139344066,UNRECOVERABLE,model_witness(rootjump) dphi=0.2130 dist=1.1e-16,0.5,0.213042953147413,UNRECOVERABLE,0.24969897713095174,12,False,True,True
n3_s01376_d0,n3,157870901,3,MNAR_self,True,acyclic,True,8,"['mean', 1]",0.34203712525227425,UNDETERMINED_RELAXED_FRAGILE,round2:no model witness; relaxation varies,0.5,3.885780586188048e-16,RECOVERABLE,1.6653345369377348e-16,12,False,True,UNDECIDED_GT
n3_s01399_d0,n3,160170901,3,MNAR_self,True,acyclic,True,8,"['mean', 0]",0.4820025283009033,UNDETERMINED_RELAXED_FRAGILE,round2:no model witness; relaxation varies,0.5,6.106226635438361e-14,RECOVERABLE,0.0,1,False,True,UNDECIDED_GT
n3_s01399_d0,n3,160170901,3,MNAR_self,True,acyclic,True,8,"['mean', 1]",0.38277885577720017,UNDETERMINED_RELAXED_FRAGILE,round2:no model witness; relaxation varies,0.5,8.826273045769994e-15,RECOVERABLE,0.0,1,False,True,UNDECIDED_GT
n3_s01420_d0,n3,162270901,3,MNAR_self,True,acyclic,True,8,"['mean', 0]",,RECOVERABLE,formula:anchor_direct,,,RECOVERABLE,0.0,1,False,True,True
n3_s01420_d0,n3,162270901,3,MNAR_self,True,acyclic,True,8,"['mean', 1]",,RECOVERABLE,formula:anchor_direct,,,RECOVERABLE,0.0,1,False,True,True
n3_s01441_d0,n3,164370901,3,MNAR_other,False,acyclic,True,8,"['mean', 0]",,RECOVERABLE,formula:anchor_direct,,,RECOVERABLE,0.0,1,False,True,True
n3_s01441_d0,n3,164370901,3,MNAR_other,False,acyclic,True,8,"['mean', 1]",0.20739064911854346,UNDETERMINED_RELAXED_FRAGILE,round2:no model witness; relaxation varies,0.5,1.0824674490095276e-15,RECOVERABLE,0.0,1,False,True,UNDECIDED_GT
n3_s01459_d0,n3,166170901,3,MNAR_self,True,acyclic,True,8,"['mean', 0]",,RECOVERABLE,formula:anchor_direct,,,RECOVERABLE,0.0,1,False,True,True
n3_s01459_d0,n3,166170901,3,MNAR_self,True,acyclic,True,8,"['mean', 1]",0.5868352781395189,UNDETERMINED_RELAXED_FRAGILE,round2:no model witness; relaxation varies,0.5,1.099120794378905e-14,RECOVERABLE,0.0,1,False,True,UNDECIDED_GT
n3_s01480_d0,n3,168270901,3,MNAR_self,True,acyclic,True,8,"['mean', 0]",0.3188919599858092,UNDETERMINED_RELAXED_FRAGILE,round2:no model witness; relaxation varies,0.5,1.2212453270876722e-14,RECOVERABLE,0.0,1,False,True,UNDECIDED_GT
n3_s01480_d0,n3,168270901,3,MNAR_self,True,acyclic,True,8,"['mean', 1]",,RECOVERABLE,formula:anchor_direct,,,RECOVERABLE,0.0,1,False,True,True
n3_s01503_d0,n3,170570901,3,MNAR_self,True,acyclic,True,8,"['mean', 0]",0.5244899528225317,UNDETERMINED_RELAXED_FRAGILE,round2:no model witness; relaxation varies,0.5,2.51909604287448e-13,RECOVERABLE,0.0,1,False,True,UNDECIDED_GT
n3_s01503_d0,n3,170570901,3,MNAR_self,True,acyclic,True,8,"['mean', 1]",0.22493583346385532,UNDETERMINED_RELAXED_FRAGILE,round2:no model witness; relaxation varies,0.5,6.13398221105399e-15,RECOVERABLE,0.0,1,False,True,UNDECIDED_GT
n3_s01520_d0,n3,172270901,3,MNAR_self,True,acyclic,True,8,"['mean', 0]",0.5024343455980781,UNRECOVERABLE,model_witness(rootjump) dphi=0.1814 dist=1.1e-16,0.5,0.18140990152814318,UNRECOVERABLE,0.19134821441597039,12,False,True,True
n3_s01520_d0,n3,172270901,3,MNAR_self,True,acyclic,True,8,"['mean', 1]",0.3157983468503548,UNDETERMINED_RELAXED_FRAGILE,round2:no model witness; relaxation varies,0.5,1.4765966227514582e-14,RECOVERABLE,7.771561172376096e-16,12,False,True,UNDECIDED_GT
n3_s01541_d0,n3,174370901,3,MNAR_self,True,acyclic,True,8,"['mean', 0]",,RECOVERABLE,formula:anchor_direct,,,RECOVERABLE,0.0,1,False,True,True
n3_s01541_d0,n3,174370901,3,MNAR_self,True,acyclic,True,8,"['mean', 1]",,RECOVERABLE,formula:anchor_direct,,,RECOVERABLE,0.0,1,False,True,True
n3_s01569_d0,n3,177170901,3,MNAR_other,False,acyclic,True,8,"['mean', 0]",,RECOVERABLE,formula:anchor_direct,,,RECOVERABLE,0.0,1,False,True,True
n3_s01569_d0,n3,177170901,3,MNAR_other,False,acyclic,True,8,"['mean', 1]",0.7389395086341646,UNDETERMINED_RELAXED_FRAGILE,round2:no model witness; relaxation varies,0.5,9.992007221626409e-16,RECOVERABLE,0.0,1,False,True,UNDECIDED_GT
n3_s01583_d0,n3,178570901,3,MNAR_self,True,acyclic,True,8,"['mean', 0]",,RECOVERABLE,formula:anchor_direct,,,RECOVERABLE,1.1102230246251565e-16,12,False,True,True
n3_s01583_d0,n3,178570901,3,MNAR_self,True,acyclic,True,8,"['mean', 1]",0.4155953687534084,UNRECOVERABLE,model_witness(rootjump) dphi=0.0285 dist=1.1e-16,0.5,0.02850746133806087,UNRECOVERABLE,0.029534344794375222,12,False,True,True
n3_s01615_d0,n3,181770901,3,MNAR_self,True,acyclic,True,8,"['mean', 0]",0.5785808952892106,UNDETERMINED_RELAXED_FRAGILE,round2:no model witness; relaxation varies,0.5,1.6431300764452317e-14,RECOVERABLE,1.2212453270876722e-15,12,False,True,UNDECIDED_GT
n3_s01615_d0,n3,181770901,3,MNAR_self,True,acyclic,True,8,"['mean', 1]",,RECOVERABLE,formula:anchor_direct,,,RECOVERABLE,0.0,12,False,True,True
n3_s01650_d0,n3,185270901,3,MNAR_self,True,acyclic,True,8,"['mean', 0]",0.4716172999032537,UNDETERMINED_RELAXED_FRAGILE,round2:no model witness; relaxation varies,0.5,1.1823875212257917e-14,RECOVERABLE,0.0,1,False,True,UNDECIDED_GT
n3_s01650_d0,n3,185270901,3,MNAR_self,True,acyclic,True,8,"['mean', 1]",0.6314275223394913,UNDETERMINED_RELAXED_FRAGILE,round2:no model witness; relaxation varies,0.5,4.773959005888173e-15,RECOVERABLE,0.0,1,False,True,UNDECIDED_GT
n3_s01673_d0,n3,187570901,3,MNAR_other,False,acyclic,True,8,"['mean', 0]",,RECOVERABLE,formula:anchor_direct,,,RECOVERABLE,0.0,1,False,True,True
n3_s01673_d0,n3,187570901,3,MNAR_other,False,acyclic,True,8,"['mean', 1]",,RECOVERABLE,formula:anchor_direct,,,RECOVERABLE,0.0,1,False,True,True
n3_s01705_d0,n3,190770901,3,MNAR_other,False,acyclic,True,8,"['mean', 0]",,RECOVERABLE,formula:anchor_direct,,,RECOVERABLE,0.0,1,False,True,True
n3_s01705_d0,n3,190770901,3,MNAR_other,False,acyclic,True,8,"['mean', 1]",0.7099746976732977,UNDETERMINED_RELAXED_FRAGILE,round2:no model witness; relaxation varies,0.5,1.3322676295501878e-15,RECOVERABLE,0.0,1,False,True,UNDECIDED_GT
n3_s01730_d0,n3,193270901,3,MNAR_self,True,acyclic,True,8,"['mean', 0]",0.5128367634174124,UNDETERMINED_RELAXED_FRAGILE,round2:no model witness; relaxation varies,0.49999999999999994,6.439293542825908e-15,RECOVERABLE,0.0,1,False,True,UNDECIDED_GT
n3_s01730_d0,n3,193270901,3,MNAR_self,True,acyclic,True,8,"['mean', 1]",,RECOVERABLE,formula:anchor_direct,,,RECOVERABLE,0.0,1,False,True,True
n3_s01754_d0,n3,195670901,3,MNAR_self,True,acyclic,True,8,"['mean', 0]",0.186129493680096,UNDETERMINED_RELAXED_FRAGILE,round2:no model witness; relaxation varies,0.5,3.6887159993170826e-14,RECOVERABLE,0.0,1,False,True,UNDECIDED_GT
n3_s01754_d0,n3,195670901,3,MNAR_self,True,acyclic,True,8,"['mean', 1]",0.7707264955621108,UNDETERMINED_RELAXED_FRAGILE,round2:no model witness; relaxation varies,0.5,2.4424906541753444e-15,RECOVERABLE,0.0,1,False,True,UNDECIDED_GT
n3_s01791_d0,n3,199370901,3,MNAR_self,True,acyclic,True,8,"['mean', 0]",0.7144269120000204,UNDETERMINED_RELAXED_FRAGILE,round2:no model witness; relaxation varies,0.5,7.80486786311485e-14,RECOVERABLE,2.1094237467877974e-15,12,False,True,UNDECIDED_GT
n3_s01791_d0,n3,199370901,3,MNAR_self,True,acyclic,True,8,"['mean', 1]",0.25529367507921136,UNDETERMINED_RELAXED_FRAGILE,round2:no model witness; relaxation varies,0.5,1.0219602941674566e-13,RECOVERABLE,1.2212453270876722e-15,12,False,True,UNDECIDED_GT
n3_s01823_d0,n3,202570901,3,MNAR_self,True,acyclic,True,8,"['mean', 0]",0.8167001286372371,UNDETERMINED_RELAXED_FRAGILE,round2:no model witness; relaxation varies,0.5,1.2512213487525514e-12,RECOVERABLE,0.0,1,False,True,UNDECIDED_GT
n3_s01823_d0,n3,202570901,3,MNAR_self,True,acyclic,True,8,"['mean', 1]",0.3267522729745067,UNDETERMINED_RELAXED_FRAGILE,round2:no model witness; relaxation varies,0.5,1.0312306564230767e-12,RECOVERABLE,0.0,1,False,True,UNDECIDED_GT
n3_s01842_d0,n3,204470901,3,MNAR_self,True,acyclic,True,8,"['mean', 0]",0.3158106049542416,UNDETERMINED_RELAXED_FRAGILE,round2:no model witness; relaxation varies,0.5,6.661338147750939e-16,RECOVERABLE,0.0,1,False,True,UNDECIDED_GT
n3_s01842_d0,n3,204470901,3,MNAR_self,True,acyclic,True,8,"['mean', 1]",0.20258204394551022,UNDETERMINED_RELAXED_FRAGILE,round2:no model witness; relaxation varies,0.5,9.103828801926284e-15,RECOVERABLE,0.0,1,False,True,UNDECIDED_GT
n3_s01865_d0,n3,206770901,3,MNAR_self,True,acyclic,True,8,"['mean', 0]",0.29488791118768026,UNDETERMINED_RELAXED_FRAGILE,round2:no model witness; relaxation varies,0.5,6.000755448098971e-14,RECOVERABLE,0.0,1,False,True,UNDECIDED_GT
n3_s01865_d0,n3,206770901,3,MNAR_self,True,acyclic,True,8,"['mean', 1]",,RECOVERABLE,formula:anchor_direct,,,RECOVERABLE,0.0,1,False,True,True
n3_s01879_d0,n3,208170901,3,MNAR_self,True,acyclic,True,8,"['mean', 0]",0.39588110158570344,UNRECOVERABLE,model_witness(rootjump) dphi=0.0464 dist=2.2e-16,0.5,0.04638501265557027,UNRECOVERABLE,0.03317049934720878,12,False,True,True
n3_s01879_d0,n3,208170901,3,MNAR_self,True,acyclic,True,8,"['mean', 1]",0.20379387494656234,UNDETERMINED_RELAXED_FRAGILE,round2:no model witness; relaxation varies,0.5,8.604228440844963e-16,RECOVERABLE,9.43689570931383e-16,12,False,True,UNDECIDED_GT
n3_s01902_d0,n3,210470901,3,MNAR_self,True,acyclic,True,8,"['mean', 0]",0.3650703582622904,UNDETERMINED_RELAXED_FRAGILE,round2:no model witness; relaxation varies,0.5,4.5352610555937645e-14,RECOVERABLE,0.0,1,False,True,UNDECIDED_GT
n3_s01902_d0,n3,210470901,3,MNAR_self,True,acyclic,True,8,"['mean', 1]",0.4895098902493972,UNDETERMINED_RELAXED_FRAGILE,round2:no model witness; relaxation varies,0.5,9.43689570931383e-16,RECOVERABLE,0.0,1,False,True,UNDECIDED_GT
n3_s01922_d0,n3,212470901,3,MNAR_other,False,acyclic,True,8,"['mean', 0]",0.6269848437384897,UNDETERMINED_RELAXED_FRAGILE,round2:no model witness; relaxation varies,0.5,3.6637359812630166e-15,RECOVERABLE,0.0,1,False,True,UNDECIDED_GT
n3_s01922_d0,n3,212470901,3,MNAR_other,False,acyclic,True,8,"['mean', 1]",,RECOVERABLE,formula:anchor_direct,,,RECOVERABLE,0.0,1,False,True,True
n3_s01952_d0,n3,215470901,3,MNAR_other,False,acyclic,True,8,"['mean', 0]",0.8277767043232368,UNDETERMINED_RELAXED_FRAGILE,round2:no model witness; relaxation varies,0.49999999999999994,2.55351295663786e-15,RECOVERABLE,0.0,1,False,True,UNDECIDED_GT
n3_s01952_d0,n3,215470901,3,MNAR_other,False,acyclic,True,8,"['mean', 1]",0.3328336459456779,UNDETERMINED_RELAXED_FRAGILE,round2:no model witness; relaxation varies,0.5,6.161737786669619e-15,RECOVERABLE,0.0,1,False,True,UNDECIDED_GT
n3_s01974_d0,n3,217670901,3,MNAR_self,True,acyclic,True,8,"['mean', 0]",0.1825766551009318,UNDETERMINED_RELAXED_FRAGILE,round2:no model witness; relaxation varies,0.5,1.942890293094024e-16,RECOVERABLE,0.0,1,False,True,UNDECIDED_GT
n3_s01974_d0,n3,217670901,3,MNAR_self,True,acyclic,True,8,"['mean', 1]",0.3262437793292665,UNDETERMINED_RELAXED_FRAGILE,round2:no model witness; relaxation varies,0.5,1.8263168755083825e-14,RECOVERABLE,0.0,1,False,True,UNDECIDED_GT
n3_s01996_d0,n3,219870901,3,MNAR_self,True,acyclic,True,8,"['mean', 0]",0.7076640022000871,UNDETERMINED_RELAXED_FRAGILE,round2:no model witness; relaxation varies,0.5,7.177591854201637e-13,RECOVERABLE,3.141931159689193e-14,12,False,True,UNDECIDED_GT
n3_s01996_d0,n3,219870901,3,MNAR_self,True,acyclic,True,8,"['mean', 1]",,RECOVERABLE,formula:anchor_direct,,,RECOVERABLE,2.220446049250313e-16,12,False,True,True
n3_s02027_d0,n3,222970901,3,MNAR_self,True,acyclic,True,8,"['mean', 0]",0.4747716681191972,UNDETERMINED_RELAXED_FRAGILE,round2:no model witness; relaxation varies,0.5,3.047562202596055e-14,RECOVERABLE,0.0,1,False,True,UNDECIDED_GT
n3_s02027_d0,n3,222970901,3,MNAR_self,True,acyclic,True,8,"['mean', 1]",0.4384472793773648,UNDETERMINED_RELAXED_FRAGILE,round2:no model witness; relaxation varies,0.5,6.6058269965196814e-15,RECOVERABLE,0.0,1,False,True,UNDECIDED_GT
n3_s02057_d0,n3,225970901,3,MNAR_other,False,acyclic,True,8,"['mean', 0]",,RECOVERABLE,formula:anchor_direct,,,RECOVERABLE,0.0,1,False,True,True
n3_s02057_d0,n3,225970901,3,MNAR_other,False,acyclic,True,8,"['mean', 1]",0.6282348878953237,UNDETERMINED_RELAXED_FRAGILE,round2:no model witness; relaxation varies,0.5,1.7763568394002505e-15,RECOVERABLE,0.0,1,False,True,UNDECIDED_GT
n3_s02079_d0,n3,228170901,3,MNAR_self,True,acyclic,True,8,"['mean', 0]",,RECOVERABLE,formula:anchor_direct,,,RECOVERABLE,1.6653345369377348e-16,12,False,True,True
n3_s02079_d0,n3,228170901,3,MNAR_self,True,acyclic,True,8,"['mean', 1]",0.3747221180426642,UNDETERMINED_RELAXED_FRAGILE,round2:no model witness; relaxation varies,0.5,7.327471962526033e-15,RECOVERABLE,8.326672684688674e-16,12,False,True,UNDECIDED_GT
n3_s02101_d0,n3,230370901,3,MNAR_self,True,acyclic,True,8,"['mean', 0]",,RECOVERABLE,formula:anchor_direct,,,RECOVERABLE,0.0,1,False,True,True
n3_s02101_d0,n3,230370901,3,MNAR_self,True,acyclic,True,8,"['mean', 1]",0.7199881180056165,UNDETERMINED_RELAXED_FRAGILE,round2:no model witness; relaxation varies,0.5,9.103828801926284e-15,RECOVERABLE,0.0,1,False,True,UNDECIDED_GT
n3_s02127_d0,n3,232970901,3,MNAR_self,True,acyclic,True,8,"['mean', 0]",0.5721438755595984,UNDETERMINED_RELAXED_FRAGILE,round2:no model witness; relaxation varies,0.49999999999999994,9.992007221626409e-16,RECOVERABLE,1.1102230246251565e-16,12,False,True,UNDECIDED_GT
n3_s02127_d0,n3,232970901,3,MNAR_self,True,acyclic,True,8,"['mean', 1]",0.4317824029829972,UNDETERMINED_RELAXED_FRAGILE,round2:no model witness; relaxation varies,0.5,7.771561172376096e-16,RECOVERABLE,3.3306690738754696e-16,12,False,True,UNDECIDED_GT
n3_s02158_d0,n3,236070901,3,MNAR_self,True,acyclic,True,8,"['mean', 0]",0.24859374083780178,UNDETERMINED_RELAXED_FRAGILE,round2:no model witness; relaxation varies,0.5,7.438494264988549e-15,RECOVERABLE,0.0,1,False,True,UNDECIDED_GT
n3_s02158_d0,n3,236070901,3,MNAR_self,True,acyclic,True,8,"['mean', 1]",0.7614259083047296,UNDETERMINED_RELAXED_FRAGILE,round2:no model witness; relaxation varies,0.5,2.220446049250313e-16,RECOVERABLE,0.0,1,False,True,UNDECIDED_GT
n3_s02181_d0,n3,238370901,3,MNAR_self,True,acyclic,True,8,"['mean', 0]",0.17792926272110096,UNDETERMINED_RELAXED_FRAGILE,round2:no model witness; relaxation varies,0.5,6.522560269672795e-15,RECOVERABLE,5.384581669432009e-15,12,False,True,UNDECIDED_GT
n3_s02181_d0,n3,238370901,3,MNAR_self,True,acyclic,True,8,"['mean', 1]",,RECOVERABLE,formula:anchor_direct,,,RECOVERABLE,3.0531133177191805e-15,12,False,True,True
n3_s02218_d0,n3,242070901,3,MNAR_other,False,acyclic,True,8,"['mean', 0]",0.49690640793251745,UNDETERMINED_RELAXED_FRAGILE,round2:no model witness; relaxation varies,0.5,1.8318679906315083e-15,RECOVERABLE,0.0,1,False,True,UNDECIDED_GT
n3_s02218_d0,n3,242070901,3,MNAR_other,False,acyclic,True,8,"['mean', 1]",0.6794849667128489,UNDETERMINED_RELAXED_FRAGILE,round2:no model witness; relaxation varies,0.5,3.4416913763379853e-15,RECOVERABLE,0.0,1,False,True,UNDECIDED_GT
n3_s02243_d0,n3,244570901,3,MNAR_self,True,acyclic,True,8,"['mean', 0]",0.3622584116907895,UNDETERMINED_RELAXED_FRAGILE,round2:no model witness; relaxation varies,0.5000000000000001,3.9890313274781874e-13,RECOVERABLE,0.0,1,False,True,UNDECIDED_GT
n3_s02243_d0,n3,244570901,3,MNAR_self,True,acyclic,True,8,"['mean', 1]",,RECOVERABLE,formula:anchor_direct,,,RECOVERABLE,0.0,1,False,True,True
n3_s02270_d0,n3,247270901,3,MNAR_self,True,acyclic,True,8,"['mean', 0]",0.16522215282947555,UNDETERMINED_RELAXED_FRAGILE,round2:no model witness; relaxation varies,0.5,1.746103261979215e-13,RECOVERABLE,4.135580766728708e-14,12,False,True,UNDECIDED_GT
n3_s02270_d0,n3,247270901,3,MNAR_self,True,acyclic,True,8,"['mean', 1]",0.6829649464977399,UNDETERMINED_RELAXED_FRAGILE,round2:no model witness; relaxation varies,0.5,1.9984014443252818e-15,RECOVERABLE,6.661338147750939e-16,12,False,True,UNDECIDED_GT
n3_s02294_d0,n3,249670901,3,MNAR_self,True,acyclic,True,8,"['mean', 0]",0.8313557718173701,UNRECOVERABLE,model_witness(rootjump) dphi=0.3623 dist=2.2e-16,0.49999999999999994,0.362269662827891,UNRECOVERABLE,0.2159234682343273,12,False,True,True
n3_s02294_d0,n3,249670901,3,MNAR_self,True,acyclic,True,8,"['mean', 1]",0.480914764921295,UNDETERMINED_RELAXED_FRAGILE,round2:no model witness; relaxation varies,0.5,1.4432899320127035e-15,RECOVERABLE,3.3306690738754696e-16,12,False,True,UNDECIDED_GT
n3_s02317_d0,n3,251970901,3,MNAR_self,True,acyclic,True,8,"['mean', 0]",,RECOVERABLE,formula:anchor_direct,,,RECOVERABLE,0.0,1,False,True,True
n3_s02317_d0,n3,251970901,3,MNAR_self,True,acyclic,True,8,"['mean', 1]",0.39545110617687657,UNDETERMINED_RELAXED_FRAGILE,round2:no model witness; relaxation varies,0.5,1.6653345369377348e-16,RECOVERABLE,0.0,1,False,True,UNDECIDED_GT
n3_s02347_d0,n3,254970901,3,MNAR_other,False,acyclic,True,8,"['mean', 0]",,RECOVERABLE,formula:anchor_direct,,,RECOVERABLE,0.0,1,False,True,True
n3_s02347_d0,n3,254970901,3,MNAR_other,False,acyclic,True,8,"['mean', 1]",0.6740605187106588,UNDETERMINED_RELAXED_FRAGILE,round2:no model witness; relaxation varies,0.5,1.5543122344752192e-15,RECOVERABLE,0.0,1,False,True,UNDECIDED_GT
n3_s02376_d0,n3,257870901,3,MNAR_self,True,acyclic,True,8,"['mean', 0]",0.3985134664560208,UNDETERMINED_RELAXED_FRAGILE,round2:no model witness; relaxation varies,0.5000000000000001,6.38378239159465e-15,RECOVERABLE,0.0,1,False,True,UNDECIDED_GT
n3_s02376_d0,n3,257870901,3,MNAR_self,True,acyclic,True,8,"['mean', 1]",0.3999023692107314,UNDETERMINED_RELAXED_FRAGILE,round2:no model witness; relaxation varies,0.5,1.609823385706477e-15,RECOVERABLE,0.0,1,False,True,UNDECIDED_GT
n3_s02397_d0,n3,259970901,3,MNAR_self,True,acyclic,True,8,"['mean', 0]",0.1560371942318372,UNDETERMINED_RELAXED_FRAGILE,round2:no model witness; relaxation varies,0.49999999999999994,1.9984014443252818e-15,RECOVERABLE,4.385380947269368e-15,12,False,True,UNDECIDED_GT
n3_s02397_d0,n3,259970901,3,MNAR_self,True,acyclic,True,8,"['mean', 1]",0.2780685929253508,UNRECOVERABLE,model_witness(rootjump) dphi=0.2900 dist=1.1e-16,0.5,0.2899946531361116,UNRECOVERABLE,0.3033789834888817,12,False,True,True
n3_s02426_d0,n3,262870901,3,MNAR_self,True,acyclic,True,8,"['mean', 0]",0.4587035009076712,UNDETERMINED_RELAXED_FRAGILE,round2:no model witness; relaxation varies,0.5,3.1086244689504383e-15,RECOVERABLE,0.0,1,False,True,UNDECIDED_GT
n3_s02426_d0,n3,262870901,3,MNAR_self,True,acyclic,True,8,"['mean', 1]",0.574509755138983,UNDETERMINED_RELAXED_FRAGILE,round2:no model witness; relaxation varies,0.5,1.3019252342871823e-11,RECOVERABLE,0.0,1,False,True,UNDECIDED_GT
n3_s02444_d0,n3,264670901,3,MNAR_self,True,acyclic,True,8,"['mean', 0]",0.7270792893918293,UNDETERMINED_RELAXED_FRAGILE,round2:no model witness; relaxation varies,0.5,2.220446049250313e-16,RECOVERABLE,0.0,1,False,True,UNDECIDED_GT
n3_s02444_d0,n3,264670901,3,MNAR_self,True,acyclic,True,8,"['mean', 1]",0.4984990782237674,UNDETERMINED_RELAXED_FRAGILE,round2:no model witness; relaxation varies,0.5,1.1102230246251565e-15,RECOVERABLE,0.0,1,False,True,UNDECIDED_GT
n3_s02458_d0,n3,266070901,3,MNAR_self,True,acyclic,True,8,"['mean', 0]",0.51972547204051,UNDETERMINED_RELAXED_FRAGILE,round2:no model witness; relaxation varies,0.5,6.661338147750939e-15,RECOVERABLE,0.0,1,False,True,UNDECIDED_GT
n3_s02458_d0,n3,266070901,3,MNAR_self,True,acyclic,True,8,"['mean', 1]",0.4265628794489277,UNDETERMINED_RELAXED_FRAGILE,round2:no model witness; relaxation varies,0.5,4.696243394164412e-14,RECOVERABLE,0.0,1,False,True,UNDECIDED_GT
n3_s02484_d0,n3,268670901,3,MNAR_self,True,acyclic,True,8,"['mean', 0]",0.6523961916209969,UNDETERMINED_RELAXED_FRAGILE,round2:no model witness; relaxation varies,0.5,2.220446049250313e-16,RECOVERABLE,0.0,1,False,True,UNDECIDED_GT
n3_s02484_d0,n3,268670901,3,MNAR_self,True,acyclic,True,8,"['mean', 1]",0.49826140545746095,UNDETERMINED_RELAXED_FRAGILE,round2:no model witness; relaxation varies,0.5,2.7755575615628914e-16,RECOVERABLE,0.0,1,False,True,UNDECIDED_GT
n3_s02519_d0,n3,272170901,3,MNAR_self,True,acyclic,True,8,"['mean', 0]",0.7893721641024853,UNRECOVERABLE,model_witness(rootjump) dphi=0.1511 dist=2.2e-16,0.5,0.15113673742687794,UNRECOVERABLE,0.10845356171878695,12,False,True,True
n3_s02519_d0,n3,272170901,3,MNAR_self,True,acyclic,True,8,"['mean', 1]",0.6443269368657076,UNDETERMINED_RELAXED_FRAGILE,round2:no model witness; relaxation varies,0.5,8.881784197001252e-16,RECOVERABLE,2.220446049250313e-16,12,False,True,UNDECIDED_GT
n3_s02533_d0,n3,273570901,3,MNAR_self,True,acyclic,True,8,"['mean', 0]",0.19365669443667827,UNDETERMINED_RELAXED_FRAGILE,round2:no model witness; relaxation varies,0.5,1.3405943022348765e-14,RECOVERABLE,0.0,1,False,True,UNDECIDED_GT
n3_s02533_d0,n3,273570901,3,MNAR_self,True,acyclic,True,8,"['mean', 1]",,RECOVERABLE,formula:anchor_direct,,,RECOVERABLE,0.0,1,False,True,True
n3_s02553_d0,n3,275570901,3,MNAR_self,True,acyclic,True,8,"['mean', 0]",0.320755676631546,UNDETERMINED_RELAXED_FRAGILE,round2:no model witness; relaxation varies,0.49999999999999994,1.9098611581114255e-12,RECOVERABLE,9.43689570931383e-16,2,False,True,UNDECIDED_GT
n3_s02553_d0,n3,275570901,3,MNAR_self,True,acyclic,True,8,"['mean', 1]",0.3483041961715174,UNRECOVERABLE,model_witness(rootjump) dphi=0.0444 dist=3.4e-15,0.5,0.044398739656242636,UNRECOVERABLE,0.044398739653677466,2,False,True,True
n3_s02577_d0,n3,277970901,3,MNAR_self,True,acyclic,True,8,"['mean', 0]",,RECOVERABLE,formula:anchor_direct,,,RECOVERABLE,0.0,1,False,True,True
n3_s02577_d0,n3,277970901,3,MNAR_self,True,acyclic,True,8,"['mean', 1]",0.36383174734201695,UNDETERMINED_RELAXED_FRAGILE,round2:no model witness; relaxation varies,0.5,1.4210854715202004e-14,RECOVERABLE,0.0,1,False,True,UNDECIDED_GT
n3_s02590_d0,n3,279270901,3,MNAR_self,True,acyclic,True,8,"['mean', 0]",,RECOVERABLE,formula:anchor_direct,,,RECOVERABLE,0.0,1,False,True,True
n3_s02590_d0,n3,279270901,3,MNAR_self,True,acyclic,True,8,"['mean', 1]",0.7923446299471194,UNDETERMINED_RELAXED_FRAGILE,round2:no model witness; relaxation varies,0.5,2.7755575615628914e-15,RECOVERABLE,0.0,1,False,True,UNDECIDED_GT
n3_s02623_d0,n3,282570901,3,MNAR_self,True,acyclic,True,8,"['mean', 0]",,RECOVERABLE,formula:anchor_direct,,,RECOVERABLE,1.1102230246251565e-16,12,False,True,True
n3_s02623_d0,n3,282570901,3,MNAR_self,True,acyclic,True,8,"['mean', 1]",0.7014306770719752,UNRECOVERABLE,model_witness(rootjump) dphi=0.1890 dist=2.2e-16,0.5,0.18901871018619643,UNRECOVERABLE,0.18655179261546123,12,False,True,True
n3_s02648_d0,n3,285070901,3,MNAR_self,True,acyclic,True,8,"['mean', 0]",0.542013362483564,UNDETERMINED_RELAXED_FRAGILE,round2:no model witness; relaxation varies,0.5,1.199040866595169e-14,RECOVERABLE,5.551115123125783e-16,12,False,True,UNDECIDED_GT
n3_s02648_d0,n3,285070901,3,MNAR_self,True,acyclic,True,8,"['mean', 1]",0.8416129950925508,UNRECOVERABLE,model_witness(rootjump) dphi=0.5304 dist=1.1e-16,0.5,0.5303810459541826,UNRECOVERABLE,0.3391789602641525,12,False,True,True
n3_s02675_d0,n3,287770901,3,MNAR_self,True,acyclic,True,8,"['mean', 0]",0.20717639498813195,UNDETERMINED_RELAXED_FRAGILE,round2:no model witness; relaxation varies,0.5,1.1657341758564144e-15,RECOVERABLE,0.0,1,False,True,UNDECIDED_GT
n3_s02675_d0,n3,287770901,3,MNAR_self,True,acyclic,True,8,"['mean', 1]",0.2672359833898148,UNDETERMINED_RELAXED_FRAGILE,round2:no model witness; relaxation varies,0.5,6.827871601444713e-15,RECOVERABLE,0.0,1,False,True,UNDECIDED_GT
n3_s02715_d0,n3,291770901,3,MNAR_self,True,acyclic,True,8,"['mean', 0]",0.7548359900276861,UNDETERMINED_RELAXED_FRAGILE,round2:no model witness; relaxation varies,0.5,1.2212453270876722e-15,RECOVERABLE,0.0,1,False,True,UNDECIDED_GT
n3_s02715_d0,n3,291770901,3,MNAR_self,True,acyclic,True,8,"['mean', 1]",0.17397428480931615,UNDETERMINED_RELAXED_FRAGILE,round2:no model witness; relaxation varies,0.5,2.761679773755077e-14,RECOVERABLE,0.0,1,False,True,UNDECIDED_GT
n3_s02735_d0,n3,293770901,3,MNAR_self,True,acyclic,True,8,"['mean', 0]",0.693519485467507,UNDETERMINED_RELAXED_FRAGILE,round2:no model witness; relaxation varies,0.5,3.3306690738754696e-16,RECOVERABLE,0.0,1,False,True,UNDECIDED_GT
n3_s02735_d0,n3,293770901,3,MNAR_self,True,acyclic,True,8,"['mean', 1]",0.723985661062058,UNDETERMINED_RELAXED_FRAGILE,round2:no model witness; relaxation varies,0.5,1.6653345369377348e-15,RECOVERABLE,0.0,1,False,True,UNDECIDED_GT
n3_s02760_d0,n3,296270901,3,MNAR_self,True,acyclic,True,8,"['mean', 0]",0.1938471948561182,UNDETERMINED_RELAXED_FRAGILE,round2:no model witness; relaxation varies,0.5,3.4416913763379853e-15,RECOVERABLE,0.0,1,False,True,UNDECIDED_GT
n3_s02760_d0,n3,296270901,3,MNAR_self,True,acyclic,True,8,"['mean', 1]",0.22652083243896645,UNDETERMINED_RELAXED_FRAGILE,round2:no model witness; relaxation varies,0.5,2.7755575615628914e-16,RECOVERABLE,0.0,1,False,True,UNDECIDED_GT
n3_s02782_d0,n3,298470901,3,MNAR_self,True,acyclic,True,8,"['mean', 0]",0.1582551805573353,UNDETERMINED_RELAXED_FRAGILE,round2:no model witness; relaxation varies,0.5,1.0269562977782698e-15,RECOVERABLE,0.0,1,False,True,UNDECIDED_GT
n3_s02782_d0,n3,298470901,3,MNAR_self,True,acyclic,True,8,"['mean', 1]",0.5092994543172643,UNDETERMINED_RELAXED_FRAGILE,round2:no model witness; relaxation varies,0.5,2.4202861936828413e-14,RECOVERABLE,0.0,1,False,True,UNDECIDED_GT
n3_s02795_d0,n3,299770901,3,MNAR_self,True,acyclic,True,8,"['mean', 0]",0.3000431667544633,UNDETERMINED_RELAXED_FRAGILE,round2:no model witness; relaxation varies,0.5,9.603429163007604e-15,RECOVERABLE,0.0,1,False,True,UNDECIDED_GT
n3_s02795_d0,n3,299770901,3,MNAR_self,True,acyclic,True,8,"['mean', 1]",0.36260094955360694,UNDETERMINED_RELAXED_FRAGILE,round2:no model witness; relaxation varies,0.5,1.27675647831893e-15,RECOVERABLE,0.0,1,False,True,UNDECIDED_GT
n3_s02817_d0,n3,301970901,3,MNAR_other,False,acyclic,True,8,"['mean', 0]",0.600858356849247,UNDETERMINED_RELAXED_FRAGILE,round2:no model witness; relaxation varies,0.5,3.3306690738754696e-16,RECOVERABLE,0.0,1,False,True,UNDECIDED_GT
n3_s02817_d0,n3,301970901,3,MNAR_other,False,acyclic,True,8,"['mean', 1]",,RECOVERABLE,formula:anchor_direct,,,RECOVERABLE,0.0,1,False,True,True
n3_s02839_d0,n3,304170901,3,MNAR_self,True,acyclic,True,8,"['mean', 0]",0.39845705782959956,UNDETERMINED_RELAXED_FRAGILE,round2:no model witness; relaxation varies,0.5,1.27675647831893e-15,RECOVERABLE,0.0,1,False,True,UNDECIDED_GT
n3_s02839_d0,n3,304170901,3,MNAR_self,True,acyclic,True,8,"['mean', 1]",0.4190924603934548,UNDETERMINED_RELAXED_FRAGILE,round2:no model witness; relaxation varies,0.5,3.3306690738754696e-16,RECOVERABLE,0.0,1,False,True,UNDECIDED_GT
n3_s02872_d0,n3,307470901,3,MNAR_self,True,acyclic,True,8,"['mean', 0]",0.8466018558664121,UNDETERMINED_RELAXED_FRAGILE,round2:no model witness; relaxation varies,0.49999999999999994,1.4432899320127035e-15,RECOVERABLE,5.551115123125783e-16,12,False,True,UNDECIDED_GT
n3_s02872_d0,n3,307470901,3,MNAR_self,True,acyclic,True,8,"['mean', 1]",0.5374979400289226,UNRECOVERABLE,model_witness(rootjump) dphi=0.1236 dist=2.2e-16,0.5,0.12359832979142993,UNRECOVERABLE,0.19255050079241054,12,False,True,True
n3_s02888_d0,n3,309070901,3,MNAR_self,True,acyclic,True,8,"['mean', 0]",0.8228450436360522,UNDETERMINED_RELAXED_FRAGILE,round2:no model witness; relaxation varies,0.5,1.4432899320127035e-15,RECOVERABLE,0.0,1,False,True,UNDECIDED_GT
n3_s02888_d0,n3,309070901,3,MNAR_self,True,acyclic,True,8,"['mean', 1]",0.3769574188871324,UNDETERMINED_RELAXED_FRAGILE,round2:no model witness; relaxation varies,0.5,3.3306690738754696e-16,RECOVERABLE,0.0,1,False,True,UNDECIDED_GT
n3_s02914_d0,n3,311670901,3,MNAR_self,True,acyclic,True,8,"['mean', 0]",0.5526162405991334,UNDETERMINED_RELAXED_FRAGILE,round2:no model witness; relaxation varies,0.5,2.2648549702353193e-14,RECOVERABLE,0.0,1,False,True,UNDECIDED_GT
n3_s02914_d0,n3,311670901,3,MNAR_self,True,acyclic,True,8,"['mean', 1]",0.7391293539504997,UNDETERMINED_RELAXED_FRAGILE,round2:no model witness; relaxation varies,0.5,1.5543122344752192e-15,RECOVERABLE,0.0,1,False,True,UNDECIDED_GT
n3_s02933_d0,n3,313570901,3,MNAR_self,True,acyclic,True,8,"['mean', 0]",0.7575736999536162,UNDETERMINED_RELAXED_FRAGILE,round2:no model witness; relaxation varies,0.5,3.430589146091734e-14,RECOVERABLE,0.0,1,False,True,UNDECIDED_GT
n3_s02933_d0,n3,313570901,3,MNAR_self,True,acyclic,True,8,"['mean', 1]",0.34271560160823356,UNDETERMINED_RELAXED_FRAGILE,round2:no model witness; relaxation varies,0.5,1.9301227283108346e-13,RECOVERABLE,0.0,1,False,True,UNDECIDED_GT
n3_s02971_d0,n3,317370901,3,MNAR_self,True,acyclic,True,8,"['mean', 0]",0.15550048343817316,UNDETERMINED_RELAXED_FRAGILE,round2:no model witness; relaxation varies,0.5,4.718447854656915e-16,RECOVERABLE,0.0,1,False,True,UNDECIDED_GT
n3_s02971_d0,n3,317370901,3,MNAR_self,True,acyclic,True,8,"['mean', 1]",0.4598541818276524,UNDETERMINED_RELAXED_FRAGILE,round2:no model witness; relaxation varies,0.5,2.980948821118545e-14,RECOVERABLE,0.0,1,False,True,UNDECIDED_GT
n3_s02992_d0,n3,319470901,3,MNAR_self,True,acyclic,True,8,"['mean', 0]",0.8238613051236621,UNDETERMINED_RELAXED_FRAGILE,round2:no model witness; relaxation varies,0.5,3.552713678800501e-15,RECOVERABLE,0.0,1,False,True,UNDECIDED_GT
n3_s02992_d0,n3,319470901,3,MNAR_self,True,acyclic,True,8,"['mean', 1]",0.25989951635531944,UNDETERMINED_RELAXED_FRAGILE,round2:no model witness; relaxation varies,0.5,4.440892098500626e-15,RECOVERABLE,0.0,1,False,True,UNDECIDED_GT
n3_s03013_d0,n3,321570901,3,MNAR_self,True,acyclic,True,8,"['mean', 0]",0.7614903063547518,UNDETERMINED_RELAXED_FRAGILE,round2:no model witness; relaxation varies,0.5000000000000001,3.099742684753437e-13,RECOVERABLE,0.0,1,False,True,UNDECIDED_GT
n3_s03013_d0,n3,321570901,3,MNAR_self,True,acyclic,True,8,"['mean', 1]",,RECOVERABLE,formula:anchor_direct,,,RECOVERABLE,0.0,1,False,True,True
n3_s03034_d0,n3,323670901,3,MNAR_self,True,acyclic,True,8,"['mean', 0]",0.6363048130300847,UNDETERMINED_RELAXED_FRAGILE,round2:no model witness; relaxation varies,0.5,1.4266365866433262e-13,RECOVERABLE,0.0,1,False,True,UNDECIDED_GT
n3_s03034_d0,n3,323670901,3,MNAR_self,True,acyclic,True,8,"['mean', 1]",0.5736850062931265,UNDETERMINED_RELAXED_FRAGILE,round2:no model witness; relaxation varies,0.5,3.8746783559417963e-14,RECOVERABLE,0.0,1,False,True,UNDECIDED_GT
n3_s03069_d0,n3,327170901,3,MNAR_self,True,acyclic,True,8,"['mean', 0]",0.6940413484354926,UNRECOVERABLE,model_witness(rootjump) dphi=0.0045 dist=1.7e-16,0.5,0.00451368852323919,UNRECOVERABLE,0.0051994007213626015,12,False,True,True
n3_s03069_d0,n3,327170901,3,MNAR_self,True,acyclic,True,8,"['mean', 1]",0.3730632590510744,UNRECOVERABLE,model_witness(rootjump) dphi=0.0495 dist=1.7e-16,0.5,0.04953214635491343,UNRECOVERABLE,0.07269016146370766,12,False,True,True
n3_s03098_d0,n3,330070901,3,MNAR_self,True,acyclic,True,8,"['mean', 0]",,RECOVERABLE,formula:anchor_direct,,,RECOVERABLE,0.0,1,False,True,True
n3_s03098_d0,n3,330070901,3,MNAR_self,True,acyclic,True,8,"['mean', 1]",0.28993716106033424,UNDETERMINED_RELAXED_FRAGILE,round2:no model witness; relaxation varies,0.5,3.8913317013111737e-14,RECOVERABLE,0.0,1,False,True,UNDECIDED_GT
n3_s03126_d0,n3,332870901,3,MNAR_self,True,acyclic,True,8,"['mean', 0]",,RECOVERABLE,formula:anchor_direct,,,RECOVERABLE,0.0,1,False,True,True
n3_s03126_d0,n3,332870901,3,MNAR_self,True,acyclic,True,8,"['mean', 1]",0.41359839523435454,UNDETERMINED_RELAXED_FRAGILE,round2:no model witness; relaxation varies,0.5,1.1934897514720433e-14,RECOVERABLE,0.0,1,False,True,UNDECIDED_GT
n3_s03145_d0,n3,334770901,3,MNAR_self,True,acyclic,True,8,"['mean', 0]",0.20322909097616512,UNDETERMINED_RELAXED_FRAGILE,round2:no model witness; relaxation varies,0.49999999999999994,8.604228440844963e-16,RECOVERABLE,0.0,1,False,True,UNDECIDED_GT
n3_s03145_d0,n3,334770901,3,MNAR_self,True,acyclic,True,8,"['mean', 1]",0.6418142466947214,UNDETERMINED_RELAXED_FRAGILE,round2:no model witness; relaxation varies,0.5,6.661338147750939e-16,RECOVERABLE,0.0,1,False,True,UNDECIDED_GT
n3_s03161_d0,n3,336370901,3,MNAR_self,True,acyclic,True,8,"['mean', 0]",0.6877612489339804,UNDETERMINED_RELAXED_FRAGILE,round2:no model witness; relaxation varies,0.5000000000000001,1.3322676295501878e-15,RECOVERABLE,0.0,1,False,True,UNDECIDED_GT
n3_s03161_d0,n3,336370901,3,MNAR_self,True,acyclic,True,8,"['mean', 1]",0.49037677705264165,UNDETERMINED_RELAXED_FRAGILE,round2:no model witness; relaxation varies,0.5,4.032885136950881e-13,RECOVERABLE,0.0,1,False,True,UNDECIDED_GT
n3_s03182_d0,n3,338470901,3,MNAR_self,True,acyclic,True,8,"['mean', 0]",0.7992280778706377,UNDETERMINED_RELAXED_FRAGILE,round2:no model witness; relaxation varies,0.5,5.88418203051333e-15,RECOVERABLE,0.0,1,False,True,UNDECIDED_GT
n3_s03182_d0,n3,338470901,3,MNAR_self,True,acyclic,True,8,"['mean', 1]",0.764759774388399,UNDETERMINED_RELAXED_FRAGILE,round2:no model witness; relaxation varies,0.5,5.551115123125783e-16,RECOVERABLE,0.0,1,False,True,UNDECIDED_GT
n3_s03206_d0,n3,340870901,3,MNAR_self,True,acyclic,True,8,"['mean', 0]",0.38023877835414277,UNDETERMINED_RELAXED_FRAGILE,round2:no model witness; relaxation varies,0.49999999999999994,6.661338147750939e-16,RECOVERABLE,6.661338147750939e-16,12,False,True,UNDECIDED_GT
n3_s03206_d0,n3,340870901,3,MNAR_self,True,acyclic,True,8,"['mean', 1]",,RECOVERABLE,formula:anchor_direct,,,RECOVERABLE,1.1102230246251565e-15,12,False,True,True
n3_s03223_d0,n3,342570901,3,MNAR_self,True,acyclic,True,8,"['mean', 0]",0.3392303062180161,UNDETERMINED_RELAXED_FRAGILE,round2:no model witness; relaxation varies,0.5,1.2212453270876722e-15,RECOVERABLE,1.2212453270876722e-15,12,False,True,UNDECIDED_GT
n3_s03223_d0,n3,342570901,3,MNAR_self,True,acyclic,True,8,"['mean', 1]",0.3271962163140543,UNDETERMINED_RELAXED_FRAGILE,round2:no model witness; relaxation varies,0.5,4.6074255521944e-15,RECOVERABLE,1.0547118733938987e-15,12,False,True,UNDECIDED_GT
n3_s03248_d0,n3,345070901,3,MNAR_self,True,acyclic,True,8,"['mean', 0]",0.41801561439470003,UNDETERMINED_RELAXED_FRAGILE,round2:no model witness; relaxation varies,0.5,1.7763568394002505e-15,RECOVERABLE,0.0,1,False,True,UNDECIDED_GT
n3_s03248_d0,n3,345070901,3,MNAR_self,True,acyclic,True,8,"['mean', 1]",0.3951583692521182,UNDETERMINED_RELAXED_FRAGILE,round2:no model witness; relaxation varies,0.5,6.772360450213455e-15,RECOVERABLE,0.0,1,False,True,UNDECIDED_GT
n3_s03271_d0,n3,347370901,3,MNAR_self,True,acyclic,True,8,"['mean', 0]",0.2446184754378223,UNDETERMINED_RELAXED_FRAGILE,round2:no model witness; relaxation varies,0.5,4.093947403305265e-14,RECOVERABLE,1.5543122344752192e-15,12,False,True,UNDECIDED_GT
n3_s03271_d0,n3,347370901,3,MNAR_self,True,acyclic,True,8,"['mean', 1]",,RECOVERABLE,formula:anchor_direct,,,RECOVERABLE,2.220446049250313e-16,12,False,True,True
n3_s03293_d0,n3,349570901,3,MNAR_self,True,acyclic,True,8,"['mean', 0]",0.8054585423659409,UNDETERMINED_RELAXED_FRAGILE,round2:no model witness; relaxation varies,0.5,1.7430501486614958e-14,RECOVERABLE,0.0,1,False,True,UNDECIDED_GT
n3_s03293_d0,n3,349570901,3,MNAR_self,True,acyclic,True,8,"['mean', 1]",0.2698285228354614,UNDETERMINED_RELAXED_FRAGILE,round2:no model witness; relaxation varies,0.5,5.639932965095795e-14,RECOVERABLE,0.0,1,False,True,UNDECIDED_GT
n3_s03314_d0,n3,351670901,3,MNAR_self,True,acyclic,True,8,"['mean', 0]",0.18872065729436235,UNRECOVERABLE,model_witness(rootjump) dphi=0.3764 dist=2.2e-16,0.5,0.37638668174611023,UNRECOVERABLE,0.4053165862682485,12,False,True,True
n3_s03314_d0,n3,351670901,3,MNAR_self,True,acyclic,True,8,"['mean', 1]",0.39123421065392816,UNDETERMINED_RELAXED_FRAGILE,round2:no model witness; relaxation varies,0.5,8.548717289613705e-15,RECOVERABLE,9.992007221626409e-16,12,False,True,UNDECIDED_GT
n3_s03338_d0,n3,354070901,3,MNAR_other,False,acyclic,True,8,"['mean', 0]",0.2493016650906409,UNDETERMINED_RELAXED_FRAGILE,round2:no model witness; relaxation varies,0.5,2.7755575615628914e-16,RECOVERABLE,0.0,1,False,True,UNDECIDED_GT
n3_s03338_d0,n3,354070901,3,MNAR_other,False,acyclic,True,8,"['mean', 1]",0.6744710261174086,UNDETERMINED_RELAXED_FRAGILE,round2:no model witness; relaxation varies,0.5,1.5543122344752192e-15,RECOVERABLE,0.0,1,False,True,UNDECIDED_GT
n3_s03361_d0,n3,356370901,3,MNAR_other,False,acyclic,True,8,"['mean', 0]",0.5424521746124187,UNDETERMINED_RELAXED_FRAGILE,round2:no model witness; relaxation varies,0.5,6.661338147750939e-16,RECOVERABLE,0.0,1,False,True,UNDECIDED_GT
n3_s03361_d0,n3,356370901,3,MNAR_other,False,acyclic,True,8,"['mean', 1]",0.8371480231459519,UNDETERMINED_RELAXED_FRAGILE,round2:no model witness; relaxation varies,0.5,1.2212453270876722e-15,RECOVERABLE,0.0,1,False,True,UNDECIDED_GT
n3_s03376_d0,n3,357870901,3,MNAR_self,True,acyclic,True,8,"['mean', 0]",0.3569543293897351,UNDETERMINED_RELAXED_FRAGILE,round2:no model witness; relaxation varies,0.5,2.7755575615628914e-16,RECOVERABLE,0.0,1,False,True,UNDECIDED_GT
n3_s03376_d0,n3,357870901,3,MNAR_self,True,acyclic,True,8,"['mean', 1]",0.7094102696498725,UNDETERMINED_RELAXED_FRAGILE,round2:no model witness; relaxation varies,0.5,1.5543122344752192e-15,RECOVERABLE,0.0,1,False,True,UNDECIDED_GT
n3_s03400_d0,n3,360270901,3,MNAR_self,True,acyclic,True,8,"['mean', 0]",0.2669821951168486,UNDETERMINED_RELAXED_FRAGILE,round2:no model witness; relaxation varies,0.5,3.941291737419306e-15,RECOVERABLE,0.0,1,False,True,UNDECIDED_GT
n3_s03400_d0,n3,360270901,3,MNAR_self,True,acyclic,True,8,"['mean', 1]",0.3254945368826797,UNDETERMINED_RELAXED_FRAGILE,round2:no model witness; relaxation varies,0.5,9.992007221626409e-16,RECOVERABLE,0.0,1,False,True,UNDECIDED_GT
n3_s03427_d0,n3,362970901,3,MNAR_self,True,acyclic,True,8,"['mean', 0]",0.325265124537668,UNDETERMINED_RELAXED_FRAGILE,round2:no model witness; relaxation varies,0.5,3.0980773502164993e-13,RECOVERABLE,0.0,1,False,True,UNDECIDED_GT
n3_s03427_d0,n3,362970901,3,MNAR_self,True,acyclic,True,8,"['mean', 1]",0.4075688131333369,UNDETERMINED_RELAXED_FRAGILE,round2:no model witness; relaxation varies,0.5,2.220446049250313e-16,RECOVERABLE,0.0,1,False,True,UNDECIDED_GT
n3_s03440_d0,n3,364270901,3,MNAR_self,True,acyclic,True,8,"['mean', 0]",0.4051879110617139,UNDETERMINED_RELAXED_FRAGILE,round2:no model witness; relaxation varies,0.5,1.6653345369377348e-15,RECOVERABLE,0.0,1,False,True,UNDECIDED_GT
n3_s03440_d0,n3,364270901,3,MNAR_self,True,acyclic,True,8,"['mean', 1]",0.5704746811915219,UNDETERMINED_RELAXED_FRAGILE,round2:no model witness; relaxation varies,0.5,2.3314683517128287e-15,RECOVERABLE,0.0,1,False,True,UNDECIDED_GT
n3_s03453_d0,n3,365570901,3,MNAR_self,True,acyclic,True,8,"['mean', 0]",0.41053003754896683,UNDETERMINED_RELAXED_FRAGILE,round2:no model witness; relaxation varies,0.5,2.0261570199409107e-14,RECOVERABLE,7.849276784099857e-14,12,False,True,UNDECIDED_GT
n3_s03453_d0,n3,365570901,3,MNAR_self,True,acyclic,True,8,"['mean', 1]",0.6207442904045888,UNRECOVERABLE,model_witness(rootjump) dphi=0.2295 dist=1.7e-16,0.5,0.22954632849416856,UNRECOVERABLE,0.31801223550149793,12,False,True,True
n3_s03486_d0,n3,368870901,3,MNAR_self,True,acyclic,True,8,"['mean', 0]",0.2394275974257512,UNDETERMINED_RELAXED_FRAGILE,round2:no model witness; relaxation varies,0.5,5.273559366969494e-16,RECOVERABLE,0.0,1,False,True,UNDECIDED_GT
n3_s03486_d0,n3,368870901,3,MNAR_self,True,acyclic,True,8,"['mean', 1]",0.6553903997588971,UNDETERMINED_RELAXED_FRAGILE,round2:no model witness; relaxation varies,0.5,1.4432899320127035e-15,RECOVERABLE,0.0,1,False,True,UNDECIDED_GT
n3_s03498_d0,n3,370070901,3,MNAR_other,False,acyclic,True,8,"['mean', 0]",0.7547659341833041,UNDETERMINED_RELAXED_FRAGILE,round2:no model witness; relaxation varies,0.5,2.55351295663786e-15,RECOVERABLE,0.0,1,False,True,UNDECIDED_GT
n3_s03498_d0,n3,370070901,3,MNAR_other,False,acyclic,True,8,"['mean', 1]",0.47632299062091266,UNDETERMINED_RELAXED_FRAGILE,round2:no model witness; relaxation varies,0.5,2.3869795029440866e-15,RECOVERABLE,0.0,1,False,True,UNDECIDED_GT
n3_s03520_d0,n3,372270901,3,MNAR_self,True,acyclic,True,8,"['mean', 0]",0.4540046798949064,UNRECOVERABLE,model_witness(rootjump) dphi=0.1931 dist=1.7e-16,0.5,0.19308383478680763,UNRECOVERABLE,0.3593833107358105,12,False,True,True
n3_s03520_d0,n3,372270901,3,MNAR_self,True,acyclic,True,8,"['mean', 1]",,RECOVERABLE,formula:anchor_direct,,,RECOVERABLE,1.1102230246251565e-16,12,False,True,True
n3_s03536_d0,n3,373870901,3,MNAR_self,True,acyclic,True,8,"['mean', 0]",0.527690385752008,UNRECOVERABLE,model_witness(rootjump) dphi=0.1080 dist=3.9e-15,0.5,0.10796713531704205,UNRECOVERABLE,0.1316621378680558,12,False,True,True
n3_s03536_d0,n3,373870901,3,MNAR_self,True,acyclic,True,8,"['mean', 1]",0.4589466548183276,UNDETERMINED_RELAXED_FRAGILE,round2:no model witness; relaxation varies,0.5,9.43689570931383e-15,RECOVERABLE,3.3306690738754696e-16,12,False,True,UNDECIDED_GT
n3_s03555_d0,n3,375770901,3,MNAR_self,True,acyclic,True,8,"['mean', 0]",0.8028902169869658,UNDETERMINED_RELAXED_FRAGILE,round2:no model witness; relaxation varies,0.5,1.1650680420416393e-12,RECOVERABLE,0.0,1,False,True,UNDECIDED_GT
n3_s03555_d0,n3,375770901,3,MNAR_self,True,acyclic,True,8,"['mean', 1]",0.6569663307875055,UNDETERMINED_RELAXED_FRAGILE,round2:no model witness; relaxation varies,0.5,5.551115123125783e-16,RECOVERABLE,0.0,1,False,True,UNDECIDED_GT
n3_s03579_d0,n3,378170901,3,MNAR_self,True,acyclic,True,8,"['mean', 0]",0.2274748055071453,UNDETERMINED_RELAXED_FRAGILE,round2:no model witness; relaxation varies,0.5,1.2254086634300165e-13,RECOVERABLE,0.0,1,False,True,UNDECIDED_GT
n3_s03579_d0,n3,378170901,3,MNAR_self,True,acyclic,True,8,"['mean', 1]",0.6401138527668583,UNDETERMINED_RELAXED_FRAGILE,round2:no model witness; relaxation varies,0.5,3.008704396734174e-14,RECOVERABLE,0.0,1,False,True,UNDECIDED_GT
n3_s03603_d0,n3,380570901,3,MNAR_self,True,acyclic,True,8,"['mean', 0]",,RECOVERABLE,formula:anchor_direct,,,RECOVERABLE,0.0,1,False,True,True
n3_s03603_d0,n3,380570901,3,MNAR_self,True,acyclic,True,8,"['mean', 1]",0.7830075509438166,UNDETERMINED_RELAXED_FRAGILE,round2:no model witness; relaxation varies,0.5,5.551115123125783e-15,RECOVERABLE,0.0,1,False,True,UNDECIDED_GT
n3_s03634_d0,n3,383670901,3,MNAR_self,True,acyclic,True,8,"['mean', 0]",,RECOVERABLE,formula:anchor_direct,,,RECOVERABLE,0.0,1,False,True,True
n3_s03634_d0,n3,383670901,3,MNAR_self,True,acyclic,True,8,"['mean', 1]",0.4245216413221066,UNDETERMINED_RELAXED_FRAGILE,round2:no model witness; relaxation varies,0.5,4.773959005888173e-15,RECOVERABLE,0.0,1,False,True,UNDECIDED_GT
n3_s03661_d0,n3,386370901,3,MNAR_self,True,acyclic,True,8,"['mean', 0]",0.6911400985701796,UNDETERMINED_RELAXED_FRAGILE,round2:no model witness; relaxation varies,0.5,1.3766765505351941e-14,RECOVERABLE,0.0,1,False,True,UNDECIDED_GT
n3_s03661_d0,n3,386370901,3,MNAR_self,True,acyclic,True,8,"['mean', 1]",0.4021054155725137,UNDETERMINED_RELAXED_FRAGILE,round2:no model witness; relaxation varies,0.5,1.942890293094024e-15,RECOVERABLE,0.0,1,False,True,UNDECIDED_GT
n3_s03679_d0,n3,388170901,3,MNAR_self,True,acyclic,True,8,"['mean', 0]",0.3144082648468907,UNDETERMINED_RELAXED_FRAGILE,round2:no model witness; relaxation varies,0.5,1.4527268277220173e-13,RECOVERABLE,6.38378239159465e-15,12,False,True,UNDECIDED_GT
n3_s03679_d0,n3,388170901,3,MNAR_self,True,acyclic,True,8,"['mean', 1]",0.282960246669047,UNDETERMINED_RELAXED_FRAGILE,round2:no model witness; relaxation varies,0.5,6.661338147750939e-15,RECOVERABLE,2.220446049250313e-15,12,False,True,UNDECIDED_GT
n3_s03710_d0,n3,391270901,3,MNAR_self,True,acyclic,True,8,"['mean', 0]",0.42927744063153656,UNDETERMINED_RELAXED_FRAGILE,round2:no model witness; relaxation varies,0.5,1.0547118733938987e-15,RECOVERABLE,6.661338147750939e-16,12,False,True,UNDECIDED_GT
n3_s03710_d0,n3,391270901,3,MNAR_self,True,acyclic,True,8,"['mean', 1]",0.5736780794315217,UNRECOVERABLE,model_witness(rootjump) dphi=0.0316 dist=1.7e-16,0.5,0.031567430604385494,UNRECOVERABLE,0.041403728270870244,12,False,True,True
n3_s03731_d0,n3,393370901,3,MNAR_self,True,acyclic,True,8,"['mean', 0]",0.716839158968034,UNDETERMINED_RELAXED_FRAGILE,round2:no model witness; relaxation varies,0.5,4.440892098500626e-16,RECOVERABLE,0.0,1,False,True,UNDECIDED_GT
n3_s03731_d0,n3,393370901,3,MNAR_self,True,acyclic,True,8,"['mean', 1]",0.7500381792589507,UNDETERMINED_RELAXED_FRAGILE,round2:no model witness; relaxation varies,0.5,1.2101430968414206e-14,RECOVERABLE,0.0,1,False,True,UNDECIDED_GT
n3_s03756_d0,n3,395870901,3,MNAR_self,True,acyclic,True,8,"['mean', 0]",0.834415866168406,UNDETERMINED_RELAXED_FRAGILE,round2:no model witness; relaxation varies,0.5,3.3306690738754696e-16,RECOVERABLE,0.0,1,False,True,UNDECIDED_GT
n3_s03756_d0,n3,395870901,3,MNAR_self,True,acyclic,True,8,"['mean', 1]",0.37665555569889264,UNDETERMINED_RELAXED_FRAGILE,round2:no model witness; relaxation varies,0.5,2.7200464103316335e-15,RECOVERABLE,0.0,1,False,True,UNDECIDED_GT
n3_s03771_d0,n3,397370901,3,MNAR_self,True,acyclic,True,8,"['mean', 0]",0.5396563965027283,UNDETERMINED_RELAXED_FRAGILE,round2:no model witness; relaxation varies,0.5000000000000001,2.9976021664879227e-15,RECOVERABLE,8.881784197001252e-16,12,False,True,UNDECIDED_GT
n3_s03771_d0,n3,397370901,3,MNAR_self,True,acyclic,True,8,"['mean', 1]",0.2539303396873384,UNDETERMINED_RELAXED_FRAGILE,round2:no model witness; relaxation varies,0.5,1.1712852909795402e-14,RECOVERABLE,2.831068712794149e-15,12,False,True,UNDECIDED_GT
n3_s03797_d0,n3,399970901,3,MNAR_self,True,acyclic,True,8,"['mean', 0]",0.7307176407272484,UNDETERMINED_RELAXED_FRAGILE,round2:no model witness; relaxation varies,0.5,1.199040866595169e-14,RECOVERABLE,0.0,1,False,True,UNDECIDED_GT
n3_s03797_d0,n3,399970901,3,MNAR_self,True,acyclic,True,8,"['mean', 1]",0.6948961642418476,UNDETERMINED_RELAXED_FRAGILE,round2:no model witness; relaxation varies,0.5,1.354472090042691e-14,RECOVERABLE,0.0,1,False,True,UNDECIDED_GT
n3_s03821_d0,n3,402370901,3,MNAR_self,True,acyclic,True,8,"['mean', 0]",0.6906224236576755,UNDETERMINED_RELAXED_FRAGILE,round2:no model witness; relaxation varies,0.5,4.440892098500626e-15,RECOVERABLE,0.0,1,False,True,UNDECIDED_GT
n3_s03821_d0,n3,402370901,3,MNAR_self,True,acyclic,True,8,"['mean', 1]",0.7860466567862543,UNDETERMINED_RELAXED_FRAGILE,round2:no model witness; relaxation varies,0.5,2.220446049250313e-16,RECOVERABLE,0.0,1,False,True,UNDECIDED_GT
n3_s03838_d0,n3,404070901,3,MNAR_self,True,acyclic,True,8,"['mean', 0]",0.40340093087647205,UNRECOVERABLE,model_witness(rootjump) dphi=0.0056 dist=1.7e-16,0.5,0.005619521427202789,UNRECOVERABLE,0.008252682659263821,12,False,True,True
n3_s03838_d0,n3,404070901,3,MNAR_self,True,acyclic,True,8,"['mean', 1]",0.41218778223930275,UNRECOVERABLE,model_witness(rootjump) dphi=0.0125 dist=1.7e-16,0.5,0.012539855562751445,UNRECOVERABLE,0.018415704948008926,12,False,True,True
n3_s03855_d0,n3,405770901,3,MNAR_self,True,acyclic,True,8,"['mean', 0]",0.48698599752121996,UNDETERMINED_RELAXED_FRAGILE,round2:no model witness; relaxation varies,0.4999999999999999,2.0522472610196019e-13,RECOVERABLE,1.27675647831893e-15,12,False,True,UNDECIDED_GT
n3_s03855_d0,n3,405770901,3,MNAR_self,True,acyclic,True,8,"['mean', 1]",0.4821324516400295,UNRECOVERABLE,model_witness(rootjump) dphi=0.0043 dist=1.1e-16,0.5,0.004335997915916545,UNRECOVERABLE,0.004710639487143731,12,False,True,True
n3_s03876_d0,n3,407870901,3,MNAR_self,True,acyclic,True,8,"['mean', 0]",0.7961863765223415,UNDETERMINED_RELAXED_FRAGILE,round2:no model witness; relaxation varies,0.5000000000000001,2.7755575615628914e-15,RECOVERABLE,0.0,1,False,True,UNDECIDED_GT
n3_s03876_d0,n3,407870901,3,MNAR_self,True,acyclic,True,8,"['mean', 1]",0.5007970234237742,UNDETERMINED_RELAXED_FRAGILE,round2:no model witness; relaxation varies,0.5,9.2148511043888e-15,RECOVERABLE,0.0,1,False,True,UNDECIDED_GT
n3_s03903_d0,n3,410570901,3,MNAR_self,True,acyclic,True,8,"['mean', 0]",0.2491796582528905,UNRECOVERABLE,model_witness(rootjump) dphi=0.0015 dist=1.1e-16,0.5,0.0014536552669449088,UNRECOVERABLE,0.0016474603465915783,12,False,True,True
n3_s03903_d0,n3,410570901,3,MNAR_self,True,acyclic,True,8,"['mean', 1]",0.2354448125775095,UNRECOVERABLE,model_witness(rootjump) dphi=0.1134 dist=1.2e-15,0.5,0.11339736147261636,UNRECOVERABLE,0.16344761866149873,12,False,True,True
n3_s03921_d0,n3,412370901,3,MNAR_self,True,acyclic,True,8,"['mean', 0]",0.2864864608539943,UNDETERMINED_RELAXED_FRAGILE,round2:no model witness; relaxation varies,0.49999999999999994,1.6209256159527285e-14,RECOVERABLE,0.0,1,False,True,UNDECIDED_GT
n3_s03921_d0,n3,412370901,3,MNAR_self,True,acyclic,True,8,"['mean', 1]",0.5242494908141898,UNDETERMINED_RELAXED_FRAGILE,round2:no model witness; relaxation varies,0.5,1.965094753586527e-14,RECOVERABLE,0.0,1,False,True,UNDECIDED_GT
n3_s03935_d0,n3,413770901,3,MNAR_self,True,acyclic,True,8,"['mean', 0]",0.7384901014957082,UNRECOVERABLE,model_witness(rootjump) dphi=0.0027 dist=2.2e-16,0.5,0.002685398841015152,UNRECOVERABLE,0.0038377416337228576,12,False,True,True
n3_s03935_d0,n3,413770901,3,MNAR_self,True,acyclic,True,8,"['mean', 1]",0.40975261248753825,UNRECOVERABLE,model_witness(rootjump) dphi=0.0005 dist=2.2e-16,0.5,0.0005267347292294833,UNRECOVERABLE,0.0007527640845808592,12,False,True,True
n3_s03955_d0,n3,415770901,3,MNAR_self,True,acyclic,True,8,"['mean', 0]",0.7458690544963447,UNDETERMINED_RELAXED_FRAGILE,round2:no model witness; relaxation varies,0.5,2.353672812205332e-14,RECOVERABLE,0.0,1,False,True,UNDECIDED_GT
n3_s03955_d0,n3,415770901,3,MNAR_self,True,acyclic,True,8,"['mean', 1]",0.7687877308387243,UNDETERMINED_RELAXED_FRAGILE,round2:no model witness; relaxation varies,0.5,2.9976021664879227e-14,RECOVERABLE,0.0,1,False,True,UNDECIDED_GT
n3_s03979_d0,n3,418170901,3,MNAR_other,False,acyclic,True,8,"['mean', 0]",0.6450267156779025,UNDETERMINED_RELAXED_FRAGILE,round2:no model witness; relaxation varies,0.5,9.992007221626409e-16,RECOVERABLE,0.0,1,False,True,UNDECIDED_GT
n3_s03979_d0,n3,418170901,3,MNAR_other,False,acyclic,True,8,"['mean', 1]",0.6558977653475228,UNDETERMINED_RELAXED_FRAGILE,round2:no model witness; relaxation varies,0.5,7.771561172376096e-16,RECOVERABLE,0.0,1,False,True,UNDECIDED_GT
n3_s03993_d0,n3,419570901,3,MNAR_self,True,acyclic,True,8,"['mean', 0]",0.7380789901061031,UNDETERMINED_RELAXED_FRAGILE,round2:no model witness; relaxation varies,0.5,1.1657341758564144e-14,RECOVERABLE,0.0,1,False,True,UNDECIDED_GT
n3_s03993_d0,n3,419570901,3,MNAR_self,True,acyclic,True,8,"['mean', 1]",0.6015104184374416,UNDETERMINED_RELAXED_FRAGILE,round2:no model witness; relaxation varies,0.5,7.993605777301127e-15,RECOVERABLE,0.0,1,False,True,UNDECIDED_GT
n3_s04017_d0,n3,421970901,3,MNAR_self,True,acyclic,True,8,"['mean', 0]",0.812637670857565,UNDETERMINED_RELAXED_FRAGILE,round2:no model witness; relaxation varies,0.5,4.218847493575595e-15,RECOVERABLE,0.0,1,False,True,UNDECIDED_GT
n3_s04017_d0,n3,421970901,3,MNAR_self,True,acyclic,True,8,"['mean', 1]",0.397950797788298,UNDETERMINED_RELAXED_FRAGILE,round2:no model witness; relaxation varies,0.5,4.2577052994374753e-14,RECOVERABLE,0.0,1,False,True,UNDECIDED_GT
n3_s04031_d0,n3,423370901,3,MNAR_self,True,acyclic,True,8,"['mean', 0]",0.6792149586514445,UNRECOVERABLE,model_witness(rootjump) dphi=0.0235 dist=1.7e-16,0.5,0.02352009134336852,UNRECOVERABLE,0.027127633989929345,12,False,True,True
n3_s04031_d0,n3,423370901,3,MNAR_self,True,acyclic,True,8,"['mean', 1]",0.3698435680242479,UNRECOVERABLE,model_witness(rootjump) dphi=0.0072 dist=1.7e-16,0.5,0.007245526811465508,UNRECOVERABLE,0.006948533441939242,12,False,True,True
n3_s04048_d0,n3,425070901,3,MNAR_self,True,acyclic,True,8,"['mean', 0]",0.4639919348896895,UNRECOVERABLE,model_witness(rootjump) dphi=0.1682 dist=1.7e-16,0.5,0.16818570439169328,UNRECOVERABLE,0.2909737478144217,12,False,True,True
n3_s04048_d0,n3,425070901,3,MNAR_self,True,acyclic,True,8,"['mean', 1]",0.42334385644765465,UNDETERMINED_RELAXED_FRAGILE,round2:no model witness; relaxation varies,0.5,2.7200464103316335e-15,RECOVERABLE,2.1094237467877974e-15,12,False,True,UNDECIDED_GT
n3_s04066_d0,n3,426870901,3,MNAR_self,True,acyclic,True,8,"['mean', 0]",0.8383008956356222,UNRECOVERABLE,model_witness(rootjump) dphi=0.2458 dist=2.2e-16,0.5,0.24581703951958023,UNRECOVERABLE,0.23672587314587978,12,False,True,True
n3_s04066_d0,n3,426870901,3,MNAR_self,True,acyclic,True,8,"['mean', 1]",0.6281683455820564,UNDETERMINED_RELAXED_FRAGILE,round2:no model witness; relaxation varies,0.5,7.771561172376096e-16,RECOVERABLE,2.220446049250313e-16,12,False,True,UNDECIDED_GT
n3_s04095_d0,n3,429770901,3,MNAR_self,True,acyclic,True,8,"['mean', 0]",0.5083797257370763,UNRECOVERABLE,model_witness(rootjump) dphi=0.2116 dist=1.1e-16,0.5,0.21161467750633634,UNRECOVERABLE,0.32083433731454525,12,False,True,True
n3_s04095_d0,n3,429770901,3,MNAR_self,True,acyclic,True,8,"['mean', 1]",0.3825987127803204,UNRECOVERABLE,model_witness(rootjump) dphi=0.1118 dist=2.2e-16,0.5,0.1118150466742377,UNRECOVERABLE,0.21860819167350437,12,False,True,True
named_mar_textbook_d1,named,20286456,2,MNAR_other,False,acyclic,True,4,"['mean', 0]",,RECOVERABLE,formula:anchor_direct,,,RECOVERABLE,0.0,1,False,True,True
named_mar_textbook_d1,named,20286456,2,MNAR_other,False,acyclic,True,4,"['mean', 1]",0.509219464374632,UNDETERMINED_RELAXED_FRAGILE,round2:no model witness; relaxation varies,0.5,2.1094237467877974e-15,RECOVERABLE,0.0,1,False,True,UNDECIDED_GT
named_mnar_on_partial_cause_d0,named,20309786,2,MNAR_other,False,acyclic,True,4,"['mean', 0]",,RECOVERABLE,formula:anchor_direct,,,RECOVERABLE,0.0,1,False,True,True
named_mnar_on_partial_cause_d0,named,20309786,2,MNAR_other,False,acyclic,True,4,"['mean', 1]",0.48637285673384056,UNDETERMINED_RELAXED_FRAGILE,round2:no model witness; relaxation varies,0.5,8.881784197001252e-16,RECOVERABLE,0.0,1,False,True,UNDECIDED_GT
named_self_censor_v1_d2,named,20325342,2,MNAR_self,True,acyclic,True,4,"['mean', 0]",0.6681427203293706,UNRECOVERABLE,model_witness(rootjump) dphi=0.3051 dist=1.1e-16,0.5,0.3051196276023728,UNRECOVERABLE,0.35175327031578385,12,False,False,True
named_self_censor_v1_d2,named,20325342,2,MNAR_self,True,acyclic,True,4,"['mean', 1]",,RECOVERABLE,formula:direct_full_pattern,,,RECOVERABLE,3.3306690738754696e-16,12,False,False,True
named_three_var_mixed_d1,named,20348672,3,MNAR_self,True,acyclic,True,8,"['mean', 0]",,RECOVERABLE,formula:anchor_direct,,,RECOVERABLE,0.0,1,False,True,True
named_three_var_mixed_d1,named,20348672,3,MNAR_self,True,acyclic,True,8,"['mean', 1]",0.7507185333703817,UNDETERMINED_RELAXED_FRAGILE,round2:no model witness; relaxation varies,0.5,1.4432899320127035e-14,RECOVERABLE,0.0,1,False,True,UNDECIDED_GT
n4_r0006_d0,n4,25271087,4,MNAR_self,True,acyclic,True,16,"['mean', 0]",0.7137355758315658,UNDETERMINED_RELAXED_FRAGILE,round2:no model witness; relaxation varies,0.5,7.771561172376096e-16,RECOVERABLE,0.0,1,False,True,UNDECIDED_GT
n4_r0006_d0,n4,25271087,4,MNAR_self,True,acyclic,True,16,"['mean', 1]",0.7719396370864096,UNDETERMINED_RELAXED_FRAGILE,round2:no model witness; relaxation varies,0.5,3.3306690738754696e-16,RECOVERABLE,0.0,1,False,True,UNDECIDED_GT
n4_r0014_d0,n4,25271335,4,MNAR_self,True,acyclic,True,16,"['mean', 0]",0.15909884253647946,UNDETERMINED_RELAXED_FRAGILE,round2:no model witness; relaxation varies,0.5,4.810041254188491e-14,RECOVERABLE,0.0,1,False,True,UNDECIDED_GT
n4_r0014_d0,n4,25271335,4,MNAR_self,True,acyclic,True,16,"['mean', 1]",0.3104630124339435,UNDETERMINED_RELAXED_FRAGILE,round2:no model witness; relaxation varies,0.5,8.43769498715119e-15,RECOVERABLE,0.0,1,False,True,UNDECIDED_GT
n4_r0022_d0,n4,25271583,4,MNAR_self,True,acyclic,True,16,"['mean', 0]",0.16230669507094378,UNDETERMINED_RELAXED_FRAGILE,round2:no model witness; relaxation varies,0.5,2.0261570199409107e-15,RECOVERABLE,0.0,1,False,True,UNDECIDED_GT
n4_r0022_d0,n4,25271583,4,MNAR_self,True,acyclic,True,16,"['mean', 1]",0.6747744721698895,UNDETERMINED_RELAXED_FRAGILE,round2:no model witness; relaxation varies,0.5,1.4432899320127035e-15,RECOVERABLE,0.0,1,False,True,UNDECIDED_GT
n4_r0030_d0,n4,25271831,4,MNAR_self,True,acyclic,True,16,"['mean', 0]",0.6324306874407328,UNDETERMINED_RELAXED_FRAGILE,round2:no model witness; relaxation varies,0.5,1.4077627952246985e-13,RECOVERABLE,0.0,1,False,True,UNDECIDED_GT
n4_r0030_d0,n4,25271831,4,MNAR_self,True,acyclic,True,16,"['mean', 1]",,RECOVERABLE,formula:anchor_direct,,,RECOVERABLE,0.0,1,False,True,True
n4_r0038_d0,n4,25272079,4,MNAR_self,True,acyclic,True,16,"['mean', 0]",0.4051921990543289,UNDETERMINED_RELAXED_FRAGILE,round2:no model witness; relaxation varies,0.5000000000000001,2.220446049250313e-16,RECOVERABLE,0.0,1,False,True,UNDECIDED_GT
n4_r0038_d0,n4,25272079,4,MNAR_self,True,acyclic,True,16,"['mean', 1]",0.5494745545762673,UNDETERMINED_RELAXED_FRAGILE,round2:no model witness; relaxation varies,0.5,2.220446049250313e-16,RECOVERABLE,0.0,1,False,True,UNDECIDED_GT
n4_r0046_d0,n4,25272327,4,MNAR_self,True,acyclic,True,16,"['mean', 0]",,RECOVERABLE,formula:anchor_direct,,,RECOVERABLE,0.0,1,False,True,True
n4_r0046_d0,n4,25272327,4,MNAR_self,True,acyclic,True,16,"['mean', 1]",0.26833374110601066,UNDETERMINED_RELAXED_FRAGILE,round2:no model witness; relaxation varies,0.5,2.1094237467877974e-15,RECOVERABLE,0.0,1,False,True,UNDECIDED_GT
n4_r0054_d0,n4,25272575,4,MNAR_self,True,acyclic,True,16,"['mean', 0]",0.3392700868102426,UNDETERMINED_RELAXED_FRAGILE,round2:no model witness; relaxation varies,0.5,3.885780586188048e-16,RECOVERABLE,0.0,1,False,True,UNDECIDED_GT
n4_r0054_d0,n4,25272575,4,MNAR_self,True,acyclic,True,16,"['mean', 1]",0.43118706960686526,UNDETERMINED_RELAXED_FRAGILE,round2:no model witness; relaxation varies,0.5,4.785061236134425e-14,RECOVERABLE,0.0,1,False,True,UNDECIDED_GT
n4_r0062_d0,n4,25272823,4,MNAR_self,True,acyclic,True,16,"['mean', 0]",0.7972352937143851,UNDETERMINED_RELAXED_FRAGILE,round2:no model witness; relaxation varies,0.5000000000000001,7.771561172376096e-16,RECOVERABLE,8.881784197001252e-16,12,False,True,UNDECIDED_GT
n4_r0062_d0,n4,25272823,4,MNAR_self,True,acyclic,True,16,"['mean', 1]",0.28235819642837234,UNRECOVERABLE,model_witness(rootjump) dphi=0.1377 dist=2.2e-16,0.5,0.13766811505736154,UNRECOVERABLE,0.1497708216805278,12,False,True,True
n4_r0070_d0,n4,25273071,4,MNAR_self,True,acyclic,True,16,"['mean', 0]",0.6772189140632101,UNDETERMINED_RELAXED_FRAGILE,round2:no model witness; relaxation varies,0.5,4.884981308350689e-15,RECOVERABLE,0.0,1,False,True,UNDECIDED_GT
n4_r0070_d0,n4,25273071,4,MNAR_self,True,acyclic,True,16,"['mean', 1]",,RECOVERABLE,formula:anchor_direct,,,RECOVERABLE,0.0,1,False,True,True
n4_r0078_d0,n4,25273319,4,MNAR_self,True,acyclic,True,16,"['mean', 0]",,RECOVERABLE,formula:anchor_direct,,,RECOVERABLE,0.0,1,False,True,True
n4_r0078_d0,n4,25273319,4,MNAR_self,True,acyclic,True,16,"['mean', 1]",0.3209283395159249,UNDETERMINED_RELAXED_FRAGILE,round2:no model witness; relaxation varies,0.5000000000000001,4.996003610813204e-16,RECOVERABLE,0.0,1,False,True,UNDECIDED_GT
n4_r0086_d0,n4,25273567,4,MNAR_self,True,acyclic,True,16,"['mean', 0]",0.47201650178989074,UNDETERMINED_RELAXED_FRAGILE,round2:no model witness; relaxation varies,0.5,1.609823385706477e-15,RECOVERABLE,0.0,1,False,True,UNDECIDED_GT
n4_r0086_d0,n4,25273567,4,MNAR_self,True,acyclic,True,16,"['mean', 1]",0.3679124036837098,UNDETERMINED_RELAXED_FRAGILE,round2:no model witness; relaxation varies,0.5,4.052314039881821e-15,RECOVERABLE,0.0,1,False,True,UNDECIDED_GT
n4_r0094_d0,n4,25273815,4,MNAR_self,True,acyclic,True,16,"['mean', 0]",0.16321675117026635,UNDETERMINED_RELAXED_FRAGILE,round2:no model witness; relaxation varies,0.5,4.163336342344337e-16,RECOVERABLE,0.0,1,False,True,UNDECIDED_GT
n4_r0094_d0,n4,25273815,4,MNAR_self,True,acyclic,True,16,"['mean', 1]",0.5840525097334822,UNDETERMINED_RELAXED_FRAGILE,round2:no model witness; relaxation varies,0.5000000000000001,1.6653345369377348e-15,RECOVERABLE,0.0,1,False,True,UNDECIDED_GT
n4_r0102_d0,n4,25274063,4,MNAR_self,True,acyclic,True,16,"['mean', 0]",,RECOVERABLE,formula:anchor_direct,,,RECOVERABLE,0.0,1,False,True,True
n4_r0102_d0,n4,25274063,4,MNAR_self,True,acyclic,True,16,"['mean', 1]",0.5490661878479781,UNDETERMINED_RELAXED_FRAGILE,round2:no model witness; relaxation varies,0.5,5.81756864903582e-14,RECOVERABLE,0.0,1,False,True,UNDECIDED_GT
n4_r0110_d0,n4,25274311,4,MNAR_self,True,acyclic,True,16,"['mean', 0]",0.26817129526580574,UNDETERMINED_RELAXED_FRAGILE,round2:no model witness; relaxation varies,0.5,6.106226635438361e-16,RECOVERABLE,0.0,1,False,True,UNDECIDED_GT
n4_r0110_d0,n4,25274311,4,MNAR_self,True,acyclic,True,16,"['mean', 1]",0.632255212048352,UNDETERMINED_RELAXED_FRAGILE,round2:no model witness; relaxation varies,0.4999999999999999,2.220446049250313e-16,RECOVERABLE,0.0,1,False,True,UNDECIDED_GT
n4_r0118_d0,n4,25274559,4,MNAR_self,True,acyclic,True,16,"['mean', 0]",,RECOVERABLE,formula:anchor_direct,,,RECOVERABLE,0.0,1,False,True,True
n4_r0118_d0,n4,25274559,4,MNAR_self,True,acyclic,True,16,"['mean', 1]",0.6525836271946387,UNDETERMINED_RELAXED_FRAGILE,round2:no model witness; relaxation varies,0.49999999999999994,6.661338147750939e-16,RECOVERABLE,0.0,1,False,True,UNDECIDED_GT
n4_r0126_d0,n4,25274807,4,MNAR_self,True,acyclic,True,16,"['mean', 0]",,RECOVERABLE,formula:anchor_direct,,,RECOVERABLE,0.0,1,False,True,True
n4_r0126_d0,n4,25274807,4,MNAR_self,True,acyclic,True,16,"['mean', 1]",0.2747229799784233,UNDETERMINED_RELAXED_FRAGILE,round2:no model witness; relaxation varies,0.5,4.551914400963142e-15,RECOVERABLE,0.0,1,False,True,UNDECIDED_GT
n4_r0134_d0,n4,25275055,4,MNAR_self,True,acyclic,True,16,"['mean', 0]",0.7799620351450406,UNDETERMINED_RELAXED_FRAGILE,round2:no model witness; relaxation varies,0.5,2.3314683517128287e-15,RECOVERABLE,0.0,1,False,True,UNDECIDED_GT
n4_r0134_d0,n4,25275055,4,MNAR_self,True,acyclic,True,16,"['mean', 1]",0.8217007666054794,UNDETERMINED_RELAXED_FRAGILE,round2:no model witness; relaxation varies,0.5,6.8833827526759706e-15,RECOVERABLE,0.0,1,False,True,UNDECIDED_GT
n4_r0142_d0,n4,25275303,4,MNAR_self,True,acyclic,True,16,"['mean', 0]",0.8324896846690353,UNDETERMINED_RELAXED_FRAGILE,round2:no model witness; relaxation varies,0.49999999999999994,2.220446049250313e-16,RECOVERABLE,0.0,1,False,True,UNDECIDED_GT
n4_r0142_d0,n4,25275303,4,MNAR_self,True,acyclic,True,16,"['mean', 1]",0.19023142886485184,UNDETERMINED_RELAXED_FRAGILE,round2:no model witness; relaxation varies,0.4999999999999999,1.2212453270876722e-15,RECOVERABLE,0.0,1,False,True,UNDECIDED_GT
n4_r0150_d0,n4,25275551,4,MNAR_self,True,acyclic,True,16,"['mean', 0]",0.6910547826896282,UNDETERMINED_RELAXED_FRAGILE,round2:no model witness; relaxation varies,0.5,3.3306690738754696e-16,RECOVERABLE,4.440892098500626e-16,12,False,True,UNDECIDED_GT
n4_r0150_d0,n4,25275551,4,MNAR_self,True,acyclic,True,16,"['mean', 1]",0.7107021440041913,UNRECOVERABLE,model_witness(rootjump) dphi=0.2129 dist=1.7e-16,0.5,0.21286871624331904,UNRECOVERABLE,0.20405247831295814,12,False,True,True
n4_r0158_d0,n4,25275799,4,MNAR_self,True,acyclic,True,16,"['mean', 0]",0.5089274139045837,UNDETERMINED_RELAXED_FRAGILE,round2:no model witness; relaxation varies,0.5000000000000001,3.885780586188048e-15,RECOVERABLE,0.0,1,False,True,UNDECIDED_GT
n4_r0158_d0,n4,25275799,4,MNAR_self,True,acyclic,True,16,"['mean', 1]",,RECOVERABLE,formula:anchor_direct,,,RECOVERABLE,0.0,1,False,True,True
n4_r0166_d0,n4,25276047,4,MNAR_self,True,acyclic,True,16,"['mean', 0]",0.2679296625174253,UNDETERMINED_RELAXED_FRAGILE,round2:no model witness; relaxation varies,0.5,1.6264767310758543e-14,RECOVERABLE,5.88418203051333e-15,12,False,True,UNDECIDED_GT
n4_r0166_d0,n4,25276047,4,MNAR_self,True,acyclic,True,16,"['mean', 1]",0.6624700119150981,UNDETERMINED_RELAXED_FRAGILE,round2:no model witness; relaxation varies,0.5,5.551115123125783e-16,RECOVERABLE,3.3306690738754696e-16,12,False,True,UNDECIDED_GT
n4_r0174_d0,n4,25276295,4,MNAR_self,True,acyclic,True,16,"['mean', 0]",0.17996782762138075,UNDETERMINED_RELAXED_FRAGILE,round2:no model witness; relaxation varies,0.5,1.1518563880485999e-14,RECOVERABLE,0.0,1,False,True,UNDECIDED_GT
n4_r0174_d0,n4,25276295,4,MNAR_self,True,acyclic,True,16,"['mean', 1]",0.7804987170680815,UNDETERMINED_RELAXED_FRAGILE,round2:no model witness; relaxation varies,0.5,7.882583474838611e-15,RECOVERABLE,0.0,1,False,True,UNDECIDED_GT
n4_r0182_d0,n4,25276543,4,MNAR_self,True,acyclic,True,16,"['mean', 0]",0.6522174586880682,UNDETERMINED_RELAXED_FRAGILE,round2:no model witness; relaxation varies,0.5,6.550315845288424e-14,RECOVERABLE,0.0,1,False,True,UNDECIDED_GT
n4_r0182_d0,n4,25276543,4,MNAR_self,True,acyclic,True,16,"['mean', 1]",0.5316277678015259,UNDETERMINED_RELAXED_FRAGILE,round2:no model witness; relaxation varies,0.49999999999999994,9.992007221626409e-16,RECOVERABLE,0.0,1,False,True,UNDECIDED_GT
n4_r0190_d0,n4,25276791,4,MNAR_self,True,acyclic,True,16,"['mean', 0]",0.2735009875395807,UNDETERMINED_RELAXED_FRAGILE,round2:no model witness; relaxation varies,0.5,3.2807090377673376e-14,RECOVERABLE,7.216449660063518e-15,12,False,True,UNDECIDED_GT
n4_r0190_d0,n4,25276791,4,MNAR_self,True,acyclic,True,16,"['mean', 1]",0.6630241589122463,UNDETERMINED_RELAXED_FRAGILE,round2:no model witness; relaxation varies,0.5,1.4432899320127035e-15,RECOVERABLE,3.3306690738754696e-16,12,False,True,UNDECIDED_GT
n4_r0198_d0,n4,25277039,4,MNAR_self,True,acyclic,True,16,"['mean', 0]",0.5870499543021388,UNDETERMINED_RELAXED_FRAGILE,round2:no model witness; relaxation varies,0.5,3.3306690738754696e-16,RECOVERABLE,0.0,1,False,True,UNDECIDED_GT
n4_r0198_d0,n4,25277039,4,MNAR_self,True,acyclic,True,16,"['mean', 1]",0.3981655998030229,UNDETERMINED_RELAXED_FRAGILE,round2:no model witness; relaxation varies,0.5,1.9984014443252818e-15,RECOVERABLE,0.0,1,False,True,UNDECIDED_GT
n3_s00351_d0,n3,55370901,3,MNAR_self,True,acyclic,True,8,"['mean', 0]",0.2342956751607231,UNDETERMINED_RELAXED_FRAGILE,round2:no model witness; relaxation varies,0.5,3.8219427622721014e-14,RECOVERABLE,0.0,1,False,True,UNDECIDED_GT
n3_s00351_d0,n3,55370901,3,MNAR_self,True,acyclic,True,8,"['mean', 1]",0.25620513357925334,UNDETERMINED_RELAXED_FRAGILE,round2:no model witness; relaxation varies,0.5,6.5503158452884236e-15,RECOVERABLE,0.0,1,False,True,UNDECIDED_GT
n3_s00385_d0,n3,58770901,3,MNAR_other,False,acyclic,True,8,"['mean', 0]",,RECOVERABLE,formula:anchor_direct,,,RECOVERABLE,0.0,1,False,True,True
n3_s00385_d0,n3,58770901,3,MNAR_other,False,acyclic,True,8,"['mean', 1]",,RECOVERABLE,formula:anchor_direct,,,RECOVERABLE,0.0,1,False,True,True
n3_s00407_d0,n3,60970901,3,MNAR_self,True,acyclic,True,8,"['mean', 0]",,RECOVERABLE,formula:anchor_direct,,,RECOVERABLE,0.0,1,False,True,True
n3_s00407_d0,n3,60970901,3,MNAR_self,True,acyclic,True,8,"['mean', 1]",0.1859390577072602,UNDETERMINED_RELAXED_FRAGILE,round2:no model witness; relaxation varies,0.5,3.3362201889985954e-14,RECOVERABLE,0.0,1,False,True,UNDECIDED_GT
n3_s00426_d0,n3,62870901,3,MNAR_other,False,acyclic,True,8,"['mean', 0]",,RECOVERABLE,formula:anchor_direct,,,RECOVERABLE,0.0,1,False,True,True
n3_s00426_d0,n3,62870901,3,MNAR_other,False,acyclic,True,8,"['mean', 1]",,RECOVERABLE,formula:anchor_direct,,,RECOVERABLE,0.0,1,False,True,True
n3_s00458_d0,n3,66070901,3,MNAR_self,True,acyclic,True,8,"['mean', 0]",0.4778499831203352,UNDETERMINED_RELAXED_FRAGILE,round2:no model witness; relaxation varies,0.5,5.065392549852277e-13,RECOVERABLE,0.0,1,False,True,UNDECIDED_GT
n3_s00458_d0,n3,66070901,3,MNAR_self,True,acyclic,True,8,"['mean', 1]",,RECOVERABLE,formula:anchor_direct,,,RECOVERABLE,0.0,1,False,True,True
n3_s00488_d0,n3,69070901,3,MNAR_self,True,acyclic,True,8,"['mean', 0]",0.5551774080676889,UNDETERMINED_RELAXED_FRAGILE,round2:no model witness; relaxation varies,0.5,5.329070518200751e-13,RECOVERABLE,0.0,1,False,True,UNDECIDED_GT
n3_s00488_d0,n3,69070901,3,MNAR_self,True,acyclic,True,8,"['mean', 1]",,RECOVERABLE,formula:anchor_direct,,,RECOVERABLE,0.0,1,False,True,True
n3_s00508_d0,n3,71070901,3,MNAR_self,True,acyclic,True,8,"['mean', 0]",0.8079590076551291,UNRECOVERABLE,model_witness(rootjump) dphi=0.0412 dist=2.2e-16,0.5,0.041202051888020286,UNRECOVERABLE,0.04955914433247188,12,False,True,True
n3_s00508_d0,n3,71070901,3,MNAR_self,True,acyclic,True,8,"['mean', 1]",0.21613023130206002,UNRECOVERABLE,model_witness(rootjump) dphi=0.0213 dist=1.1e-16,0.5,0.021258026329814966,UNRECOVERABLE,0.061301377834146936,12,False,True,True
n3_s00534_d0,n3,73670901,3,MNAR_self,True,acyclic,True,8,"['mean', 0]",,RECOVERABLE,formula:anchor_direct,,,RECOVERABLE,0.0,1,False,True,True
n3_s00534_d0,n3,73670901,3,MNAR_self,True,acyclic,True,8,"['mean', 1]",0.5920348686457636,UNDETERMINED_RELAXED_FRAGILE,round2:no model witness; relaxation varies,0.5,1.5498713423767185e-13,RECOVERABLE,0.0,1,False,True,UNDECIDED_GT
n3_s00558_d0,n3,76070901,3,MNAR_self,True,acyclic,True,8,"['mean', 0]",,RECOVERABLE,formula:anchor_direct,,,RECOVERABLE,0.0,1,False,True,True
n3_s00558_d0,n3,76070901,3,MNAR_self,True,acyclic,True,8,"['mean', 1]",,RECOVERABLE,formula:anchor_direct,,,RECOVERABLE,0.0,1,False,True,True
n3_s00582_d0,n3,78470901,3,MNAR_self,True,acyclic,True,8,"['mean', 0]",0.42334564859356016,UNDETERMINED_RELAXED_FRAGILE,round2:no model witness; relaxation varies,0.5,7.549516567451064e-15,RECOVERABLE,0.0,1,False,True,UNDECIDED_GT
n3_s00582_d0,n3,78470901,3,MNAR_self,True,acyclic,True,8,"['mean', 1]",,RECOVERABLE,formula:anchor_direct,,,RECOVERABLE,0.0,1,False,True,True
n3_s00596_d0,n3,79870901,3,MNAR_self,True,acyclic,True,8,"['mean', 0]",0.7074310500683709,UNDETERMINED_RELAXED_FRAGILE,round2:no model witness; relaxation varies,0.4999999999999999,5.218048215738236e-14,RECOVERABLE,9.992007221626409e-16,12,False,True,UNDECIDED_GT
n3_s00596_d0,n3,79870901,3,MNAR_self,True,acyclic,True,8,"['mean', 1]",0.4379861530667514,UNRECOVERABLE,model_witness(rootjump) dphi=0.1548 dist=1.7e-16,0.5,0.1547951214328938,UNRECOVERABLE,0.2406568629669129,12,False,True,True
n3_s00613_d0,n3,81570901,3,MNAR_self,True,acyclic,True,8,"['mean', 0]",0.20465378155106148,UNDETERMINED_RELAXED_FRAGILE,round2:no model witness; relaxation varies,0.5,1.3877787807814457e-15,RECOVERABLE,0.0,1,False,True,UNDECIDED_GT
n3_s00613_d0,n3,81570901,3,MNAR_self,True,acyclic,True,8,"['mean', 1]",,RECOVERABLE,formula:direct_full_pattern,,,RECOVERABLE,0.0,1,False,True,True
n3_s00633_d0,n3,83570901,3,MNAR_self,True,acyclic,True,8,"['mean', 0]",0.17911152092297725,UNDETERMINED_RELAXED_FRAGILE,round2:no model witness; relaxation varies,0.5,7.077671781985373e-15,RECOVERABLE,1.304512053934559e-15,12,False,True,UNDECIDED_GT
n3_s00633_d0,n3,83570901,3,MNAR_self,True,acyclic,True,8,"['mean', 1]",0.24520526334323542,UNRECOVERABLE,model_witness(rootjump) dphi=0.2816 dist=2.2e-16,0.5,0.2816014628140052,UNRECOVERABLE,0.24940339807895057,12,False,True,True
n3_s00656_d0,n3,85870901,3,MNAR_self,True,acyclic,True,8,"['mean', 0]",,RECOVERABLE,formula:direct_full_pattern,,,RECOVERABLE,0.0,1,False,True,True
n3_s00656_d0,n3,85870901,3,MNAR_self,True,acyclic,True,8,"['mean', 1]",0.6152239894556523,UNDETERMINED_RELAXED_FRAGILE,round2:no model witness; relaxation varies,0.5,3.4083846855992306e-14,RECOVERABLE,0.0,1,False,True,UNDECIDED_GT
n3_s00669_d0,n3,87170901,3,MNAR_self,True,acyclic,True,8,"['mean', 0]",,RECOVERABLE,formula:anchor_direct,,,RECOVERABLE,1.1102230246251565e-16,12,False,True,True
n3_s00669_d0,n3,87170901,3,MNAR_self,True,acyclic,True,8,"['mean', 1]",0.19245896762036793,UNDETERMINED_RELAXED_FRAGILE,round2:no model witness; relaxation varies,0.5,3.9745984281580604e-14,RECOVERABLE,1.9984014443252818e-15,12,False,True,UNDECIDED_GT
n3_s00681_d0,n3,88370901,3,MNAR_other,False,acyclic,True,8,"['mean', 0]",,RECOVERABLE,formula:anchor_direct,,,RECOVERABLE,0.0,1,False,True,True
n3_s00681_d0,n3,88370901,3,MNAR_other,False,acyclic,True,8,"['mean', 1]",,RECOVERABLE,formula:anchor_direct,,,RECOVERABLE,0.0,1,False,True,True
n3_s00695_d0,n3,89770901,3,MNAR_self,True,acyclic,True,8,"['mean', 0]",,RECOVERABLE,formula:anchor_direct,,,RECOVERABLE,0.0,1,False,True,True
n3_s00695_d0,n3,89770901,3,MNAR_self,True,acyclic,True,8,"['mean', 1]",0.8194256918531413,UNDETERMINED_RELAXED_FRAGILE,round2:no model witness; relaxation varies,0.5,4.884981308350689e-15,RECOVERABLE,0.0,1,False,True,UNDECIDED_GT
n3_s00718_d0,n3,92070901,3,MNAR_self,True,acyclic,True,8,"['mean', 0]",0.6883765987632738,UNDETERMINED_RELAXED_FRAGILE,round2:no model witness; relaxation varies,0.5,2.6645352591003757e-15,RECOVERABLE,0.0,1,False,True,UNDECIDED_GT
n3_s00718_d0,n3,92070901,3,MNAR_self,True,acyclic,True,8,"['mean', 1]",,RECOVERABLE,formula:anchor_direct,,,RECOVERABLE,0.0,1,False,True,True
n3_s00743_d0,n3,94570901,3,MNAR_self,True,acyclic,True,8,"['mean', 0]",0.6105192985261373,UNDETERMINED_RELAXED_FRAGILE,round2:no model witness; relaxation varies,0.5,1.3322676295501878e-15,RECOVERABLE,0.0,1,False,True,UNDECIDED_GT
n3_s00743_d0,n3,94570901,3,MNAR_self,True,acyclic,True,8,"['mean', 1]",,RECOVERABLE,formula:anchor_direct,,,RECOVERABLE,0.0,1,False,True,True
n3_s00765_d0,n3,96770901,3,MNAR_self,True,acyclic,True,8,"['mean', 0]",0.34056810796962045,UNDETERMINED_RELAXED_FRAGILE,round2:no model witness; relaxation varies,0.5,7.771561172376096e-15,RECOVERABLE,0.0,1,False,True,UNDECIDED_GT
n3_s00765_d0,n3,96770901,3,MNAR_self,True,acyclic,True,8,"['mean', 1]",0.7168127948312079,UNDETERMINED_RELAXED_FRAGILE,round2:no model witness; relaxation varies,0.5,1.1224354778960333e-13,RECOVERABLE,0.0,1,False,True,UNDECIDED_GT
n3_s00792_d0,n3,99470901,3,MNAR_self,True,acyclic,True,8,"['mean', 0]",0.5238045206229637,UNDETERMINED_RELAXED_FRAGILE,round2:no model witness; relaxation varies,0.5,7.771561172376096e-16,RECOVERABLE,2.220446049250313e-16,12,False,True,UNDECIDED_GT
n3_s00792_d0,n3,99470901,3,MNAR_self,True,acyclic,True,8,"['mean', 1]",0.7008880105453251,UNRECOVERABLE,model_witness(rootjump) dphi=0.1552 dist=1.1e-16,0.5,0.15517806914468524,UNRECOVERABLE,0.3016194282584578,12,False,True,True
n3_s00820_d0,n3,102270901,3,MNAR_self,True,acyclic,True,8,"['mean', 0]",0.7215946653556982,UNDETERMINED_RELAXED_FRAGILE,round2:no model witness; relaxation varies,0.5,5.551115123125783e-15,RECOVERABLE,7.771561172376096e-16,12,False,True,UNDECIDED_GT
n3_s00820_d0,n3,102270901,3,MNAR_self,True,acyclic,True,8,"['mean', 1]",0.29525016504700385,UNRECOVERABLE,model_witness(rootjump) dphi=0.1839 dist=1.1e-16,0.5,0.1839029416876325,UNRECOVERABLE,0.19469110478908225,12,False,True,True
n3_s00853_d0,n3,105570901,3,MNAR_self,True,acyclic,True,8,"['mean', 0]",0.2521468480947482,UNRECOVERABLE,model_witness(rootjump) dphi=0.1004 dist=1.1e-16,0.5,0.1004101250089548,UNRECOVERABLE,0.2222925811123133,12,False,True,True
n3_s00853_d0,n3,105570901,3,MNAR_self,True,acyclic,True,8,"['mean', 1]",0.15330875150335377,UNRECOVERABLE,model_witness(rootjump) dphi=0.2397 dist=2.2e-16,0.5,0.23966487222386734,UNRECOVERABLE,0.30465054499929173,12,False,True,True
n3_s00875_d0,n3,107770901,3,MNAR_self,True,acyclic,True,8,"['mean', 0]",0.5650526223151899,UNDETERMINED_RELAXED_FRAGILE,round2:no model witness; relaxation varies,0.5,7.105427357601002e-15,RECOVERABLE,0.0,1,False,True,UNDECIDED_GT
n3_s00875_d0,n3,107770901,3,MNAR_self,True,acyclic,True,8,"['mean', 1]",,RECOVERABLE,formula:anchor_direct,,,RECOVERABLE,0.0,1,False,True,True
n3_s00894_d0,n3,109670901,3,MNAR_self,True,acyclic,True,8,"['mean', 0]",0.8131656497847594,UNDETERMINED_RELAXED_FRAGILE,round2:no model witness; relaxation varies,0.5000000000000001,2.5368596112684827e-13,RECOVERABLE,0.0,1,False,True,UNDECIDED_GT
n3_s00894_d0,n3,109670901,3,MNAR_self,True,acyclic,True,8,"['mean', 1]",0.8025627221576435,UNDETERMINED_RELAXED_FRAGILE,round2:no model witness; relaxation varies,0.5,1.2212453270876722e-15,RECOVERABLE,0.0,1,False,True,UNDECIDED_GT
n3_s00923_d0,n3,112570901,3,MNAR_self,True,acyclic,True,8,"['mean', 0]",0.7755046465775293,UNDETERMINED_RELAXED_FRAGILE,round2:no model witness; relaxation varies,0.5,4.440892098500626e-16,RECOVERABLE,0.0,1,False,True,UNDECIDED_GT
n3_s00923_d0,n3,112570901,3,MNAR_self,True,acyclic,True,8,"['mean', 1]",0.6045165932631321,UNDETERMINED_RELAXED_FRAGILE,round2:no model witness; relaxation varies,0.5,5.662137425588298e-15,RECOVERABLE,0.0,1,False,True,UNDECIDED_GT
n3_s00954_d0,n3,115670901,3,MNAR_self,True,acyclic,True,8,"['mean', 0]",0.38587419520187355,UNDETERMINED_RELAXED_FRAGILE,round2:no model witness; relaxation varies,0.49999999999999994,1.0547118733938987e-15,RECOVERABLE,0.0,1,False,True,UNDECIDED_GT
n3_s00954_d0,n3,115670901,3,MNAR_self,True,acyclic,True,8,"['mean', 1]",0.4071476410825763,UNDETERMINED_RELAXED_FRAGILE,round2:no model witness; relaxation varies,0.5,4.107825191113079e-15,RECOVERABLE,0.0,1,False,True,UNDECIDED_GT
n3_s00971_d0,n3,117370901,3,MNAR_self,True,acyclic,True,8,"['mean', 0]",0.7016612468934067,UNDETERMINED_RELAXED_FRAGILE,round2:no model witness; relaxation varies,0.5,1.709743457922741e-14,RECOVERABLE,0.0,1,False,True,UNDECIDED_GT
n3_s00971_d0,n3,117370901,3,MNAR_self,True,acyclic,True,8,"['mean', 1]",,RECOVERABLE,formula:anchor_direct,,,RECOVERABLE,0.0,1,False,True,True
n3_s00991_d0,n3,119370901,3,MNAR_self,True,acyclic,True,8,"['mean', 0]",0.7094123383867439,UNDETERMINED_RELAXED_FRAGILE,round2:no model witness; relaxation varies,0.5,4.205524817280093e-13,RECOVERABLE,2.220446049250313e-16,2,False,True,UNDECIDED_GT
n3_s00991_d0,n3,119370901,3,MNAR_self,True,acyclic,True,8,"['mean', 1]",0.6717861593479653,UNDETERMINED_RELAXED_FRAGILE,round2:no model witness; relaxation varies,0.5,7.038813976123492e-14,RECOVERABLE,2.220446049250313e-16,2,False,True,UNDECIDED_GT
n3_s01008_d0,n3,121070901,3,MNAR_self,True,acyclic,True,8,"['mean', 0]",0.7279272805102485,UNRECOVERABLE,model_witness(rootjump) dphi=0.2694 dist=8.0e-16,0.5,0.26944272092109245,UNRECOVERABLE,0.30320447034560605,12,False,True,True
n3_s01008_d0,n3,121070901,3,MNAR_self,True,acyclic,True,8,"['mean', 1]",0.48821415582147976,UNDETERMINED_RELAXED_FRAGILE,round2:no model witness; relaxation varies,0.5,2.958744360626042e-14,RECOVERABLE,8.992806499463768e-15,12,False,True,UNDECIDED_GT
n3_s01025_d0,n3,122770901,3,MNAR_other,False,acyclic,True,8,"['mean', 0]",,RECOVERABLE,formula:anchor_direct,,,RECOVERABLE,0.0,1,False,True,True
n3_s01025_d0,n3,122770901,3,MNAR_other,False,acyclic,True,8,"['mean', 1]",,RECOVERABLE,formula:direct_full_pattern,,,RECOVERABLE,0.0,1,False,True,True
n3_s01053_d0,n3,125570901,3,MNAR_self,True,acyclic,True,8,"['mean', 0]",,RECOVERABLE,formula:anchor_direct,,,RECOVERABLE,0.0,1,False,True,True
n3_s01053_d0,n3,125570901,3,MNAR_self,True,acyclic,True,8,"['mean', 1]",0.22897995768925997,UNDETERMINED_RELAXED_FRAGILE,round2:no model witness; relaxation varies,0.5,1.942890293094024e-15,RECOVERABLE,0.0,1,False,True,UNDECIDED_GT
n3_s01078_d0,n3,128070901,3,MNAR_self,True,acyclic,True,8,"['mean', 0]",,RECOVERABLE,formula:direct_full_pattern,,,RECOVERABLE,1.6653345369377348e-16,12,False,True,True
n3_s01078_d0,n3,128070901,3,MNAR_self,True,acyclic,True,8,"['mean', 1]",0.5795905295519902,UNRECOVERABLE,model_witness(rootjump) dphi=0.1873 dist=2.2e-16,0.5,0.18733152803346287,UNRECOVERABLE,0.2886354616493426,12,False,True,True
n3_s01103_d0,n3,130570901,3,MNAR_self,True,acyclic,True,8,"['mean', 0]",0.5866562365377939,UNDETERMINED_RELAXED_FRAGILE,round2:no model witness; relaxation varies,0.5,3.9745984281580604e-14,RECOVERABLE,3.6637359812630166e-15,12,False,True,UNDECIDED_GT
n3_s01103_d0,n3,130570901,3,MNAR_self,True,acyclic,True,8,"['mean', 1]",,RECOVERABLE,formula:anchor_direct,,,RECOVERABLE,5.551115123125783e-17,12,False,True,True
n3_s01124_d0,n3,132670901,3,MNAR_self,True,acyclic,True,8,"['mean', 0]",0.6041434787188933,UNRECOVERABLE,model_witness(rootjump) dphi=0.3645 dist=1.1e-16,0.5,0.3645055832451739,UNRECOVERABLE,0.4630107864636686,12,False,True,True
n3_s01124_d0,n3,132670901,3,MNAR_self,True,acyclic,True,8,"['mean', 1]",0.49268462371463473,UNDETERMINED_RELAXED_FRAGILE,round2:no model witness; relaxation varies,0.5,2.4424906541753444e-15,RECOVERABLE,1.3877787807814457e-15,12,False,True,UNDECIDED_GT
n3_s01149_d0,n3,135170901,3,MNAR_self,True,acyclic,True,8,"['mean', 0]",0.755529139246534,UNDETERMINED_RELAXED_FRAGILE,round2:no model witness; relaxation varies,0.5,1.84297022087776e-14,RECOVERABLE,2.3314683517128287e-15,12,False,True,UNDECIDED_GT
n3_s01149_d0,n3,135170901,3,MNAR_self,True,acyclic,True,8,"['mean', 1]",0.6088445136663905,UNRECOVERABLE,model_witness(rootjump) dphi=0.1353 dist=1.7e-16,0.5,0.1352543349083583,UNRECOVERABLE,0.1028456620836713,12,False,True,True
n3_s01168_d0,n3,137070901,3,MNAR_self,True,acyclic,True,8,"['mean', 0]",,RECOVERABLE,formula:direct_full_pattern,,,RECOVERABLE,0.0,1,False,True,True
n3_s01168_d0,n3,137070901,3,MNAR_self,True,acyclic,True,8,"['mean', 1]",0.20059942549889975,UNDETERMINED_RELAXED_FRAGILE,round2:no model witness; relaxation varies,0.5,3.164135620181696e-15,RECOVERABLE,0.0,1,False,True,UNDECIDED_GT
n3_s01201_d0,n3,140370901,3,MNAR_self,True,acyclic,True,8,"['mean', 0]",,RECOVERABLE,formula:anchor_direct,,,RECOVERABLE,0.0,1,False,True,True
n3_s01201_d0,n3,140370901,3,MNAR_self,True,acyclic,True,8,"['mean', 1]",0.6264453895296589,UNDETERMINED_RELAXED_FRAGILE,round2:no model witness; relaxation varies,0.5,7.416289804496046e-14,RECOVERABLE,0.0,1,False,True,UNDECIDED_GT
n3_s01219_d0,n3,142170901,3,MNAR_self,True,acyclic,True,8,"['mean', 0]",0.3929823069971447,UNDETERMINED_RELAXED_FRAGILE,round2:no model witness; relaxation varies,0.5,2.0372592501871623e-14,RECOVERABLE,0.0,1,False,True,UNDECIDED_GT
n3_s01219_d0,n3,142170901,3,MNAR_self,True,acyclic,True,8,"['mean', 1]",,RECOVERABLE,formula:anchor_direct,,,RECOVERABLE,0.0,1,False,True,True
n3_s01237_d0,n3,143970901,3,MNAR_self,True,acyclic,True,8,"['mean', 0]",0.1530688473989449,UNDETERMINED_RELAXED_FRAGILE,round2:no model witness; relaxation varies,0.5,3.2085445411667024e-14,RECOVERABLE,0.0,1,False,True,UNDECIDED_GT
n3_s01237_d0,n3,143970901,3,MNAR_self,True,acyclic,True,8,"['mean', 1]",0.2592775722938591,UNDETERMINED_RELAXED_FRAGILE,round2:no model witness; relaxation varies,0.5,6.716849298982197e-15,RECOVERABLE,0.0,1,False,True,UNDECIDED_GT
n3_s01266_d0,n3,146870901,3,MNAR_self,True,acyclic,True,8,"['mean', 0]",0.5177530383635275,UNRECOVERABLE,model_witness(rootjump) dphi=0.2170 dist=1.1e-16,0.5,0.21704644033076348,UNRECOVERABLE,0.30821842119001625,12,False,True,True
n3_s01266_d0,n3,146870901,3,MNAR_self,True,acyclic,True,8,"['mean', 1]",0.7176527240263678,UNDETERMINED_RELAXED_FRAGILE,round2:no model witness; relaxation varies,0.5,1.7430501486614958e-14,RECOVERABLE,1.5210055437364645e-14,12,False,True,UNDECIDED_GT
n3_s01297_d0,n3,149970901,3,MNAR_self,True,acyclic,True,8,"['mean', 0]",,RECOVERABLE,formula:anchor_direct,,,RECOVERABLE,0.0,1,False,True,True
n3_s01297_d0,n3,149970901,3,MNAR_self,True,acyclic,True,8,"['mean', 1]",0.5581914634839009,UNDETERMINED_RELAXED_FRAGILE,round2:no model witness; relaxation varies,0.5,4.107825191113079e-15,RECOVERABLE,0.0,1,False,True,UNDECIDED_GT
n3_s01331_d0,n3,153370901,3,MNAR_self,True,acyclic,True,8,"['mean', 0]",,RECOVERABLE,formula:anchor_direct,,,RECOVERABLE,0.0,1,False,True,True
n3_s01331_d0,n3,153370901,3,MNAR_self,True,acyclic,True,8,"['mean', 1]",0.29424873367044047,UNDETERMINED_RELAXED_FRAGILE,round2:no model witness; relaxation varies,0.5,2.4369395390522186e-14,RECOVERABLE,0.0,1,False,True,UNDECIDED_GT
n3_s01359_d0,n3,156170901,3,MNAR_self,True,acyclic,True,8,"['mean', 0]",0.4756376986686198,UNDETERMINED_RELAXED_FRAGILE,round2:no model witness; relaxation varies,0.5,3.4416913763379853e-15,RECOVERABLE,0.0,1,False,True,UNDECIDED_GT
n3_s01359_d0,n3,156170901,3,MNAR_self,True,acyclic,True,8,"['mean', 1]",,RECOVERABLE,formula:anchor_direct,,,RECOVERABLE,0.0,1,False,True,True
n3_s01377_d0,n3,157970901,3,MNAR_self,True,acyclic,True,8,"['mean', 0]",0.6500868038146917,UNDETERMINED_RELAXED_FRAGILE,round2:no model witness; relaxation varies,0.5,1.1513012765362873e-13,RECOVERABLE,0.0,1,False,True,UNDECIDED_GT
n3_s01377_d0,n3,157970901,3,MNAR_self,True,acyclic,True,8,"['mean', 1]",0.6837540193146527,UNDETERMINED_RELAXED_FRAGILE,round2:no model witness; relaxation varies,0.5,2.220446049250313e-16,RECOVERABLE,0.0,1,False,True,UNDECIDED_GT
n3_s01405_d0,n3,160770901,3,MNAR_self,True,acyclic,True,8,"['mean', 0]",0.5656244991035625,UNDETERMINED_RELAXED_FRAGILE,round2:no model witness; relaxation varies,0.5000000000000001,7.66053886991358e-15,RECOVERABLE,5.551115123125783e-16,12,False,True,UNDECIDED_GT
n3_s01405_d0,n3,160770901,3,MNAR_self,True,acyclic,True,8,"['mean', 1]",0.6081184147598736,UNRECOVERABLE,model_witness(rootjump) dphi=0.1781 dist=9.4e-16,0.5,0.17812496500554897,UNRECOVERABLE,0.22473078790470802,12,False,True,True
n3_s01421_d0,n3,162370901,3,MNAR_self,True,acyclic,True,8,"['mean', 0]",,RECOVERABLE,formula:anchor_direct,,,RECOVERABLE,0.0,1,False,True,True
n3_s01421_d0,n3,162370901,3,MNAR_self,True,acyclic,True,8,"['mean', 1]",,RECOVERABLE,formula:anchor_direct,,,RECOVERABLE,0.0,1,False,True,True
n3_s01442_d0,n3,164470901,3,MNAR_other,False,acyclic,True,8,"['mean', 0]",,RECOVERABLE,formula:direct_full_pattern,,,RECOVERABLE,0.0,1,False,True,True
n3_s01442_d0,n3,164470901,3,MNAR_other,False,acyclic,True,8,"['mean', 1]",0.6170437023790255,UNDETERMINED_RELAXED_FRAGILE,round2:no model witness; relaxation varies,0.5,3.4416913763379853e-15,RECOVERABLE,0.0,1,False,True,UNDECIDED_GT
n3_s01460_d0,n3,166270901,3,MNAR_self,True,acyclic,True,8,"['mean', 0]",,RECOVERABLE,formula:direct_full_pattern,,,RECOVERABLE,0.0,1,False,True,True
n3_s01460_d0,n3,166270901,3,MNAR_self,True,acyclic,True,8,"['mean', 1]",0.23765969384509542,UNDETERMINED_RELAXED_FRAGILE,round2:no model witness; relaxation varies,0.5,1.6181500583911657e-14,RECOVERABLE,0.0,1,False,True,UNDECIDED_GT
n3_s01482_d0,n3,168470901,3,MNAR_self,True,acyclic,True,8,"['mean', 0]",0.799196524681943,UNDETERMINED_RELAXED_FRAGILE,round2:no model witness; relaxation varies,0.5,1.5616397064377452e-12,RECOVERABLE,0.0,1,False,True,UNDECIDED_GT
n3_s01482_d0,n3,168470901,3,MNAR_self,True,acyclic,True,8,"['mean', 1]",,RECOVERABLE,formula:anchor_direct,,,RECOVERABLE,0.0,1,False,True,True
n3_s01506_d0,n3,170870901,3,MNAR_self,True,acyclic,True,8,"['mean', 0]",0.4945589462937223,UNRECOVERABLE,model_witness(rootjump) dphi=0.1732 dist=2.2e-16,0.5,0.1731850120759546,UNRECOVERABLE,0.1877763208214841,12,False,True,True
n3_s01506_d0,n3,170870901,3,MNAR_self,True,acyclic,True,8,"['mean', 1]",0.8218273612382221,UNDETERMINED_RELAXED_FRAGILE,round2:no model witness; relaxation varies,0.5,6.661338147750939e-16,RECOVERABLE,5.551115123125783e-16,12,False,True,UNDECIDED_GT
n3_s01522_d0,n3,172470901,3,MNAR_self,True,acyclic,True,8,"['mean', 0]",0.6329187036862134,UNRECOVERABLE,model_witness(rootjump) dphi=0.2201 dist=1.4e-16,0.5,0.22009596856826114,UNRECOVERABLE,0.25955199898629555,12,False,True,True
n3_s01522_d0,n3,172470901,3,MNAR_self,True,acyclic,True,8,"['mean', 1]",0.24376277359249482,UNDETERMINED_RELAXED_FRAGILE,round2:no model witness; relaxation varies,0.5,5.9119376061289586e-15,RECOVERABLE,3.3306690738754696e-16,12,False,True,UNDECIDED_GT
n3_s01543_d0,n3,174570901,3,MNAR_self,True,acyclic,True,8,"['mean', 0]",,RECOVERABLE,formula:anchor_direct,,,RECOVERABLE,4.440892098500626e-16,12,False,True,True
n3_s01543_d0,n3,174570901,3,MNAR_self,True,acyclic,True,8,"['mean', 1]",,RECOVERABLE,formula:anchor_direct,,,RECOVERABLE,1.1102230246251565e-16,12,False,True,True
n3_s01572_d0,n3,177470901,3,MNAR_self,True,acyclic,True,8,"['mean', 0]",,RECOVERABLE,formula:anchor_direct,,,RECOVERABLE,0.0,1,False,True,True
n3_s01572_d0,n3,177470901,3,MNAR_self,True,acyclic,True,8,"['mean', 1]",0.21108329567475537,UNDETERMINED_RELAXED_FRAGILE,round2:no model witness; relaxation varies,0.5,1.3877787807814457e-16,RECOVERABLE,0.0,1,False,True,UNDECIDED_GT
n3_s01584_d0,n3,178670901,3,MNAR_self,True,acyclic,True,8,"['mean', 0]",,RECOVERABLE,formula:anchor_direct,,,RECOVERABLE,0.0,1,False,True,True
n3_s01584_d0,n3,178670901,3,MNAR_self,True,acyclic,True,8,"['mean', 1]",0.32379722108910414,UNDETERMINED_RELAXED_FRAGILE,round2:no model witness; relaxation varies,0.5,1.1268763699945339e-14,RECOVERABLE,0.0,1,False,True,UNDECIDED_GT
n3_s01618_d0,n3,182070901,3,MNAR_self,True,acyclic,True,8,"['mean', 0]",0.24783092172341825,UNDETERMINED_RELAXED_FRAGILE,round2:no model witness; relaxation varies,0.4999999999999999,5.495603971894525e-15,RECOVERABLE,0.0,1,False,True,UNDECIDED_GT
n3_s01618_d0,n3,182070901,3,MNAR_self,True,acyclic,True,8,"['mean', 1]",0.4641320866240703,UNDETERMINED_RELAXED_FRAGILE,round2:no model witness; relaxation varies,0.5,3.164135620181696e-15,RECOVERABLE,0.0,1,False,True,UNDECIDED_GT
n3_s01652_d0,n3,185470901,3,MNAR_self,True,acyclic,True,8,"['mean', 0]",0.15993645652603322,UNDETERMINED_RELAXED_FRAGILE,round2:no model witness; relaxation varies,0.5,2.0539125955565396e-15,RECOVERABLE,0.0,1,False,True,UNDECIDED_GT
n3_s01652_d0,n3,185470901,3,MNAR_self,True,acyclic,True,8,"['mean', 1]",0.6408613510560509,UNDETERMINED_RELAXED_FRAGILE,round2:no model witness; relaxation varies,0.5,1.4577228313328305e-13,RECOVERABLE,0.0,1,False,True,UNDECIDED_GT
n3_s01675_d0,n3,187770901,3,MNAR_other,False,acyclic,True,8,"['mean', 0]",,RECOVERABLE,formula:anchor_direct,,,RECOVERABLE,0.0,1,False,True,True
n3_s01675_d0,n3,187770901,3,MNAR_other,False,acyclic,True,8,"['mean', 1]",,RECOVERABLE,formula:anchor_direct,,,RECOVERABLE,0.0,1,False,True,True
n3_s01706_d0,n3,190870901,3,MNAR_other,False,acyclic,True,8,"['mean', 0]",,RECOVERABLE,formula:anchor_direct,,,RECOVERABLE,0.0,1,False,True,True
n3_s01706_d0,n3,190870901,3,MNAR_other,False,acyclic,True,8,"['mean', 1]",0.49610573619660725,UNDETERMINED_RELAXED_FRAGILE,round2:no model witness; relaxation varies,0.5,2.7755575615628914e-15,RECOVERABLE,0.0,1,False,True,UNDECIDED_GT
n3_s01731_d0,n3,193370901,3,MNAR_self,True,acyclic,True,8,"['mean', 0]",0.18536856490054987,UNDETERMINED_RELAXED_FRAGILE,round2:no model witness; relaxation varies,0.5,3.0808688933348094e-15,RECOVERABLE,0.0,1,False,True,UNDECIDED_GT
n3_s01731_d0,n3,193370901,3,MNAR_self,True,acyclic,True,8,"['mean', 1]",,RECOVERABLE,formula:anchor_direct,,,RECOVERABLE,0.0,1,False,True,True
n3_s01767_d0,n3,196970901,3,MNAR_self,True,acyclic,True,8,"['mean', 0]",0.5192244092083296,UNDETERMINED_RELAXED_FRAGILE,round2:no model witness; relaxation varies,0.5,6.428191312579656e-14,RECOVERABLE,0.0,1,False,True,UNDECIDED_GT
n3_s01767_d0,n3,196970901,3,MNAR_self,True,acyclic,True,8,"['mean', 1]",0.39394820429263083,UNDETERMINED_RELAXED_FRAGILE,round2:no model witness; relaxation varies,0.5,9.532374889431594e-13,RECOVERABLE,0.0,1,False,True,UNDECIDED_GT
n3_s01802_d0,n3,200470901,3,MNAR_other,False,acyclic,True,8,"['mean', 0]",0.6401941593094359,UNDETERMINED_RELAXED_FRAGILE,round2:no model witness; relaxation varies,0.5000000000000001,1.887379141862766e-15,RECOVERABLE,0.0,1,False,True,UNDECIDED_GT
n3_s01802_d0,n3,200470901,3,MNAR_other,False,acyclic,True,8,"['mean', 1]",,RECOVERABLE,formula:anchor_direct,,,RECOVERABLE,0.0,1,False,True,True
n3_s01824_d0,n3,202670901,3,MNAR_other,False,acyclic,True,8,"['mean', 0]",0.5246275596279727,UNDETERMINED_RELAXED_FRAGILE,round2:no model witness; relaxation varies,0.5,5.551115123125783e-16,RECOVERABLE,0.0,1,False,True,UNDECIDED_GT
n3_s01824_d0,n3,202670901,3,MNAR_other,False,acyclic,True,8,"['mean', 1]",0.600002809717274,UNDETERMINED_RELAXED_FRAGILE,round2:no model witness; relaxation varies,0.5,4.440892098500626e-16,RECOVERABLE,0.0,1,False,True,UNDECIDED_GT
n3_s01843_d0,n3,204570901,3,MNAR_self,True,acyclic,True,8,"['mean', 0]",0.5475492993567906,UNDETERMINED_RELAXED_FRAGILE,round2:no model witness; relaxation varies,0.5,6.661338147750939e-16,RECOVERABLE,0.0,1,False,True,UNDECIDED_GT
n3_s01843_d0,n3,204570901,3,MNAR_self,True,acyclic,True,8,"['mean', 1]",0.48040754862398305,UNDETERMINED_RELAXED_FRAGILE,round2:no model witness; relaxation varies,0.5,2.070565940925917e-14,RECOVERABLE,0.0,1,False,True,UNDECIDED_GT
n3_s01866_d0,n3,206870901,3,MNAR_self,True,acyclic,True,8,"['mean', 0]",0.31609262154655937,UNDETERMINED_RELAXED_FRAGILE,round2:no model witness; relaxation varies,0.5,5.10702591327572e-15,RECOVERABLE,0.0,1,False,True,UNDECIDED_GT
n3_s01866_d0,n3,206870901,3,MNAR_self,True,acyclic,True,8,"['mean', 1]",,RECOVERABLE,formula:anchor_direct,,,RECOVERABLE,0.0,1,False,True,True
n3_s01886_d0,n3,208870901,3,MNAR_self,True,acyclic,True,8,"['mean', 0]",0.24144362716370718,UNDETERMINED_RELAXED_FRAGILE,round2:no model witness; relaxation varies,0.5,1.582067810090848e-15,RECOVERABLE,0.0,1,False,True,UNDECIDED_GT
n3_s01886_d0,n3,208870901,3,MNAR_self,True,acyclic,True,8,"['mean', 1]",0.22602500224763442,UNDETERMINED_RELAXED_FRAGILE,round2:no model witness; relaxation varies,0.5,3.469446951953614e-15,RECOVERABLE,0.0,1,False,True,UNDECIDED_GT
n3_s01904_d0,n3,210670901,3,MNAR_self,True,acyclic,True,8,"['mean', 0]",0.2641453252719965,UNDETERMINED_RELAXED_FRAGILE,round2:no model witness; relaxation varies,0.5,2.124633802225162e-12,RECOVERABLE,0.0,1,False,True,UNDECIDED_GT
n3_s01904_d0,n3,210670901,3,MNAR_self,True,acyclic,True,8,"['mean', 1]",0.18401464289253663,UNDETERMINED_RELAXED_FRAGILE,round2:no model witness; relaxation varies,0.5,1.4287737659657296e-12,RECOVERABLE,0.0,1,False,True,UNDECIDED_GT
n3_s01926_d0,n3,212870901,3,MNAR_self,True,acyclic,True,8,"['mean', 0]",0.20693942819564787,UNDETERMINED_RELAXED_FRAGILE,round2:no model witness; relaxation varies,0.5,1.4155343563970746e-15,RECOVERABLE,0.0,1,False,True,UNDECIDED_GT
n3_s01926_d0,n3,212870901,3,MNAR_self,True,acyclic,True,8,"['mean', 1]",,RECOVERABLE,formula:anchor_direct,,,RECOVERABLE,0.0,1,False,True,True
n3_s01953_d0,n3,215570901,3,MNAR_other,False,acyclic,True,8,"['mean', 0]",0.5252975490562581,UNDETERMINED_RELAXED_FRAGILE,round2:no model witness; relaxation varies,0.5000000000000001,3.3306690738754696e-16,RECOVERABLE,0.0,1,False,True,UNDECIDED_GT
n3_s01953_d0,n3,215570901,3,MNAR_other,False,acyclic,True,8,"['mean', 1]",0.39808316161645535,UNDETERMINED_RELAXED_FRAGILE,round2:no model witness; relaxation varies,0.5,4.996003610813204e-16,RECOVERABLE,0.0,1,False,True,UNDECIDED_GT
n3_s01975_d0,n3,217770901,3,MNAR_self,True,acyclic,True,8,"['mean', 0]",0.6279643485111086,UNDETERMINED_RELAXED_FRAGILE,round2:no model witness; relaxation varies,0.5,1.7763568394002505e-15,RECOVERABLE,0.0,1,False,True,UNDECIDED_GT
n3_s01975_d0,n3,217770901,3,MNAR_self,True,acyclic,True,8,"['mean', 1]",0.53059566727069,UNDETERMINED_RELAXED_FRAGILE,round2:no model witness; relaxation varies,0.5,3.6415315207705135e-14,RECOVERABLE,0.0,1,False,True,UNDECIDED_GT
n3_s01998_d0,n3,220070901,3,MNAR_self,True,acyclic,True,8,"['mean', 0]",0.4940295572459,UNDETERMINED_RELAXED_FRAGILE,round2:no model witness; relaxation varies,0.5,3.5860203695392556e-14,RECOVERABLE,0.0,1,False,True,UNDECIDED_GT
n3_s01998_d0,n3,220070901,3,MNAR_self,True,acyclic,True,8,"['mean', 1]",,RECOVERABLE,formula:anchor_direct,,,RECOVERABLE,0.0,1,False,True,True
n3_s02037_d0,n3,223970901,3,MNAR_self,True,acyclic,True,8,"['mean', 0]",0.2500126762149759,UNDETERMINED_RELAXED_FRAGILE,round2:no model witness; relaxation varies,0.5,6.111777750561487e-14,RECOVERABLE,0.0,1,False,True,UNDECIDED_GT
n3_s02037_d0,n3,223970901,3,MNAR_self,True,acyclic,True,8,"['mean', 1]",0.6947897809163441,UNDETERMINED_RELAXED_FRAGILE,round2:no model witness; relaxation varies,0.5,9.992007221626409e-15,RECOVERABLE,0.0,1,False,True,UNDECIDED_GT
n3_s02059_d0,n3,226170901,3,MNAR_other,False,acyclic,True,8,"['mean', 0]",,RECOVERABLE,formula:anchor_direct,,,RECOVERABLE,0.0,1,False,True,True
n3_s02059_d0,n3,226170901,3,MNAR_other,False,acyclic,True,8,"['mean', 1]",0.4200478079094385,UNDETERMINED_RELAXED_FRAGILE,round2:no model witness; relaxation varies,0.5,1.3322676295501878e-15,RECOVERABLE,0.0,1,False,True,UNDECIDED_GT
n3_s02088_d0,n3,229070901,3,MNAR_other,False,acyclic,True,8,"['mean', 0]",,RECOVERABLE,formula:anchor_direct,,,RECOVERABLE,0.0,1,False,True,True
n3_s02088_d0,n3,229070901,3,MNAR_other,False,acyclic,True,8,"['mean', 1]",0.33525621814184214,UNDETERMINED_RELAXED_FRAGILE,round2:no model witness; relaxation varies,0.5,2.1094237467877974e-15,RECOVERABLE,0.0,1,False,True,UNDECIDED_GT
n3_s02102_d0,n3,230470901,3,MNAR_self,True,acyclic,True,8,"['mean', 0]",,RECOVERABLE,formula:anchor_direct,,,RECOVERABLE,0.0,1,False,True,True
n3_s02102_d0,n3,230470901,3,MNAR_self,True,acyclic,True,8,"['mean', 1]",0.4129055478693007,UNDETERMINED_RELAXED_FRAGILE,round2:no model witness; relaxation varies,0.5,1.7763568394002505e-15,RECOVERABLE,0.0,1,False,True,UNDECIDED_GT
n3_s02128_d0,n3,233070901,3,MNAR_self,True,acyclic,True,8,"['mean', 0]",0.6339916945834393,UNDETERMINED_RELAXED_FRAGILE,round2:no model witness; relaxation varies,0.5,3.3306690738754696e-15,RECOVERABLE,0.0,1,False,True,UNDECIDED_GT
n3_s02128_d0,n3,233070901,3,MNAR_self,True,acyclic,True,8,"['mean', 1]",0.4290503580011661,UNDETERMINED_RELAXED_FRAGILE,round2:no model witness; relaxation varies,0.5,1.63202784619898e-14,RECOVERABLE,0.0,1,False,True,UNDECIDED_GT
n3_s02159_d0,n3,236170901,3,MNAR_self,True,acyclic,True,8,"['mean', 0]",0.18667358785126656,UNDETERMINED_RELAXED_FRAGILE,round2:no model witness; relaxation varies,0.5,2.4147350785597155e-15,RECOVERABLE,0.0,1,False,True,UNDECIDED_GT
n3_s02159_d0,n3,236170901,3,MNAR_self,True,acyclic,True,8,"['mean', 1]",0.22119559115257614,UNDETERMINED_RELAXED_FRAGILE,round2:no model witness; relaxation varies,0.5,1.6653345369377348e-16,RECOVERABLE,0.0,1,False,True,UNDECIDED_GT
n3_s02186_d0,n3,238870901,3,MNAR_other,False,acyclic,True,8,"['mean', 0]",0.18801308487763502,UNDETERMINED_RELAXED_FRAGILE,round2:no model witness; relaxation varies,0.5000000000000001,1.9984014443252818e-15,RECOVERABLE,0.0,1,False,True,UNDECIDED_GT
n3_s02186_d0,n3,238870901,3,MNAR_other,False,acyclic,True,8,"['mean', 1]",0.7341694073397015,UNDETERMINED_RELAXED_FRAGILE,round2:no model witness; relaxation varies,0.5,1.5543122344752192e-15,RECOVERABLE,0.0,1,False,True,UNDECIDED_GT
n3_s02219_d0,n3,242170901,3,MNAR_other,False,acyclic,True,8,"['mean', 0]",0.4577754070583832,UNDETERMINED_RELAXED_FRAGILE,round2:no model witness; relaxation varies,0.5000000000000001,6.106226635438361e-16,RECOVERABLE,0.0,1,False,True,UNDECIDED_GT
n3_s02219_d0,n3,242170901,3,MNAR_other,False,acyclic,True,8,"['mean', 1]",0.3821444840324158,UNDETERMINED_RELAXED_FRAGILE,round2:no model witness; relaxation varies,0.5,2.7755575615628914e-16,RECOVERABLE,0.0,1,False,True,UNDECIDED_GT
n3_s02252_d0,n3,245470901,3,MNAR_self,True,acyclic,True,8,"['mean', 0]",0.20888021389568207,UNDETERMINED_RELAXED_FRAGILE,round2:no model witness; relaxation varies,0.5,5.745404152435185e-15,RECOVERABLE,7.494005416219807e-16,12,False,True,UNDECIDED_GT
n3_s02252_d0,n3,245470901,3,MNAR_self,True,acyclic,True,8,"['mean', 1]",0.22921558721678462,UNRECOVERABLE,model_witness(rootjump) dphi=0.0250 dist=2.2e-16,0.5,0.02497103086245414,UNRECOVERABLE,0.04936558531831564,12,False,True,True
n3_s02271_d0,n3,247370901,3,MNAR_self,True,acyclic,True,8,"['mean', 0]",0.5146814184394041,UNDETERMINED_RELAXED_FRAGILE,round2:no model witness; relaxation varies,0.5,1.4654943925052066e-14,RECOVERABLE,1.6764367671839864e-14,12,False,True,UNDECIDED_GT
n3_s02271_d0,n3,247370901,3,MNAR_self,True,acyclic,True,8,"['mean', 1]",0.5120044691514652,UNDETERMINED_RELAXED_FRAGILE,round2:no model witness; relaxation varies,0.5,5.440092820663267e-15,RECOVERABLE,1.2101430968414206e-14,12,False,True,UNDECIDED_GT
n3_s02299_d0,n3,250170901,3,MNAR_self,True,acyclic,True,8,"['mean', 0]",0.6674598243712097,UNDETERMINED_RELAXED_FRAGILE,round2:no model witness; relaxation varies,0.49999999999999994,3.552713678800501e-15,RECOVERABLE,0.0,1,False,True,UNDECIDED_GT
n3_s02299_d0,n3,250170901,3,MNAR_self,True,acyclic,True,8,"['mean', 1]",0.486473617498049,UNDETERMINED_RELAXED_FRAGILE,round2:no model witness; relaxation varies,0.5,1.7180701306074297e-13,RECOVERABLE,0.0,1,False,True,UNDECIDED_GT
n3_s02322_d0,n3,252470901,3,MNAR_self,True,acyclic,True,8,"['mean', 0]",,RECOVERABLE,formula:anchor_direct,,,RECOVERABLE,0.0,1,False,True,True
n3_s02322_d0,n3,252470901,3,MNAR_self,True,acyclic,True,8,"['mean', 1]",0.6152165580025484,UNDETERMINED_RELAXED_FRAGILE,round2:no model witness; relaxation varies,0.5,3.1086244689504383e-15,RECOVERABLE,0.0,1,False,True,UNDECIDED_GT
n3_s02350_d0,n3,255270901,3,MNAR_self,True,acyclic,True,8,"['mean', 0]",,RECOVERABLE,formula:anchor_direct,,,RECOVERABLE,0.0,1,False,True,True
n3_s02350_d0,n3,255270901,3,MNAR_self,True,acyclic,True,8,"['mean', 1]",0.6528956322661317,UNDETERMINED_RELAXED_FRAGILE,round2:no model witness; relaxation varies,0.5,6.661338147750939e-16,RECOVERABLE,0.0,1,False,True,UNDECIDED_GT
n3_s02377_d0,n3,257970901,3,MNAR_self,True,acyclic,True,8,"['mean', 0]",0.17042926553597668,UNDETERMINED_RELAXED_FRAGILE,round2:no model witness; relaxation varies,0.5,1.970645868709653e-15,RECOVERABLE,0.0,1,False,True,UNDECIDED_GT
n3_s02377_d0,n3,257970901,3,MNAR_self,True,acyclic,True,8,"['mean', 1]",0.7282996032934053,UNDETERMINED_RELAXED_FRAGILE,round2:no model witness; relaxation varies,0.5,1.3322676295501878e-15,RECOVERABLE,0.0,1,False,True,UNDECIDED_GT
n3_s02400_d0,n3,260270901,3,MNAR_self,True,acyclic,True,8,"['mean', 0]",0.5961411835398547,UNDETERMINED_RELAXED_FRAGILE,round2:no model witness; relaxation varies,0.5,2.6767477123712524e-13,RECOVERABLE,0.0,1,False,True,UNDECIDED_GT
n3_s02400_d0,n3,260270901,3,MNAR_self,True,acyclic,True,8,"['mean', 1]",,RECOVERABLE,formula:anchor_direct,,,RECOVERABLE,0.0,1,False,True,True
n3_s02428_d0,n3,263070901,3,MNAR_self,True,acyclic,True,8,"['mean', 0]",0.7384436234295257,UNDETERMINED_RELAXED_FRAGILE,round2:no model witness; relaxation varies,0.5,1.1879386363489175e-14,RECOVERABLE,4.440892098500626e-16,12,False,True,UNDECIDED_GT
n3_s02428_d0,n3,263070901,3,MNAR_self,True,acyclic,True,8,"['mean', 1]",0.7830352755425893,UNRECOVERABLE,model_witness(rootjump) dphi=0.2104 dist=8.3e-17,0.5,0.21035309245521483,UNRECOVERABLE,0.18864152871037232,12,False,True,True
n3_s02445_d0,n3,264770901,3,MNAR_self,True,acyclic,True,8,"['mean', 0]",0.5885062764205929,UNDETERMINED_RELAXED_FRAGILE,round2:no model witness; relaxation varies,0.5,1.4432899320127035e-15,RECOVERABLE,0.0,1,False,True,UNDECIDED_GT
n3_s02445_d0,n3,264770901,3,MNAR_self,True,acyclic,True,8,"['mean', 1]",0.3731200614404261,UNDETERMINED_RELAXED_FRAGILE,round2:no model witness; relaxation varies,0.5,4.3298697960381105e-15,RECOVERABLE,0.0,1,False,True,UNDECIDED_GT
n3_s02459_d0,n3,266170901,3,MNAR_self,True,acyclic,True,8,"['mean', 0]",0.7286557695505503,UNDETERMINED_RELAXED_FRAGILE,round2:no model witness; relaxation varies,0.5,5.551115123125783e-16,RECOVERABLE,0.0,1,False,True,UNDECIDED_GT
n3_s02459_d0,n3,266170901,3,MNAR_self,True,acyclic,True,8,"['mean', 1]",0.5632816956460921,UNDETERMINED_RELAXED_FRAGILE,round2:no model witness; relaxation varies,0.5,1.176836406102666e-14,RECOVERABLE,0.0,1,False,True,UNDECIDED_GT
n3_s02495_d0,n3,269770901,3,MNAR_self,True,acyclic,True,8,"['mean', 0]",0.4003098701624669,UNDETERMINED_RELAXED_FRAGILE,round2:no model witness; relaxation varies,0.5,4.934941344458821e-14,RECOVERABLE,0.0,1,False,True,UNDECIDED_GT
n3_s02495_d0,n3,269770901,3,MNAR_self,True,acyclic,True,8,"['mean', 1]",0.5105412562414517,UNDETERMINED_RELAXED_FRAGILE,round2:no model witness; relaxation varies,0.5,5.88418203051333e-14,RECOVERABLE,0.0,1,False,True,UNDECIDED_GT
n3_s02520_d0,n3,272270901,3,MNAR_self,True,acyclic,True,8,"['mean', 0]",0.28829229122645983,UNRECOVERABLE,model_witness(rootjump) dphi=0.2488 dist=1.7e-16,0.49999999999999994,0.24881110116003535,UNRECOVERABLE,0.21024898478111792,12,False,True,True
n3_s02520_d0,n3,272270901,3,MNAR_self,True,acyclic,True,8,"['mean', 1]",0.6408986772350395,UNRECOVERABLE,model_witness(rootjump) dphi=0.0707 dist=1.7e-16,0.5,0.07073450591981267,UNRECOVERABLE,0.05977168216891238,12,False,True,True
n3_s02535_d0,n3,273770901,3,MNAR_self,True,acyclic,True,8,"['mean', 0]",0.4762371215080401,UNDETERMINED_RELAXED_FRAGILE,round2:no model witness; relaxation varies,0.5000000000000001,1.3780643293159756e-12,RECOVERABLE,0.0,1,False,True,UNDECIDED_GT
n3_s02535_d0,n3,273770901,3,MNAR_self,True,acyclic,True,8,"['mean', 1]",,RECOVERABLE,formula:anchor_direct,,,RECOVERABLE,0.0,1,False,True,True
n3_s02558_d0,n3,276070901,3,MNAR_self,True,acyclic,True,8,"['mean', 0]",0.622037930914109,UNRECOVERABLE,model_witness(rootjump) dphi=0.0089 dist=8.6e-16,0.5,0.008908651627784092,UNRECOVERABLE,0.00890865162727228,2,False,True,True
n3_s02558_d0,n3,276070901,3,MNAR_self,True,acyclic,True,8,"['mean', 1]",0.4769261420436675,UNDETERMINED_RELAXED_FRAGILE,round2:no model witness; relaxation varies,0.5,4.884981308350689e-14,RECOVERABLE,2.220446049250313e-16,2,False,True,UNDECIDED_GT
n3_s02578_d0,n3,278070901,3,MNAR_self,True,acyclic,True,8,"['mean', 0]",,RECOVERABLE,formula:anchor_direct,,,RECOVERABLE,0.0,1,False,True,True
n3_s02578_d0,n3,278070901,3,MNAR_self,True,acyclic,True,8,"['mean', 1]",0.7061347457355803,UNDETERMINED_RELAXED_FRAGILE,round2:no model witness; relaxation varies,0.5,2.786659791809143e-14,RECOVERABLE,0.0,1,False,True,UNDECIDED_GT
n3_s02592_d0,n3,279470901,3,MNAR_other,False,acyclic,True,8,"['mean', 0]",,RECOVERABLE,formula:anchor_direct,,,RECOVERABLE,0.0,1,False,True,True
n3_s02592_d0,n3,279470901,3,MNAR_other,False,acyclic,True,8,"['mean', 1]",0.30323980891487434,UNDETERMINED_RELAXED_FRAGILE,round2:no model witness; relaxation varies,0.5,2.1094237467877974e-15,RECOVERABLE,0.0,1,False,True,UNDECIDED_GT
n3_s02625_d0,n3,282770901,3,MNAR_self,True,acyclic,True,8,"['mean', 0]",0.2557209408305692,UNDETERMINED_RELAXED_FRAGILE,round2:no model witness; relaxation varies,0.5,9.43689570931383e-16,RECOVERABLE,0.0,1,False,True,UNDECIDED_GT
n3_s02625_d0,n3,282770901,3,MNAR_self,True,acyclic,True,8,"['mean', 1]",,RECOVERABLE,formula:anchor_direct,,,RECOVERABLE,0.0,1,False,True,True
n3_s02659_d0,n3,286170901,3,MNAR_self,True,acyclic,True,8,"['mean', 0]",0.40887266741779393,UNDETERMINED_RELAXED_FRAGILE,round2:no model witness; relaxation varies,0.5,5.051514762044462e-15,RECOVERABLE,0.0,1,False,True,UNDECIDED_GT
n3_s02659_d0,n3,286170901,3,MNAR_self,True,acyclic,True,8,"['mean', 1]",0.7101110200509821,UNDETERMINED_RELAXED_FRAGILE,round2:no model witness; relaxation varies,0.5,6.661338147750939e-16,RECOVERABLE,0.0,1,False,True,UNDECIDED_GT
n3_s02681_d0,n3,288370901,3,MNAR_self,True,acyclic,True,8,"['mean', 0]",0.7352221334794999,UNDETERMINED_RELAXED_FRAGILE,round2:no model witness; relaxation varies,0.5,8.881784197001252e-16,RECOVERABLE,6.661338147750939e-16,12,False,True,UNDECIDED_GT
n3_s02681_d0,n3,288370901,3,MNAR_self,True,acyclic,True,8,"['mean', 1]",0.34344100529825694,UNRECOVERABLE,model_witness(rootjump) dphi=0.1553 dist=1.1e-16,0.5,0.15531669339744947,UNRECOVERABLE,0.1984615476126954,12,False,True,True
n3_s02716_d0,n3,291870901,3,MNAR_self,True,acyclic,True,8,"['mean', 0]",0.5184074990361662,UNDETERMINED_RELAXED_FRAGILE,round2:no model witness; relaxation varies,0.49999999999999994,1.7319479184152442e-14,RECOVERABLE,0.0,1,False,True,UNDECIDED_GT
n3_s02716_d0,n3,291870901,3,MNAR_self,True,acyclic,True,8,"['mean', 1]",0.6424584746803904,UNDETERMINED_RELAXED_FRAGILE,round2:no model witness; relaxation varies,0.5,2.3880897259687117e-13,RECOVERABLE,0.0,1,False,True,UNDECIDED_GT
n3_s02737_d0,n3,293970901,3,MNAR_self,True,acyclic,True,8,"['mean', 0]",0.5039568108688373,UNDETERMINED_RELAXED_FRAGILE,round2:no model witness; relaxation varies,0.5,4.440892098500626e-16,RECOVERABLE,0.0,1,False,True,UNDECIDED_GT
n3_s02737_d0,n3,293970901,3,MNAR_self,True,acyclic,True,8,"['mean', 1]",0.3481482637412851,UNDETERMINED_RELAXED_FRAGILE,round2:no model witness; relaxation varies,0.5,1.4710455076283324e-14,RECOVERABLE,0.0,1,False,True,UNDECIDED_GT
n3_s02763_d0,n3,296570901,3,MNAR_self,True,acyclic,True,8,"['mean', 0]",0.5640760005178642,UNDETERMINED_RELAXED_FRAGILE,round2:no model witness; relaxation varies,0.5,3.774758283725532e-15,RECOVERABLE,0.0,1,False,True,UNDECIDED_GT
n3_s02763_d0,n3,296570901,3,MNAR_self,True,acyclic,True,8,"['mean', 1]",0.3620612658382678,UNDETERMINED_RELAXED_FRAGILE,round2:no model witness; relaxation varies,0.5,1.0547118733938987e-15,RECOVERABLE,0.0,1,False,True,UNDECIDED_GT
n3_s02784_d0,n3,298670901,3,MNAR_self,True,acyclic,True,8,"['mean', 0]",0.3406789714409708,UNDETERMINED_RELAXED_FRAGILE,round2:no model witness; relaxation varies,0.5,2.148281552649678e-14,RECOVERABLE,0.0,1,False,True,UNDECIDED_GT
n3_s02784_d0,n3,298670901,3,MNAR_self,True,acyclic,True,8,"['mean', 1]",0.3644680445684315,UNDETERMINED_RELAXED_FRAGILE,round2:no model witness; relaxation varies,0.5,4.718447854656915e-15,RECOVERABLE,0.0,1,False,True,UNDECIDED_GT
n3_s02797_d0,n3,299970901,3,MNAR_self,True,acyclic,True,8,"['mean', 0]",0.33208509081558546,UNDETERMINED_RELAXED_FRAGILE,round2:no model witness; relaxation varies,0.5000000000000001,5.440092820663267e-15,RECOVERABLE,0.0,1,False,True,UNDECIDED_GT
n3_s02797_d0,n3,299970901,3,MNAR_self,True,acyclic,True,8,"['mean', 1]",0.5753713858292232,UNDETERMINED_RELAXED_FRAGILE,round2:no model witness; relaxation varies,0.5,5.551115123125783e-16,RECOVERABLE,0.0,1,False,True,UNDECIDED_GT
n3_s02818_d0,n3,302070901,3,MNAR_other,False,acyclic,True,8,"['mean', 0]",0.7072466675931915,UNDETERMINED_RELAXED_FRAGILE,round2:no model witness; relaxation varies,0.5,1.4432899320127035e-15,RECOVERABLE,0.0,1,False,True,UNDECIDED_GT
n3_s02818_d0,n3,302070901,3,MNAR_other,False,acyclic,True,8,"['mean', 1]",,RECOVERABLE,formula:anchor_direct,,,RECOVERABLE,0.0,1,False,True,True
n3_s02843_d0,n3,304570901,3,MNAR_self,True,acyclic,True,8,"['mean', 0]",0.19666354935449062,UNDETERMINED_RELAXED_FRAGILE,round2:no model witness; relaxation varies,0.5,3.885780586188048e-16,RECOVERABLE,0.0,1,False,True,UNDECIDED_GT
n3_s02843_d0,n3,304570901,3,MNAR_self,True,acyclic,True,8,"['mean', 1]",0.5857085938993603,UNDETERMINED_RELAXED_FRAGILE,round2:no model witness; relaxation varies,0.5,3.630429290524262e-14,RECOVERABLE,0.0,1,False,True,UNDECIDED_GT
n3_s02874_d0,n3,307670901,3,MNAR_self,True,acyclic,True,8,"['mean', 0]",0.3439444167022248,UNDETERMINED_RELAXED_FRAGILE,round2:no model witness; relaxation varies,0.5,6.106226635438361e-16,RECOVERABLE,0.0,1,False,True,UNDECIDED_GT
n3_s02874_d0,n3,307670901,3,MNAR_self,True,acyclic,True,8,"['mean', 1]",0.6152923585513417,UNDETERMINED_RELAXED_FRAGILE,round2:no model witness; relaxation varies,0.5,1.5443202272535927e-13,RECOVERABLE,0.0,1,False,True,UNDECIDED_GT
n3_s02889_d0,n3,309170901,3,MNAR_self,True,acyclic,True,8,"['mean', 0]",0.7228878211007466,UNDETERMINED_RELAXED_FRAGILE,round2:no model witness; relaxation varies,0.5,2.886579864025407e-15,RECOVERABLE,0.0,1,False,True,UNDECIDED_GT
n3_s02889_d0,n3,309170901,3,MNAR_self,True,acyclic,True,8,"['mean', 1]",0.30211694423701146,UNDETERMINED_RELAXED_FRAGILE,round2:no model witness; relaxation varies,0.5,3.552713678800501e-15,RECOVERABLE,0.0,1,False,True,UNDECIDED_GT
n3_s02915_d0,n3,311770901,3,MNAR_self,True,acyclic,True,8,"['mean', 0]",0.34846489727173785,UNDETERMINED_RELAXED_FRAGILE,round2:no model witness; relaxation varies,0.5000000000000001,3.83026943495679e-15,RECOVERABLE,0.0,1,False,True,UNDECIDED_GT
n3_s02915_d0,n3,311770901,3,MNAR_self,True,acyclic,True,8,"['mean', 1]",0.47240988190326105,UNDETERMINED_RELAXED_FRAGILE,round2:no model witness; relaxation varies,0.5,4.996003610813204e-16,RECOVERABLE,0.0,1,False,True,UNDECIDED_GT
n3_s02935_d0,n3,313770901,3,MNAR_self,True,acyclic,True,8,"['mean', 0]",0.4686716863271895,UNDETERMINED_RELAXED_FRAGILE,round2:no model witness; relaxation varies,0.5,1.887379141862766e-15,RECOVERABLE,0.0,1,False,True,UNDECIDED_GT
n3_s02935_d0,n3,313770901,3,MNAR_self,True,acyclic,True,8,"['mean', 1]",0.5606934679287288,UNDETERMINED_RELAXED_FRAGILE,round2:no model witness; relaxation varies,0.5,9.880984919163893e-15,RECOVERABLE,0.0,1,False,True,UNDECIDED_GT
n3_s02972_d0,n3,317470901,3,MNAR_self,True,acyclic,True,8,"['mean', 0]",0.3306424228231401,UNDETERMINED_RELAXED_FRAGILE,round2:no model witness; relaxation varies,0.5,8.881784197001252e-16,RECOVERABLE,0.0,1,False,True,UNDECIDED_GT
n3_s02972_d0,n3,317470901,3,MNAR_self,True,acyclic,True,8,"['mean', 1]",0.6885618331835115,UNDETERMINED_RELAXED_FRAGILE,round2:no model witness; relaxation varies,0.5,1.27675647831893e-14,RECOVERABLE,0.0,1,False,True,UNDECIDED_GT
n3_s02995_d0,n3,319770901,3,MNAR_self,True,acyclic,True,8,"['mean', 0]",0.8125457495028299,UNDETERMINED_RELAXED_FRAGILE,round2:no model witness; relaxation varies,0.5,2.55351295663786e-15,RECOVERABLE,0.0,1,False,True,UNDECIDED_GT
n3_s02995_d0,n3,319770901,3,MNAR_self,True,acyclic,True,8,"['mean', 1]",0.46819104305772064,UNDETERMINED_RELAXED_FRAGILE,round2:no model witness; relaxation varies,0.5,1.3655743202889425e-14,RECOVERABLE,0.0,1,False,True,UNDECIDED_GT
n3_s03018_d0,n3,322070901,3,MNAR_self,True,acyclic,True,8,"['mean', 0]",0.3277464891589844,UNDETERMINED_RELAXED_FRAGILE,round2:no model witness; relaxation varies,0.5000000000000001,2.8699265186560297e-14,RECOVERABLE,0.0,1,False,True,UNDECIDED_GT
n3_s03018_d0,n3,322070901,3,MNAR_self,True,acyclic,True,8,"['mean', 1]",0.32259552327219143,UNDETERMINED_RELAXED_FRAGILE,round2:no model witness; relaxation varies,0.5,1.9317880628477724e-14,RECOVERABLE,0.0,1,False,True,UNDECIDED_GT
n3_s03035_d0,n3,323770901,3,MNAR_self,True,acyclic,True,8,"['mean', 0]",0.4472433056913315,UNDETERMINED_RELAXED_FRAGILE,round2:no model witness; relaxation varies,0.5,1.197930643570544e-13,RECOVERABLE,0.0,1,False,True,UNDECIDED_GT
n3_s03035_d0,n3,323770901,3,MNAR_self,True,acyclic,True,8,"['mean', 1]",0.5328204032164409,UNDETERMINED_RELAXED_FRAGILE,round2:no model witness; relaxation varies,0.5,8.426592756904938e-13,RECOVERABLE,0.0,1,False,True,UNDECIDED_GT
n3_s03076_d0,n3,327870901,3,MNAR_self,True,acyclic,True,8,"['mean', 0]",,RECOVERABLE,formula:anchor_direct,,,RECOVERABLE,0.0,1,False,True,True
n3_s03076_d0,n3,327870901,3,MNAR_self,True,acyclic,True,8,"['mean', 1]",,RECOVERABLE,formula:anchor_direct,,,RECOVERABLE,0.0,1,False,True,True
n3_s03099_d0,n3,330170901,3,MNAR_self,True,acyclic,True,8,"['mean', 0]",,RECOVERABLE,formula:anchor_direct,,,RECOVERABLE,0.0,1,False,True,True
n3_s03099_d0,n3,330170901,3,MNAR_self,True,acyclic,True,8,"['mean', 1]",0.4449482932708625,UNDETERMINED_RELAXED_FRAGILE,round2:no model witness; relaxation varies,0.5,3.6637359812630166e-15,RECOVERABLE,0.0,1,False,True,UNDECIDED_GT
n3_s03128_d0,n3,333070901,3,MNAR_self,True,acyclic,True,8,"['mean', 0]",,RECOVERABLE,formula:anchor_direct,,,RECOVERABLE,5.551115123125783e-17,12,False,True,True
n3_s03128_d0,n3,333070901,3,MNAR_self,True,acyclic,True,8,"['mean', 1]",0.3968155382196585,UNRECOVERABLE,model_witness(rootjump) dphi=0.2113 dist=2.2e-16,0.5,0.21132996875773952,UNRECOVERABLE,0.3361710706324019,12,False,True,True
n3_s03150_d0,n3,335270901,3,MNAR_self,True,acyclic,True,8,"['mean', 0]",0.5423563317299812,UNDETERMINED_RELAXED_FRAGILE,round2:no model witness; relaxation varies,0.5,1.3988810110276972e-14,RECOVERABLE,2.7755575615628914e-15,12,False,True,UNDECIDED_GT
n3_s03150_d0,n3,335270901,3,MNAR_self,True,acyclic,True,8,"['mean', 1]",0.6304381970040567,UNDETERMINED_RELAXED_FRAGILE,round2:no model witness; relaxation varies,0.5,3.3306690738754696e-16,RECOVERABLE,1.1102230246251565e-16,12,False,True,UNDECIDED_GT
n3_s03162_d0,n3,336470901,3,MNAR_self,True,acyclic,True,8,"['mean', 0]",0.2944541049341832,UNDETERMINED_RELAXED_FRAGILE,round2:no model witness; relaxation varies,0.5,9.547918011776346e-15,RECOVERABLE,0.0,1,False,True,UNDECIDED_GT
n3_s03162_d0,n3,336470901,3,MNAR_self,True,acyclic,True,8,"['mean', 1]",0.49907465017396985,UNDETERMINED_RELAXED_FRAGILE,round2:no model witness; relaxation varies,0.5,5.828670879282072e-15,RECOVERABLE,0.0,1,False,True,UNDECIDED_GT
n3_s03184_d0,n3,338670901,3,MNAR_self,True,acyclic,True,8,"['mean', 0]",0.32438217244211165,UNDETERMINED_RELAXED_FRAGILE,round2:no model witness; relaxation varies,0.5,1.1574075031717257e-13,RECOVERABLE,0.0,1,False,True,UNDECIDED_GT
n3_s03184_d0,n3,338670901,3,MNAR_self,True,acyclic,True,8,"['mean', 1]",0.23914612086030107,UNDETERMINED_RELAXED_FRAGILE,round2:no model witness; relaxation varies,0.5,6.281086761816823e-14,RECOVERABLE,0.0,1,False,True,UNDECIDED_GT
n3_s03207_d0,n3,340970901,3,MNAR_self,True,acyclic,True,8,"['mean', 0]",0.317848833634819,UNDETERMINED_RELAXED_FRAGILE,round2:no model witness; relaxation varies,0.5000000000000001,2.55351295663786e-15,RECOVERABLE,6.661338147750939e-16,12,False,True,UNDECIDED_GT
n3_s03207_d0,n3,340970901,3,MNAR_self,True,acyclic,True,8,"['mean', 1]",,RECOVERABLE,formula:anchor_direct,,,RECOVERABLE,3.885780586188048e-16,12,False,True,True
n3_s03225_d0,n3,342770901,3,MNAR_self,True,acyclic,True,8,"['mean', 0]",0.17634558393403033,UNDETERMINED_RELAXED_FRAGILE,round2:no model witness; relaxation varies,0.5,1.609823385706477e-15,RECOVERABLE,0.0,1,False,True,UNDECIDED_GT
n3_s03225_d0,n3,342770901,3,MNAR_self,True,acyclic,True,8,"['mean', 1]",0.5142032648768835,UNDETERMINED_RELAXED_FRAGILE,round2:no model witness; relaxation varies,0.5,5.329070518200751e-15,RECOVERABLE,0.0,1,False,True,UNDECIDED_GT
n3_s03251_d0,n3,345370901,3,MNAR_self,True,acyclic,True,8,"['mean', 0]",0.7479559694215996,UNDETERMINED_RELAXED_FRAGILE,round2:no model witness; relaxation varies,0.5,4.440892098500626e-16,RECOVERABLE,0.0,1,False,True,UNDECIDED_GT
n3_s03251_d0,n3,345370901,3,MNAR_self,True,acyclic,True,8,"['mean', 1]",0.6987259334233635,UNDETERMINED_RELAXED_FRAGILE,round2:no model witness; relaxation varies,0.5,6.439293542825908e-15,RECOVERABLE,0.0,1,False,True,UNDECIDED_GT
n3_s03272_d0,n3,347470901,3,MNAR_self,True,acyclic,True,8,"['mean', 0]",0.22214375564507047,UNDETERMINED_RELAXED_FRAGILE,round2:no model witness; relaxation varies,0.5,6.888933867799096e-14,RECOVERABLE,0.0,1,False,True,UNDECIDED_GT
n3_s03272_d0,n3,347470901,3,MNAR_self,True,acyclic,True,8,"['mean', 1]",0.5044949492313133,UNDETERMINED_RELAXED_FRAGILE,round2:no model witness; relaxation varies,0.5,4.440892098500626e-16,RECOVERABLE,0.0,1,False,True,UNDECIDED_GT
n3_s03294_d0,n3,349670901,3,MNAR_self,True,acyclic,True,8,"['mean', 0]",0.5202887933754213,UNDETERMINED_RELAXED_FRAGILE,round2:no model witness; relaxation varies,0.5000000000000001,1.1013412404281553e-13,RECOVERABLE,3.6637359812630166e-15,12,False,True,UNDECIDED_GT
n3_s03294_d0,n3,349670901,3,MNAR_self,True,acyclic,True,8,"['mean', 1]",0.5674561983192792,UNDETERMINED_RELAXED_FRAGILE,round2:no model witness; relaxation varies,0.5,2.4424906541753444e-15,RECOVERABLE,1.1102230246251565e-16,12,False,True,UNDECIDED_GT
n3_s03318_d0,n3,352070901,3,MNAR_self,True,acyclic,True,8,"['mean', 0]",0.3639196635942462,UNRECOVERABLE,model_witness(rootjump) dphi=0.1410 dist=2.2e-16,0.5,0.14102883674444164,UNRECOVERABLE,0.18952492571907864,12,False,True,True
n3_s03318_d0,n3,352070901,3,MNAR_self,True,acyclic,True,8,"['mean', 1]",0.6206618516594488,UNDETERMINED_RELAXED_FRAGILE,round2:no model witness; relaxation varies,0.5,2.986499936241671e-14,RECOVERABLE,9.880984919163893e-15,12,False,True,UNDECIDED_GT
n3_s03340_d0,n3,354270901,3,MNAR_self,True,acyclic,True,8,"['mean', 0]",0.2640670492896434,UNDETERMINED_RELAXED_FRAGILE,round2:no model witness; relaxation varies,0.5000000000000001,4.440892098500626e-16,RECOVERABLE,0.0,1,False,True,UNDECIDED_GT
n3_s03340_d0,n3,354270901,3,MNAR_self,True,acyclic,True,8,"['mean', 1]",0.3527593764596444,UNDETERMINED_RELAXED_FRAGILE,round2:no model witness; relaxation varies,0.5,1.1102230246251565e-15,RECOVERABLE,0.0,1,False,True,UNDECIDED_GT
n3_s03363_d0,n3,356570901,3,MNAR_other,False,acyclic,True,8,"['mean', 0]",0.2322815223275465,UNDETERMINED_RELAXED_FRAGILE,round2:no model witness; relaxation varies,0.5,5.551115123125783e-16,RECOVERABLE,0.0,1,False,True,UNDECIDED_GT
n3_s03363_d0,n3,356570901,3,MNAR_other,False,acyclic,True,8,"['mean', 1]",0.6093404822831925,UNDETERMINED_RELAXED_FRAGILE,round2:no model witness; relaxation varies,0.5,6.661338147750939e-16,RECOVERABLE,0.0,1,False,True,UNDECIDED_GT
n3_s03388_d0,n3,359070901,3,MNAR_self,True,acyclic,True,8,"['mean', 0]",0.3442628092375323,UNDETERMINED_RELAXED_FRAGILE,round2:no model witness; relaxation varies,0.5,9.43689570931383e-16,RECOVERABLE,6.106226635438361e-16,12,False,True,UNDECIDED_GT
n3_s03388_d0,n3,359070901,3,MNAR_self,True,acyclic,True,8,"['mean', 1]",0.4593365725063183,UNRECOVERABLE,model_witness(rootjump) dphi=0.1534 dist=1.1e-16,0.5,0.15344925433357137,UNRECOVERABLE,0.2654564584843749,12,False,True,True
n3_s03401_d0,n3,360370901,3,MNAR_self,True,acyclic,True,8,"['mean', 0]",0.5340438313064473,UNDETERMINED_RELAXED_FRAGILE,round2:no model witness; relaxation varies,0.5,1.199040866595169e-14,RECOVERABLE,0.0,1,False,True,UNDECIDED_GT
n3_s03401_d0,n3,360370901,3,MNAR_self,True,acyclic,True,8,"['mean', 1]",0.7013575545031101,UNDETERMINED_RELAXED_FRAGILE,round2:no model witness; relaxation varies,0.5,1.1102230246251565e-15,RECOVERABLE,0.0,1,False,True,UNDECIDED_GT
n3_s03428_d0,n3,363070901,3,MNAR_self,True,acyclic,True,8,"['mean', 0]",0.4093743457549477,UNDETERMINED_RELAXED_FRAGILE,round2:no model witness; relaxation varies,0.5,4.052314039881821e-15,RECOVERABLE,0.0,1,False,True,UNDECIDED_GT
n3_s03428_d0,n3,363070901,3,MNAR_self,True,acyclic,True,8,"['mean', 1]",0.3503678095756566,UNDETERMINED_RELAXED_FRAGILE,round2:no model witness; relaxation varies,0.5,1.4988010832439613e-15,RECOVERABLE,0.0,1,False,True,UNDECIDED_GT
n3_s03441_d0,n3,364370901,3,MNAR_self,True,acyclic,True,8,"['mean', 0]",0.5514269000900625,UNDETERMINED_RELAXED_FRAGILE,round2:no model witness; relaxation varies,0.5,6.661338147750939e-15,RECOVERABLE,0.0,1,False,True,UNDECIDED_GT
n3_s03441_d0,n3,364370901,3,MNAR_self,True,acyclic,True,8,"['mean', 1]",0.6152959396062794,UNDETERMINED_RELAXED_FRAGILE,round2:no model witness; relaxation varies,0.5,6.5503158452884236e-15,RECOVERABLE,0.0,1,False,True,UNDECIDED_GT
n3_s03457_d0,n3,365970901,3,MNAR_other,False,acyclic,True,8,"['mean', 0]",0.345774397526935,UNDETERMINED_RELAXED_FRAGILE,round2:no model witness; relaxation varies,0.49999999999999994,7.216449660063518e-16,RECOVERABLE,0.0,1,False,True,UNDECIDED_GT
n3_s03457_d0,n3,365970901,3,MNAR_other,False,acyclic,True,8,"['mean', 1]",,RECOVERABLE,formula:anchor_direct,,,RECOVERABLE,0.0,1,False,True,True
n3_s03487_d0,n3,368970901,3,MNAR_self,True,acyclic,True,8,"['mean', 0]",0.3269428843047737,UNDETERMINED_RELAXED_FRAGILE,round2:no model witness; relaxation varies,0.5,1.5543122344752192e-15,RECOVERABLE,0.0,1,False,True,UNDECIDED_GT
n3_s03487_d0,n3,368970901,3,MNAR_self,True,acyclic,True,8,"['mean', 1]",0.5723420343187938,UNDETERMINED_RELAXED_FRAGILE,round2:no model witness; relaxation varies,0.5,5.551115123125783e-16,RECOVERABLE,0.0,1,False,True,UNDECIDED_GT
n3_s03510_d0,n3,371270901,3,MNAR_self,True,acyclic,True,8,"['mean', 0]",0.6296878109238107,UNDETERMINED_RELAXED_FRAGILE,round2:no model witness; relaxation varies,0.5,2.220446049250313e-16,RECOVERABLE,0.0,1,False,True,UNDECIDED_GT
n3_s03510_d0,n3,371270901,3,MNAR_self,True,acyclic,True,8,"['mean', 1]",0.3508187876727553,UNDETERMINED_RELAXED_FRAGILE,round2:no model witness; relaxation varies,0.5,5.551115123125783e-16,RECOVERABLE,0.0,1,False,True,UNDECIDED_GT
n3_s03524_d0,n3,372670901,3,MNAR_self,True,acyclic,True,8,"['mean', 0]",0.23452423727433952,UNRECOVERABLE,model_witness(rootjump) dphi=0.2085 dist=2.2e-16,0.5,0.2084971740651525,UNRECOVERABLE,0.16214488152439654,12,False,True,True
n3_s03524_d0,n3,372670901,3,MNAR_self,True,acyclic,True,8,"['mean', 1]",,RECOVERABLE,formula:anchor_direct,,,RECOVERABLE,3.885780586188048e-16,12,False,True,True
n3_s03537_d0,n3,373970901,3,MNAR_self,True,acyclic,True,8,"['mean', 0]",0.2879247408047794,UNDETERMINED_RELAXED_FRAGILE,round2:no model witness; relaxation varies,0.5,5.229150445984487e-14,RECOVERABLE,0.0,1,False,True,UNDECIDED_GT
n3_s03537_d0,n3,373970901,3,MNAR_self,True,acyclic,True,8,"['mean', 1]",0.3975607386903995,UNDETERMINED_RELAXED_FRAGILE,round2:no model witness; relaxation varies,0.5,4.996003610813204e-16,RECOVERABLE,0.0,1,False,True,UNDECIDED_GT
n3_s03556_d0,n3,375870901,3,MNAR_self,True,acyclic,True,8,"['mean', 0]",0.2912302817223004,UNRECOVERABLE,model_witness(rootjump) dphi=0.1380 dist=1.1e-16,0.5,0.13800718457010452,UNRECOVERABLE,0.21243788935384517,12,False,True,True
n3_s03556_d0,n3,375870901,3,MNAR_self,True,acyclic,True,8,"['mean', 1]",0.24688834416910896,UNDETERMINED_RELAXED_FRAGILE,round2:no model witness; relaxation varies,0.5,6.38378239159465e-16,RECOVERABLE,8.326672684688674e-17,12,False,True,UNDECIDED_GT
n3_s03584_d0,n3,378670901,3,MCAR,False,acyclic,True,8,"['mean', 0]",,RECOVERABLE,formula:direct_full_pattern,,,RECOVERABLE,0.0,1,False,False,True
n3_s03584_d0,n3,378670901,3,MCAR,False,acyclic,True,8,"['mean', 1]",,RECOVERABLE,formula:direct_full_pattern,,,RECOVERABLE,0.0,1,False,False,True
n3_s03605_d0,n3,380770901,3,MNAR_self,True,acyclic,True,8,"['mean', 0]",,RECOVERABLE,formula:anchor_direct,,,RECOVERABLE,0.0,1,False,True,True
n3_s03605_d0,n3,380770901,3,MNAR_self,True,acyclic,True,8,"['mean', 1]",0.7212356458700617,UNDETERMINED_RELAXED_FRAGILE,round2:no model witness; relaxation varies,0.5,1.9984014443252818e-15,RECOVERABLE,0.0,1,False,True,UNDECIDED_GT
n3_s03636_d0,n3,383870901,3,MNAR_self,True,acyclic,True,8,"['mean', 0]",,RECOVERABLE,formula:anchor_direct,,,RECOVERABLE,0.0,1,False,True,True
n3_s03636_d0,n3,383870901,3,MNAR_self,True,acyclic,True,8,"['mean', 1]",0.4167924055900742,UNDETERMINED_RELAXED_FRAGILE,round2:no model witness; relaxation varies,0.5,9.603429163007604e-15,RECOVERABLE,0.0,1,False,True,UNDECIDED_GT
n3_s03663_d0,n3,386570901,3,MNAR_self,True,acyclic,True,8,"['mean', 0]",0.6177240844568651,UNDETERMINED_RELAXED_FRAGILE,round2:no model witness; relaxation varies,0.5,2.6645352591003757e-15,RECOVERABLE,1.4432899320127035e-15,12,False,True,UNDECIDED_GT
n3_s03663_d0,n3,386570901,3,MNAR_self,True,acyclic,True,8,"['mean', 1]",0.5205703362817631,UNDETERMINED_RELAXED_FRAGILE,round2:no model witness; relaxation varies,0.5,1.5543122344752192e-15,RECOVERABLE,8.881784197001252e-16,12,False,True,UNDECIDED_GT
n3_s03683_d0,n3,388570901,3,MNAR_self,True,acyclic,True,8,"['mean', 0]",0.5170489355648803,UNDETERMINED_RELAXED_FRAGILE,round2:no model witness; relaxation varies,0.5,1.787459069646502e-14,RECOVERABLE,0.0,1,False,True,UNDECIDED_GT
n3_s03683_d0,n3,388570901,3,MNAR_self,True,acyclic,True,8,"['mean', 1]",0.37748131285559766,UNDETERMINED_RELAXED_FRAGILE,round2:no model witness; relaxation varies,0.5,2.7200464103316335e-15,RECOVERABLE,0.0,1,False,True,UNDECIDED_GT
n3_s03712_d0,n3,391470901,3,MNAR_other,False,acyclic,True,8,"['mean', 0]",0.33017866079780034,UNDETERMINED_RELAXED_FRAGILE,round2:no model witness; relaxation varies,0.49999999999999994,7.216449660063518e-16,RECOVERABLE,0.0,1,False,True,UNDECIDED_GT
n3_s03712_d0,n3,391470901,3,MNAR_other,False,acyclic,True,8,"['mean', 1]",,RECOVERABLE,formula:anchor_direct,,,RECOVERABLE,0.0,1,False,True,True
n3_s03732_d0,n3,393470901,3,MNAR_self,True,acyclic,True,8,"['mean', 0]",0.6692800431972235,UNDETERMINED_RELAXED_FRAGILE,round2:no model witness; relaxation varies,0.5,4.440892098500626e-16,RECOVERABLE,0.0,1,False,True,UNDECIDED_GT
n3_s03732_d0,n3,393470901,3,MNAR_self,True,acyclic,True,8,"['mean', 1]",0.2866831957511672,UNDETERMINED_RELAXED_FRAGILE,round2:no model witness; relaxation varies,0.5,2.7200464103316335e-15,RECOVERABLE,0.0,1,False,True,UNDECIDED_GT
n3_s03759_d0,n3,396170901,3,MNAR_self,True,acyclic,True,8,"['mean', 0]",0.5309928227654515,UNDETERMINED_RELAXED_FRAGILE,round2:no model witness; relaxation varies,0.5,4.609500637631214e-06,UNRECOVERABLE,7.070578732060184e-06,12,False,True,UNDECIDED_GT
n3_s03759_d0,n3,396170901,3,MNAR_self,True,acyclic,True,8,"['mean', 1]",0.6448076672484384,UNDETERMINED_RELAXED_FRAGILE,round2:no model witness; relaxation varies,0.5,8.106402327179296e-09,RECOVERABLE,1.4432899320127035e-15,12,False,True,UNDECIDED_GT
n3_s03773_d0,n3,397570901,3,MNAR_self,True,acyclic,True,8,"['mean', 0]",0.8291822942350611,UNRECOVERABLE,model_witness(rootjump) dphi=0.0012 dist=2.2e-16,0.5,0.0011843793149011184,UNRECOVERABLE,0.0018043599700713342,12,False,True,True
n3_s03773_d0,n3,397570901,3,MNAR_self,True,acyclic,True,8,"['mean', 1]",0.256457326655032,UNDETERMINED_RELAXED_FRAGILE,round2:no model witness; relaxation varies,0.5,3.3306690738754696e-16,RECOVERABLE,2.7755575615628914e-16,12,False,True,UNDECIDED_GT
n3_s03798_d0,n3,400070901,3,MNAR_self,True,acyclic,True,8,"['mean', 0]",0.4842696230311948,UNDETERMINED_RELAXED_FRAGILE,round2:no model witness; relaxation varies,0.5,9.758860386455126e-14,RECOVERABLE,0.0,1,False,True,UNDECIDED_GT
n3_s03798_d0,n3,400070901,3,MNAR_self,True,acyclic,True,8,"['mean', 1]",0.454203884156413,UNDETERMINED_RELAXED_FRAGILE,round2:no model witness; relaxation varies,0.5,3.3306690738754696e-16,RECOVERABLE,0.0,1,False,True,UNDECIDED_GT
n3_s03822_d0,n3,402470901,3,MNAR_self,True,acyclic,True,8,"['mean', 0]",0.4510273518736174,UNDETERMINED_RELAXED_FRAGILE,round2:no model witness; relaxation varies,0.5,1.454392162258955e-14,RECOVERABLE,0.0,1,False,True,UNDECIDED_GT
n3_s03822_d0,n3,402470901,3,MNAR_self,True,acyclic,True,8,"['mean', 1]",0.48806873218457764,UNDETERMINED_RELAXED_FRAGILE,round2:no model witness; relaxation varies,0.5,2.958744360626042e-14,RECOVERABLE,0.0,1,False,True,UNDECIDED_GT
n3_s03839_d0,n3,404170901,3,MNAR_self,True,acyclic,True,8,"['mean', 0]",0.8136130850834,UNRECOVERABLE,model_witness(rootjump) dphi=0.0077 dist=1.1e-16,0.5,0.007705773038831798,UNRECOVERABLE,0.007714352748425357,12,False,True,True
n3_s03839_d0,n3,404170901,3,MNAR_self,True,acyclic,True,8,"['mean', 1]",0.6694073838674033,UNRECOVERABLE,model_witness(rootjump) dphi=0.0600 dist=1.1e-16,0.5,0.059963669821434085,UNRECOVERABLE,0.06003043416430032,12,False,True,True
n3_s03858_d0,n3,406070901,3,MNAR_self,True,acyclic,True,8,"['mean', 0]",0.40443749925266614,UNDETERMINED_RELAXED_FRAGILE,round2:no model witness; relaxation varies,0.5,1.1102230246251565e-15,RECOVERABLE,0.0,1,False,True,UNDECIDED_GT
n3_s03858_d0,n3,406070901,3,MNAR_self,True,acyclic,True,8,"['mean', 1]",0.5222558895765167,UNDETERMINED_RELAXED_FRAGILE,round2:no model witness; relaxation varies,0.5,1.2989609388114332e-14,RECOVERABLE,0.0,1,False,True,UNDECIDED_GT
n3_s03886_d0,n3,408870901,3,MNAR_self,True,acyclic,True,8,"['mean', 0]",0.47008774577390644,UNDETERMINED_RELAXED_FRAGILE,round2:no model witness; relaxation varies,0.5,1.4988010832439613e-15,RECOVERABLE,0.0,1,False,True,UNDECIDED_GT
n3_s03886_d0,n3,408870901,3,MNAR_self,True,acyclic,True,8,"['mean', 1]",0.8019397434609342,UNDETERMINED_RELAXED_FRAGILE,round2:no model witness; relaxation varies,0.5,4.551914400963142e-15,RECOVERABLE,0.0,1,False,True,UNDECIDED_GT
n3_s03906_d0,n3,410870901,3,MNAR_self,True,acyclic,True,8,"['mean', 0]",0.3545536825429054,UNDETERMINED_RELAXED_FRAGILE,round2:no model witness; relaxation varies,0.4999999999999999,1.9262369477246466e-14,RECOVERABLE,0.0,1,False,True,UNDECIDED_GT
n3_s03906_d0,n3,410870901,3,MNAR_self,True,acyclic,True,8,"['mean', 1]",,RECOVERABLE,formula:anchor_direct,,,RECOVERABLE,0.0,1,False,True,True
n3_s03922_d0,n3,412470901,3,MNAR_self,True,acyclic,True,8,"['mean', 0]",0.7131464541949194,UNDETERMINED_RELAXED_FRAGILE,round2:no model witness; relaxation varies,0.5,1.1879386363489175e-14,RECOVERABLE,0.0,1,False,True,UNDECIDED_GT
n3_s03922_d0,n3,412470901,3,MNAR_self,True,acyclic,True,8,"['mean', 1]",0.4324294879182683,UNDETERMINED_RELAXED_FRAGILE,round2:no model witness; relaxation varies,0.5,7.216449660063518e-16,RECOVERABLE,0.0,1,False,True,UNDECIDED_GT
n3_s03936_d0,n3,413870901,3,MNAR_self,True,acyclic,True,8,"['mean', 0]",0.3195641164270675,UNDETERMINED_RELAXED_FRAGILE,round2:no model witness; relaxation varies,0.5,1.3322676295501878e-14,RECOVERABLE,0.0,1,False,True,UNDECIDED_GT
n3_s03936_d0,n3,413870901,3,MNAR_self,True,acyclic,True,8,"['mean', 1]",0.3680322308342041,UNDETERMINED_RELAXED_FRAGILE,round2:no model witness; relaxation varies,0.5,1.3877787807814457e-15,RECOVERABLE,0.0,1,False,True,UNDECIDED_GT
n3_s03956_d0,n3,415870901,3,MNAR_self,True,acyclic,True,8,"['mean', 0]",0.5765765553044446,UNDETERMINED_RELAXED_FRAGILE,round2:no model witness; relaxation varies,0.5000000000000001,2.6989521728637555e-13,RECOVERABLE,0.0,1,False,True,UNDECIDED_GT
n3_s03956_d0,n3,415870901,3,MNAR_self,True,acyclic,True,8,"['mean', 1]",0.6218096235071708,UNDETERMINED_RELAXED_FRAGILE,round2:no model witness; relaxation varies,0.5,4.008793297316515e-12,RECOVERABLE,0.0,1,False,True,UNDECIDED_GT
n3_s03983_d0,n3,418570901,3,MNAR_self,True,acyclic,True,8,"['mean', 0]",0.48148958979992107,UNDETERMINED_RELAXED_FRAGILE,round2:no model witness; relaxation varies,0.5,4.196643033083092e-14,RECOVERABLE,7.771561172376096e-16,12,False,True,UNDECIDED_GT
n3_s03983_d0,n3,418570901,3,MNAR_self,True,acyclic,True,8,"['mean', 1]",0.3388587702110121,UNRECOVERABLE,model_witness(rootjump) dphi=0.0056 dist=1.1e-16,0.5,0.0055808797696352275,UNRECOVERABLE,0.005727315911342623,12,False,True,True
n3_s03994_d0,n3,419670901,3,MNAR_self,True,acyclic,True,8,"['mean', 0]",0.6832234814361134,UNDETERMINED_RELAXED_FRAGILE,round2:no model witness; relaxation varies,0.5,2.55351295663786e-15,RECOVERABLE,0.0,1,False,True,UNDECIDED_GT
n3_s03994_d0,n3,419670901,3,MNAR_self,True,acyclic,True,8,"['mean', 1]",0.49683607406650154,UNDETERMINED_RELAXED_FRAGILE,round2:no model witness; relaxation varies,0.5,1.9984014443252818e-15,RECOVERABLE,0.0,1,False,True,UNDECIDED_GT
n3_s04020_d0,n3,422270901,3,MNAR_self,True,acyclic,True,8,"['mean', 0]",0.3108341643692907,UNDETERMINED_RELAXED_FRAGILE,round2:no model witness; relaxation varies,0.5,6.661338147750939e-16,RECOVERABLE,0.0,1,False,True,UNDECIDED_GT
n3_s04020_d0,n3,422270901,3,MNAR_self,True,acyclic,True,8,"['mean', 1]",0.36089628656913275,UNDETERMINED_RELAXED_FRAGILE,round2:no model witness; relaxation varies,0.5,1.3433698597964394e-14,RECOVERABLE,0.0,1,False,True,UNDECIDED_GT
n3_s04032_d0,n3,423470901,3,MNAR_self,True,acyclic,True,8,"['mean', 0]",0.3796367002473028,UNRECOVERABLE,model_witness(rootjump) dphi=0.2025 dist=1.1e-16,0.5,0.20251509563883296,UNRECOVERABLE,0.35326478502521935,12,False,True,True
n3_s04032_d0,n3,423470901,3,MNAR_self,True,acyclic,True,8,"['mean', 1]",,RECOVERABLE,formula:anchor_direct,,,RECOVERABLE,1.1102230246251565e-16,12,False,True,True
n3_s04052_d0,n3,425470901,3,MNAR_self,True,acyclic,True,8,"['mean', 0]",0.40574104665834143,UNRECOVERABLE,model_witness(rootjump) dphi=0.2194 dist=1.1e-16,0.49999999999999994,0.21936660271217634,UNRECOVERABLE,0.16200869465458223,12,False,True,True
n3_s04052_d0,n3,425470901,3,MNAR_self,True,acyclic,True,8,"['mean', 1]",0.5527488184132696,UNDETERMINED_RELAXED_FRAGILE,round2:no model witness; relaxation varies,0.5,4.440892098500626e-16,RECOVERABLE,3.3306690738754696e-16,12,False,True,UNDECIDED_GT
n3_s04070_d0,n3,427270901,3,MNAR_self,True,acyclic,True,8,"['mean', 0]",0.7362030375404818,UNRECOVERABLE,model_witness(rootjump) dphi=0.2400 dist=1.7e-16,0.49999999999999994,0.23998395595740402,UNRECOVERABLE,0.25626997611470215,12,False,True,True
n3_s04070_d0,n3,427270901,3,MNAR_self,True,acyclic,True,8,"['mean', 1]",0.527325524467349,UNDETERMINED_RELAXED_FRAGILE,round2:no model witness; relaxation varies,0.5,2.55351295663786e-15,RECOVERABLE,2.220446049250313e-16,12,False,True,UNDECIDED_GT
named_collider_selection_d0,named,20270901,2,MNAR_self,True,acyclic,True,4,"['mean', 0]",,RECOVERABLE,formula:anchor_direct,,,RECOVERABLE,2.1649348980190553e-15,12,False,True,True
named_collider_selection_d0,named,20270901,2,MNAR_self,True,acyclic,True,4,"['mean', 1]",0.6702990616533482,UNRECOVERABLE,model_witness(rootjump) dphi=0.1423 dist=1.1e-16,0.5,0.14234509166488518,UNRECOVERABLE,0.2548792778729352,12,False,True,True
named_mar_textbook_d2,named,20286457,2,MNAR_other,False,acyclic,True,4,"['mean', 0]",,RECOVERABLE,formula:anchor_direct,,,RECOVERABLE,0.0,1,False,True,True
named_mar_textbook_d2,named,20286457,2,MNAR_other,False,acyclic,True,4,"['mean', 1]",0.27623841296132373,UNDETERMINED_RELAXED_FRAGILE,round2:no model witness; relaxation varies,0.5,1.6653345369377348e-15,RECOVERABLE,0.0,1,False,True,UNDECIDED_GT
named_mnar_on_partial_cause_d1,named,20309787,2,MNAR_other,False,acyclic,True,4,"['mean', 0]",,RECOVERABLE,formula:anchor_direct,,,RECOVERABLE,0.0,1,False,True,True
named_mnar_on_partial_cause_d1,named,20309787,2,MNAR_other,False,acyclic,True,4,"['mean', 1]",0.2892844575223103,UNDETERMINED_RELAXED_FRAGILE,round2:no model witness; relaxation varies,0.5,1.3711254354120683e-14,RECOVERABLE,0.0,1,False,True,UNDECIDED_GT
named_self_censor_v2_chain_d0,named,20333117,2,MNAR_self,True,acyclic,True,4,"['mean', 0]",,RECOVERABLE,formula:anchor_direct,,,RECOVERABLE,0.0,1,False,True,True
named_self_censor_v2_chain_d0,named,20333117,2,MNAR_self,True,acyclic,True,4,"['mean', 1]",0.4794360881156987,UNDETERMINED_RELAXED_FRAGILE,round2:no model witness; relaxation varies,0.5,1.3211653993039363e-14,RECOVERABLE,0.0,1,False,True,UNDECIDED_GT
named_three_var_mixed_d2,named,20348673,3,MNAR_self,True,acyclic,True,8,"['mean', 0]",,RECOVERABLE,formula:anchor_direct,,,RECOVERABLE,0.0,1,False,True,True
named_three_var_mixed_d2,named,20348673,3,MNAR_self,True,acyclic,True,8,"['mean', 1]",0.22890433374565425,UNDETERMINED_RELAXED_FRAGILE,round2:no model witness; relaxation varies,0.5,6.744604874597826e-15,RECOVERABLE,0.0,1,False,True,UNDECIDED_GT
n4_r0007_d0,n4,25271118,4,MNAR_other,False,acyclic,True,16,"['mean', 0]",0.43751436900267354,UNDETERMINED_RELAXED_FRAGILE,round2:no model witness; relaxation varies,0.49999999999999994,2.220446049250313e-16,RECOVERABLE,0.0,1,False,True,UNDECIDED_GT
n4_r0007_d0,n4,25271118,4,MNAR_other,False,acyclic,True,16,"['mean', 1]",,RECOVERABLE,formula:anchor_direct,,,RECOVERABLE,0.0,1,False,True,True
n4_r0015_d0,n4,25271366,4,MNAR_self,True,acyclic,True,16,"['mean', 0]",0.3420063259434909,UNDETERMINED_RELAXED_FRAGILE,round2:no model witness; relaxation varies,0.5,5.340172748447003e-14,RECOVERABLE,0.0,1,False,True,UNDECIDED_GT
n4_r0015_d0,n4,25271366,4,MNAR_self,True,acyclic,True,16,"['mean', 1]",0.3325285067457052,UNDETERMINED_RELAXED_FRAGILE,round2:no model witness; relaxation varies,0.5,1.1102230246251565e-16,RECOVERABLE,0.0,1,False,True,UNDECIDED_GT
n4_r0023_d0,n4,25271614,4,MNAR_self,True,acyclic,True,16,"['mean', 0]",0.3743031389740972,UNDETERMINED_RELAXED_FRAGILE,round2:no model witness; relaxation varies,0.5,1.5709655798445965e-14,RECOVERABLE,0.0,1,False,True,UNDECIDED_GT
n4_r0023_d0,n4,25271614,4,MNAR_self,True,acyclic,True,16,"['mean', 1]",0.40092093905902465,UNDETERMINED_RELAXED_FRAGILE,round2:no model witness; relaxation varies,0.5,2.6645352591003757e-15,RECOVERABLE,0.0,1,False,True,UNDECIDED_GT
n4_r0031_d0,n4,25271862,4,MNAR_self,True,acyclic,True,16,"['mean', 0]",0.6627178150367306,UNDETERMINED_RELAXED_FRAGILE,round2:no model witness; relaxation varies,0.5,1.354472090042691e-14,RECOVERABLE,0.0,1,False,True,UNDECIDED_GT
n4_r0031_d0,n4,25271862,4,MNAR_self,True,acyclic,True,16,"['mean', 1]",0.6046999800203918,UNDETERMINED_RELAXED_FRAGILE,round2:no model witness; relaxation varies,0.49999999999999994,3.3306690738754696e-15,RECOVERABLE,0.0,1,False,True,UNDECIDED_GT
n4_r0039_d0,n4,25272110,4,MNAR_self,True,acyclic,True,16,"['mean', 0]",0.525677351325367,UNRECOVERABLE,model_witness(rootjump) dphi=0.1439 dist=2.8e-16,0.5,0.1438900072127146,UNRECOVERABLE,0.2759390885749977,12,False,True,True
n4_r0039_d0,n4,25272110,4,MNAR_self,True,acyclic,True,16,"['mean', 1]",0.30669998339384674,UNDETERMINED_RELAXED_FRAGILE,round2:no model witness; relaxation varies,0.5,2.886579864025407e-15,RECOVERABLE,5.551115123125783e-16,12,False,True,UNDECIDED_GT
n4_r0047_d0,n4,25272358,4,MNAR_self,True,acyclic,True,16,"['mean', 0]",0.7009072060559677,UNDETERMINED_RELAXED_FRAGILE,round2:no model witness; relaxation varies,0.5,2.2315482794965646e-14,RECOVERABLE,0.0,1,False,True,UNDECIDED_GT
n4_r0047_d0,n4,25272358,4,MNAR_self,True,acyclic,True,16,"['mean', 1]",,RECOVERABLE,formula:anchor_direct,,,RECOVERABLE,0.0,1,False,True,True
n4_r0055_d0,n4,25272606,4,MNAR_self,True,acyclic,True,16,"['mean', 0]",0.5222626587572812,UNDETERMINED_RELAXED_FRAGILE,round2:no model witness; relaxation varies,0.5,2.4424906541753444e-15,RECOVERABLE,0.0,1,False,True,UNDECIDED_GT
n4_r0055_d0,n4,25272606,4,MNAR_self,True,acyclic,True,16,"['mean', 1]",0.41917313262305167,UNDETERMINED_RELAXED_FRAGILE,round2:no model witness; relaxation varies,0.5,3.3306690738754696e-16,RECOVERABLE,0.0,1,False,True,UNDECIDED_GT
n4_r0063_d0,n4,25272854,4,MNAR_other,False,acyclic,True,16,"['mean', 0]",0.37557399293090415,UNDETERMINED_RELAXED_FRAGILE,round2:no model witness; relaxation varies,0.5000000000000001,2.7755575615628914e-16,RECOVERABLE,0.0,1,False,True,UNDECIDED_GT
n4_r0063_d0,n4,25272854,4,MNAR_other,False,acyclic,True,16,"['mean', 1]",,RECOVERABLE,formula:anchor_direct,,,RECOVERABLE,0.0,1,False,True,True
n4_r0071_d0,n4,25273102,4,MNAR_self,True,acyclic,True,16,"['mean', 0]",0.30219609104871753,UNDETERMINED_RELAXED_FRAGILE,round2:no model witness; relaxation varies,0.5,2.7755575615628914e-16,RECOVERABLE,0.0,1,False,True,UNDECIDED_GT
n4_r0071_d0,n4,25273102,4,MNAR_self,True,acyclic,True,16,"['mean', 1]",0.23411516884587152,UNDETERMINED_RELAXED_FRAGILE,round2:no model witness; relaxation varies,0.4999999999999999,1.3988810110276972e-14,RECOVERABLE,0.0,1,False,True,UNDECIDED_GT
n4_r0079_d0,n4,25273350,4,MNAR_self,True,acyclic,True,16,"['mean', 0]",0.1813469211985832,UNDETERMINED_RELAXED_FRAGILE,round2:no model witness; relaxation varies,0.5,1.6653345369377348e-16,RECOVERABLE,0.0,1,False,True,UNDECIDED_GT
n4_r0079_d0,n4,25273350,4,MNAR_self,True,acyclic,True,16,"['mean', 1]",0.3148502925150445,UNDETERMINED_RELAXED_FRAGILE,round2:no model witness; relaxation varies,0.5,3.497202527569243e-15,RECOVERABLE,0.0,1,False,True,UNDECIDED_GT
n4_r0087_d0,n4,25273598,4,MNAR_self,True,acyclic,True,16,"['mean', 0]",0.30795948385665756,UNDETERMINED_RELAXED_FRAGILE,round2:no model witness; relaxation varies,0.5,2.942091015256665e-15,RECOVERABLE,0.0,1,False,True,UNDECIDED_GT
n4_r0087_d0,n4,25273598,4,MNAR_self,True,acyclic,True,16,"['mean', 1]",0.3498358934438362,UNDETERMINED_RELAXED_FRAGILE,round2:no model witness; relaxation varies,0.49999999999999994,8.271161533457416e-15,RECOVERABLE,0.0,1,False,True,UNDECIDED_GT
n4_r0095_d0,n4,25273846,4,MNAR_self,True,acyclic,True,16,"['mean', 0]",0.5362228035672185,UNDETERMINED_RELAXED_FRAGILE,round2:no model witness; relaxation varies,0.5,1.5543122344752192e-15,RECOVERABLE,0.0,1,False,True,UNDECIDED_GT
n4_r0095_d0,n4,25273846,4,MNAR_self,True,acyclic,True,16,"['mean', 1]",0.4908666237720983,UNDETERMINED_RELAXED_FRAGILE,round2:no model witness; relaxation varies,0.5,1.1102230246251565e-15,RECOVERABLE,0.0,1,False,True,UNDECIDED_GT
n4_r0103_d0,n4,25274094,4,MNAR_self,True,acyclic,True,16,"['mean', 0]",0.19454964004866004,UNDETERMINED_RELAXED_FRAGILE,round2:no model witness; relaxation varies,0.5,6.467049118441537e-15,RECOVERABLE,0.0,1,False,True,UNDECIDED_GT
n4_r0103_d0,n4,25274094,4,MNAR_self,True,acyclic,True,16,"['mean', 1]",0.6527490171615539,UNDETERMINED_RELAXED_FRAGILE,round2:no model witness; relaxation varies,0.5,2.220446049250313e-16,RECOVERABLE,0.0,1,False,True,UNDECIDED_GT
n4_r0111_d0,n4,25274342,4,MNAR_self,True,acyclic,True,16,"['mean', 0]",0.46536675414231643,UNDETERMINED_RELAXED_FRAGILE,round2:no model witness; relaxation varies,0.5,6.106226635438361e-16,RECOVERABLE,0.0,1,False,True,UNDECIDED_GT
n4_r0111_d0,n4,25274342,4,MNAR_self,True,acyclic,True,16,"['mean', 1]",0.7012063456162729,UNDETERMINED_RELAXED_FRAGILE,round2:no model witness; relaxation varies,0.5,2.220446049250313e-15,RECOVERABLE,0.0,1,False,True,UNDECIDED_GT
n4_r0119_d0,n4,25274590,4,MNAR_self,True,acyclic,True,16,"['mean', 0]",0.2090963591944792,UNDETERMINED_RELAXED_FRAGILE,round2:no model witness; relaxation varies,0.5,4.163336342344337e-16,RECOVERABLE,0.0,1,False,True,UNDECIDED_GT
n4_r0119_d0,n4,25274590,4,MNAR_self,True,acyclic,True,16,"['mean', 1]",0.16127909248639236,UNDETERMINED_RELAXED_FRAGILE,round2:no model witness; relaxation varies,0.5,4.524158825347513e-15,RECOVERABLE,0.0,1,False,True,UNDECIDED_GT
n4_r0127_d0,n4,25274838,4,MNAR_self,True,acyclic,True,16,"['mean', 0]",0.7686904424761875,UNDETERMINED_RELAXED_FRAGILE,round2:no model witness; relaxation varies,0.5,5.440092820663267e-15,RECOVERABLE,0.0,1,False,True,UNDECIDED_GT
n4_r0127_d0,n4,25274838,4,MNAR_self,True,acyclic,True,16,"['mean', 1]",0.2512003701599236,UNDETERMINED_RELAXED_FRAGILE,round2:no model witness; relaxation varies,0.5,1.27675647831893e-15,RECOVERABLE,0.0,1,False,True,UNDECIDED_GT
n4_r0135_d0,n4,25275086,4,MNAR_self,True,acyclic,True,16,"['mean', 0]",0.8100946223587799,UNDETERMINED_RELAXED_FRAGILE,round2:no model witness; relaxation varies,0.49999999999999994,1.9984014443252818e-15,RECOVERABLE,0.0,1,False,True,UNDECIDED_GT
n4_r0135_d0,n4,25275086,4,MNAR_self,True,acyclic,True,16,"['mean', 1]",0.4437035333204795,UNDETERMINED_RELAXED_FRAGILE,round2:no model witness; relaxation varies,0.5,4.9960036108132044e-15,RECOVERABLE,0.0,1,False,True,UNDECIDED_GT
n4_r0143_d0,n4,25275334,4,MNAR_self,True,acyclic,True,16,"['mean', 0]",0.31357001901450215,UNDETERMINED_RELAXED_FRAGILE,round2:no model witness; relaxation varies,0.49999999999999994,7.771561172376096e-16,RECOVERABLE,0.0,1,False,True,UNDECIDED_GT
n4_r0143_d0,n4,25275334,4,MNAR_self,True,acyclic,True,16,"['mean', 1]",0.5829136192609868,UNDETERMINED_RELAXED_FRAGILE,round2:no model witness; relaxation varies,0.5,4.440892098500626e-16,RECOVERABLE,0.0,1,False,True,UNDECIDED_GT
n4_r0151_d0,n4,25275582,4,MNAR_self,True,acyclic,True,16,"['mean', 0]",0.589325649507757,UNDETERMINED_RELAXED_FRAGILE,round2:no model witness; relaxation varies,0.5,2.220446049250313e-16,RECOVERABLE,0.0,1,False,True,UNDECIDED_GT
n4_r0151_d0,n4,25275582,4,MNAR_self,True,acyclic,True,16,"['mean', 1]",0.5938337587590622,UNDETERMINED_RELAXED_FRAGILE,round2:no model witness; relaxation varies,0.5,7.771561172376096e-16,RECOVERABLE,0.0,1,False,True,UNDECIDED_GT
n4_r0159_d0,n4,25275830,4,MNAR_self,True,acyclic,True,16,"['mean', 0]",,RECOVERABLE,formula:anchor_direct,,,RECOVERABLE,0.0,1,False,True,True
n4_r0159_d0,n4,25275830,4,MNAR_self,True,acyclic,True,16,"['mean', 1]",,RECOVERABLE,formula:anchor_direct,,,RECOVERABLE,0.0,1,False,True,True
n4_r0167_d0,n4,25276078,4,MNAR_self,True,acyclic,True,16,"['mean', 0]",0.6042322585443836,UNDETERMINED_RELAXED_FRAGILE,round2:no model witness; relaxation varies,0.5,1.1102230246251565e-16,RECOVERABLE,0.0,1,False,True,UNDECIDED_GT
n4_r0167_d0,n4,25276078,4,MNAR_self,True,acyclic,True,16,"['mean', 1]",0.5710213965497487,UNDETERMINED_RELAXED_FRAGILE,round2:no model witness; relaxation varies,0.49999999999999994,3.3306690738754696e-16,RECOVERABLE,0.0,1,False,True,UNDECIDED_GT
n4_r0175_d0,n4,25276326,4,MNAR_self,True,acyclic,True,16,"['mean', 0]",0.1918498764610584,UNDETERMINED_RELAXED_FRAGILE,round2:no model witness; relaxation varies,0.5000000000000001,1.6653345369377348e-15,RECOVERABLE,0.0,1,False,True,UNDECIDED_GT
n4_r0175_d0,n4,25276326,4,MNAR_self,True,acyclic,True,16,"['mean', 1]",,RECOVERABLE,formula:anchor_direct,,,RECOVERABLE,0.0,1,False,True,True
n4_r0183_d0,n4,25276574,4,MNAR_other,False,acyclic,True,16,"['mean', 0]",0.3587438310457681,UNDETERMINED_RELAXED_FRAGILE,round2:no model witness; relaxation varies,0.5,9.43689570931383e-16,RECOVERABLE,0.0,1,False,True,UNDECIDED_GT
n4_r0183_d0,n4,25276574,4,MNAR_other,False,acyclic,True,16,"['mean', 1]",0.6207557880417656,UNDETERMINED_RELAXED_FRAGILE,round2:no model witness; relaxation varies,0.49999999999999994,1.5543122344752192e-15,RECOVERABLE,0.0,1,False,True,UNDECIDED_GT
n4_r0191_d0,n4,25276822,4,MNAR_self,True,acyclic,True,16,"['mean', 0]",,RECOVERABLE,formula:anchor_direct,,,RECOVERABLE,0.0,1,False,True,True
n4_r0191_d0,n4,25276822,4,MNAR_self,True,acyclic,True,16,"['mean', 1]",,RECOVERABLE,formula:anchor_direct,,,RECOVERABLE,0.0,1,False,True,True
n4_r0199_d0,n4,25277070,4,MNAR_self,True,acyclic,True,16,"['mean', 0]",0.3618469297781454,UNDETERMINED_RELAXED_FRAGILE,round2:no model witness; relaxation varies,0.49999999999999994,2.1649348980190553e-15,RECOVERABLE,0.0,1,False,True,UNDECIDED_GT
n4_r0199_d0,n4,25277070,4,MNAR_self,True,acyclic,True,16,"['mean', 1]",0.6020869383890167,UNDETERMINED_RELAXED_FRAGILE,round2:no model witness; relaxation varies,0.5,8.104628079763643e-15,RECOVERABLE,0.0,1,False,True,UNDECIDED_GT
n3_s00356_d0,n3,55870901,3,MNAR_self,True,acyclic,True,8,"['mean', 0]",0.7594916379437805,UNRECOVERABLE,model_witness(rootjump) dphi=0.1721 dist=1.1e-16,0.5,0.17208630078098397,UNRECOVERABLE,0.2529729603194878,12,False,True,True
n3_s00356_d0,n3,55870901,3,MNAR_self,True,acyclic,True,8,"['mean', 1]",,RECOVERABLE,formula:direct_full_pattern,,,RECOVERABLE,8.326672684688674e-17,12,False,True,True
n3_s00388_d0,n3,59070901,3,MNAR_self,True,acyclic,True,8,"['mean', 0]",,RECOVERABLE,formula:direct_full_pattern,,,RECOVERABLE,0.0,1,False,True,True
n3_s00388_d0,n3,59070901,3,MNAR_self,True,acyclic,True,8,"['mean', 1]",,RECOVERABLE,formula:anchor_direct,,,RECOVERABLE,0.0,1,False,True,True
n3_s00408_d0,n3,61070901,3,MNAR_self,True,acyclic,True,8,"['mean', 0]",,RECOVERABLE,formula:anchor_direct,,,RECOVERABLE,0.0,1,False,True,True
n3_s00408_d0,n3,61070901,3,MNAR_self,True,acyclic,True,8,"['mean', 1]",0.5638805489995373,UNDETERMINED_RELAXED_FRAGILE,round2:no model witness; relaxation varies,0.5,2.9598545836506673e-13,RECOVERABLE,0.0,1,False,True,UNDECIDED_GT
n3_s00430_d0,n3,63270901,3,MNAR_self,True,acyclic,True,8,"['mean', 0]",,RECOVERABLE,formula:anchor_direct,,,RECOVERABLE,0.0,1,False,True,True
n3_s00430_d0,n3,63270901,3,MNAR_self,True,acyclic,True,8,"['mean', 1]",,RECOVERABLE,formula:anchor_direct,,,RECOVERABLE,0.0,1,False,True,True
n3_s00468_d0,n3,67070901,3,MNAR_self,True,acyclic,True,8,"['mean', 0]",0.7635104391370554,UNRECOVERABLE,model_witness(rootjump) dphi=0.1842 dist=1.1e-16,0.49999999999999994,0.1842492902655135,UNRECOVERABLE,0.22014213591712484,12,False,True,True
n3_s00468_d0,n3,67070901,3,MNAR_self,True,acyclic,True,8,"['mean', 1]",0.39620020366744607,UNDETERMINED_RELAXED_FRAGILE,round2:no model witness; relaxation varies,0.5,8.215650382226158e-15,RECOVERABLE,4.996003610813204e-16,12,False,True,UNDECIDED_GT
n3_s00492_d0,n3,69470901,3,MNAR_self,True,acyclic,True,8,"['mean', 0]",0.1910688526664192,UNDETERMINED_RELAXED_FRAGILE,round2:no model witness; relaxation varies,0.5,8.628098235874404e-13,RECOVERABLE,0.0,1,False,True,UNDECIDED_GT
n3_s00492_d0,n3,69470901,3,MNAR_self,True,acyclic,True,8,"['mean', 1]",,RECOVERABLE,formula:anchor_direct,,,RECOVERABLE,0.0,1,False,True,True
n3_s00515_d0,n3,71770901,3,MNAR_other,False,acyclic,True,8,"['mean', 0]",,RECOVERABLE,formula:anchor_direct,,,RECOVERABLE,0.0,1,False,True,True
n3_s00515_d0,n3,71770901,3,MNAR_other,False,acyclic,True,8,"['mean', 1]",,RECOVERABLE,formula:anchor_direct,,,RECOVERABLE,0.0,1,False,True,True
n3_s00542_d0,n3,74470901,3,MNAR_self,True,acyclic,True,8,"['mean', 0]",,RECOVERABLE,formula:anchor_direct,,,RECOVERABLE,0.0,1,False,True,True
n3_s00542_d0,n3,74470901,3,MNAR_self,True,acyclic,True,8,"['mean', 1]",0.7379577598783835,UNDETERMINED_RELAXED_FRAGILE,round2:no model witness; relaxation varies,0.5,7.205347429817266e-14,RECOVERABLE,0.0,1,False,True,UNDECIDED_GT
n3_s00561_d0,n3,76370901,3,MNAR_self,True,acyclic,True,8,"['mean', 0]",,RECOVERABLE,formula:anchor_direct,,,RECOVERABLE,5.828670879282072e-16,12,False,True,True
n3_s00561_d0,n3,76370901,3,MNAR_self,True,acyclic,True,8,"['mean', 1]",0.39315867867474624,UNRECOVERABLE,model_witness(rootjump) dphi=0.1595 dist=1.1e-16,0.5,0.15951481348741864,UNRECOVERABLE,0.2976752183412829,12,False,True,True
n3_s00583_d0,n3,78570901,3,MNAR_self,True,acyclic,True,8,"['mean', 0]",0.4697951706392641,UNDETERMINED_RELAXED_FRAGILE,round2:no model witness; relaxation varies,0.5,1.5210055437364645e-14,RECOVERABLE,1.0824674490095276e-14,12,False,True,UNDECIDED_GT
n3_s00583_d0,n3,78570901,3,MNAR_self,True,acyclic,True,8,"['mean', 1]",,RECOVERABLE,formula:anchor_direct,,,RECOVERABLE,2.220446049250313e-16,12,False,True,True
n3_s00597_d0,n3,79970901,3,MNAR_self,True,acyclic,True,8,"['mean', 0]",0.3193381449874239,UNDETERMINED_RELAXED_FRAGILE,round2:no model witness; relaxation varies,0.5,4.718447854656915e-15,RECOVERABLE,2.220446049250313e-16,12,False,True,UNDECIDED_GT
n3_s00597_d0,n3,79970901,3,MNAR_self,True,acyclic,True,8,"['mean', 1]",0.2373378800982579,UNRECOVERABLE,model_witness(rootjump) dphi=0.3298 dist=2.2e-16,0.5,0.3298000892605866,UNRECOVERABLE,0.22445862684415668,12,False,True,True
n3_s00616_d0,n3,81870901,3,MNAR_self,True,acyclic,True,8,"['mean', 0]",0.7012452918277543,UNDETERMINED_RELAXED_FRAGILE,round2:no model witness; relaxation varies,0.49999999999999994,7.105427357601002e-15,RECOVERABLE,0.0,1,False,True,UNDECIDED_GT
n3_s00616_d0,n3,81870901,3,MNAR_self,True,acyclic,True,8,"['mean', 1]",,RECOVERABLE,formula:direct_full_pattern,,,RECOVERABLE,0.0,1,False,True,True
n3_s00637_d0,n3,83970901,3,MNAR_self,True,acyclic,True,8,"['mean', 0]",0.23540967020064596,UNDETERMINED_RELAXED_FRAGILE,round2:no model witness; relaxation varies,0.5,1.609823385706477e-15,RECOVERABLE,1.6653345369377348e-16,12,False,True,UNDECIDED_GT
n3_s00637_d0,n3,83970901,3,MNAR_self,True,acyclic,True,8,"['mean', 1]",0.7836831951005006,UNRECOVERABLE,model_witness(rootjump) dphi=0.2934 dist=1.1e-16,0.5,0.2934284066303573,UNRECOVERABLE,0.20574490391526157,12,False,True,True
n3_s00658_d0,n3,86070901,3,MNAR_self,True,acyclic,True,8,"['mean', 0]",,RECOVERABLE,formula:direct_full_pattern,,,RECOVERABLE,0.0,1,False,True,True
n3_s00658_d0,n3,86070901,3,MNAR_self,True,acyclic,True,8,"['mean', 1]",0.5323074994834287,UNDETERMINED_RELAXED_FRAGILE,round2:no model witness; relaxation varies,0.5,1.3011813848606835e-13,RECOVERABLE,0.0,1,False,True,UNDECIDED_GT
n3_s00670_d0,n3,87270901,3,MNAR_self,True,acyclic,True,8,"['mean', 0]",,RECOVERABLE,formula:anchor_direct,,,RECOVERABLE,0.0,1,False,True,True
n3_s00670_d0,n3,87270901,3,MNAR_self,True,acyclic,True,8,"['mean', 1]",0.547638350862459,UNDETERMINED_RELAXED_FRAGILE,round2:no model witness; relaxation varies,0.5,1.199040866595169e-14,RECOVERABLE,0.0,1,False,True,UNDECIDED_GT
n3_s00682_d0,n3,88470901,3,MNAR_other,False,acyclic,True,8,"['mean', 0]",,RECOVERABLE,formula:anchor_direct,,,RECOVERABLE,0.0,1,False,True,True
n3_s00682_d0,n3,88470901,3,MNAR_other,False,acyclic,True,8,"['mean', 1]",,RECOVERABLE,formula:anchor_direct,,,RECOVERABLE,0.0,1,False,True,True
n3_s00696_d0,n3,89870901,3,MNAR_self,True,acyclic,True,8,"['mean', 0]",,RECOVERABLE,formula:anchor_direct,,,RECOVERABLE,0.0,1,False,True,True
n3_s00696_d0,n3,89870901,3,MNAR_self,True,acyclic,True,8,"['mean', 1]",0.24160128528824565,UNDETERMINED_RELAXED_FRAGILE,round2:no model witness; relaxation varies,0.5,5.175923578626396e-11,RECOVERABLE,0.0,1,False,True,UNDECIDED_GT
n3_s00724_d0,n3,92670901,3,MNAR_self,True,acyclic,True,8,"['mean', 0]",0.44318432614112335,UNDETERMINED_RELAXED_FRAGILE,round2:no model witness; relaxation varies,0.5,6.661338147750939e-16,RECOVERABLE,0.0,1,False,True,UNDECIDED_GT
n3_s00724_d0,n3,92670901,3,MNAR_self,True,acyclic,True,8,"['mean', 1]",0.5763767294764538,UNDETERMINED_RELAXED_FRAGILE,round2:no model witness; relaxation varies,0.5,5.894174037734956e-13,RECOVERABLE,0.0,1,False,True,UNDECIDED_GT
n3_s00745_d0,n3,94770901,3,MNAR_self,True,acyclic,True,8,"['mean', 0]",0.7512447727790563,UNDETERMINED_RELAXED_FRAGILE,round2:no model witness; relaxation varies,0.5,5.551115123125783e-15,RECOVERABLE,0.0,1,False,True,UNDECIDED_GT
n3_s00745_d0,n3,94770901,3,MNAR_self,True,acyclic,True,8,"['mean', 1]",,RECOVERABLE,formula:anchor_direct,,,RECOVERABLE,0.0,1,False,True,True
n3_s00772_d0,n3,97470901,3,MNAR_self,True,acyclic,True,8,"['mean', 0]",0.37625641719440195,UNDETERMINED_RELAXED_FRAGILE,round2:no model witness; relaxation varies,0.5,3.0531133177191805e-15,RECOVERABLE,0.0,1,False,True,UNDECIDED_GT
n3_s00772_d0,n3,97470901,3,MNAR_self,True,acyclic,True,8,"['mean', 1]",,RECOVERABLE,formula:direct_full_pattern,,,RECOVERABLE,0.0,1,False,True,True
n3_s00796_d0,n3,99870901,3,MNAR_self,True,acyclic,True,8,"['mean', 0]",0.3296377016566171,UNDETERMINED_RELAXED_FRAGILE,round2:no model witness; relaxation varies,0.5,6.661338147750939e-16,RECOVERABLE,3.3306690738754696e-16,12,False,True,UNDECIDED_GT
n3_s00796_d0,n3,99870901,3,MNAR_self,True,acyclic,True,8,"['mean', 1]",0.3399532006131418,UNRECOVERABLE,model_witness(rootjump) dphi=0.1444 dist=1.1e-16,0.5,0.14441089458816403,UNRECOVERABLE,0.21359890748892862,12,False,True,True
n3_s00822_d0,n3,102470901,3,MNAR_self,True,acyclic,True,8,"['mean', 0]",0.31714335283723666,UNDETERMINED_RELAXED_FRAGILE,round2:no model witness; relaxation varies,0.5,1.1102230246251565e-16,RECOVERABLE,0.0,1,False,True,UNDECIDED_GT
n3_s00822_d0,n3,102470901,3,MNAR_self,True,acyclic,True,8,"['mean', 1]",0.787449043684311,UNDETERMINED_RELAXED_FRAGILE,round2:no model witness; relaxation varies,0.5,1.2989609388114332e-14,RECOVERABLE,0.0,1,False,True,UNDECIDED_GT
n3_s00855_d0,n3,105770901,3,MNAR_self,True,acyclic,True,8,"['mean', 0]",0.7229363551790797,UNRECOVERABLE,model_witness(rootjump) dphi=0.0255 dist=1.1e-16,0.5,0.025454320549462173,UNRECOVERABLE,0.02731821523806477,12,False,True,True
n3_s00855_d0,n3,105770901,3,MNAR_self,True,acyclic,True,8,"['mean', 1]",0.3989680990638173,UNDETERMINED_RELAXED_FRAGILE,round2:no model witness; relaxation varies,0.5,4.496403249731884e-15,RECOVERABLE,7.216449660063518e-16,12,False,True,UNDECIDED_GT
n3_s00876_d0,n3,107870901,3,MNAR_self,True,acyclic,True,8,"['mean', 0]",0.4180167648731508,UNDETERMINED_RELAXED_FRAGILE,round2:no model witness; relaxation varies,0.5000000000000001,6.283307207866073e-13,RECOVERABLE,0.0,1,False,True,UNDECIDED_GT
n3_s00876_d0,n3,107870901,3,MNAR_self,True,acyclic,True,8,"['mean', 1]",,RECOVERABLE,formula:direct_full_pattern,,,RECOVERABLE,0.0,1,False,True,True
n3_s00896_d0,n3,109870901,3,MNAR_other,False,acyclic,True,8,"['mean', 0]",0.49053599195348296,UNDETERMINED_RELAXED_FRAGILE,round2:no model witness; relaxation varies,0.5,3.3306690738754696e-16,RECOVERABLE,0.0,1,False,True,UNDECIDED_GT
n3_s00896_d0,n3,109870901,3,MNAR_other,False,acyclic,True,8,"['mean', 1]",,RECOVERABLE,formula:anchor_direct,,,RECOVERABLE,0.0,1,False,True,True
n3_s00925_d0,n3,112770901,3,MNAR_self,True,acyclic,True,8,"['mean', 0]",0.283811489696437,UNDETERMINED_RELAXED_FRAGILE,round2:no model witness; relaxation varies,0.5,2.220446049250313e-15,RECOVERABLE,0.0,1,False,True,UNDECIDED_GT
n3_s00925_d0,n3,112770901,3,MNAR_self,True,acyclic,True,8,"['mean', 1]",0.2955190165609758,UNDETERMINED_RELAXED_FRAGILE,round2:no model witness; relaxation varies,0.5,6.661338147750939e-16,RECOVERABLE,0.0,1,False,True,UNDECIDED_GT
n3_s00957_d0,n3,115970901,3,MNAR_self,True,acyclic,True,8,"['mean', 0]",0.4199173558379631,UNDETERMINED_RELAXED_FRAGILE,round2:no model witness; relaxation varies,0.5,2.220446049250313e-16,RECOVERABLE,0.0,1,False,True,UNDECIDED_GT
n3_s00957_d0,n3,115970901,3,MNAR_self,True,acyclic,True,8,"['mean', 1]",0.6257997456865799,UNDETERMINED_RELAXED_FRAGILE,round2:no model witness; relaxation varies,0.5,4.6629367034256575e-14,RECOVERABLE,0.0,1,False,True,UNDECIDED_GT
n3_s00972_d0,n3,117470901,3,MNAR_self,True,acyclic,True,8,"['mean', 0]",0.8350247331741374,UNDETERMINED_RELAXED_FRAGILE,round2:no model witness; relaxation varies,0.5,1.2501111257279263e-13,RECOVERABLE,0.0,1,False,True,UNDECIDED_GT
n3_s00972_d0,n3,117470901,3,MNAR_self,True,acyclic,True,8,"['mean', 1]",,RECOVERABLE,formula:anchor_direct,,,RECOVERABLE,0.0,1,False,True,True
n3_s00994_d0,n3,119670901,3,MNAR_self,True,acyclic,True,8,"['mean', 0]",0.7166263343522019,UNRECOVERABLE,model_witness(rootjump) dphi=0.1632 dist=2.2e-16,0.5,0.16321667212590807,UNRECOVERABLE,0.1946993165614067,12,False,True,True
n3_s00994_d0,n3,119670901,3,MNAR_self,True,acyclic,True,8,"['mean', 1]",,RECOVERABLE,formula:anchor_direct,,,RECOVERABLE,1.1102230246251565e-16,12,False,True,True
n3_s01011_d0,n3,121370901,3,MNAR_self,True,acyclic,True,8,"['mean', 0]",0.3788892209307084,UNDETERMINED_RELAXED_FRAGILE,round2:no model witness; relaxation varies,0.5,2.120525977034049e-14,RECOVERABLE,0.0,1,False,True,UNDECIDED_GT
n3_s01011_d0,n3,121370901,3,MNAR_self,True,acyclic,True,8,"['mean', 1]",0.6861942570054209,UNDETERMINED_RELAXED_FRAGILE,round2:no model witness; relaxation varies,0.5,2.55351295663786e-15,RECOVERABLE,0.0,1,False,True,UNDECIDED_GT
n3_s01029_d0,n3,123170901,3,MNAR_self,True,acyclic,True,8,"['mean', 0]",,RECOVERABLE,formula:anchor_direct,,,RECOVERABLE,0.0,1,False,True,True
n3_s01029_d0,n3,123170901,3,MNAR_self,True,acyclic,True,8,"['mean', 1]",,RECOVERABLE,formula:anchor_direct,,,RECOVERABLE,0.0,1,False,True,True
n3_s01056_d0,n3,125870901,3,MNAR_other,False,acyclic,True,8,"['mean', 0]",,RECOVERABLE,formula:direct_full_pattern,,,RECOVERABLE,0.0,1,False,True,True
n3_s01056_d0,n3,125870901,3,MNAR_other,False,acyclic,True,8,"['mean', 1]",0.6944738563086167,UNDETERMINED_RELAXED_FRAGILE,round2:no model witness; relaxation varies,0.5,4.440892098500626e-16,RECOVERABLE,0.0,1,False,True,UNDECIDED_GT
n3_s01082_d0,n3,128470901,3,MNAR_self,True,acyclic,True,8,"['mean', 0]",,RECOVERABLE,formula:anchor_direct,,,RECOVERABLE,0.0,12,False,True,True
n3_s01082_d0,n3,128470901,3,MNAR_self,True,acyclic,True,8,"['mean', 1]",0.5346702849376159,UNDETERMINED_RELAXED_FRAGILE,round2:no model witness; relaxation varies,0.5,2.5202062658991053e-14,RECOVERABLE,8.881784197001252e-16,12,False,True,UNDECIDED_GT
n3_s01104_d0,n3,130670901,3,MNAR_self,True,acyclic,True,8,"['mean', 0]",0.8430078584574696,UNRECOVERABLE,model_witness(rootjump) dphi=0.1714 dist=1.7e-16,0.5,0.17143606355259255,UNRECOVERABLE,0.15480929075212435,12,False,True,True
n3_s01104_d0,n3,130670901,3,MNAR_self,True,acyclic,True,8,"['mean', 1]",0.38018708351372854,UNDETERMINED_RELAXED_FRAGILE,round2:no model witness; relaxation varies,0.5,1.3711254354120683e-14,RECOVERABLE,5.551115123125783e-16,12,False,True,UNDECIDED_GT
n3_s01128_d0,n3,133070901,3,MNAR_self,True,acyclic,True,8,"['mean', 0]",0.47468211762357926,UNDETERMINED_RELAXED_FRAGILE,round2:no model witness; relaxation varies,0.49999999999999994,2.2315482794965646e-14,RECOVERABLE,0.0,1,False,True,UNDECIDED_GT
n3_s01128_d0,n3,133070901,3,MNAR_self,True,acyclic,True,8,"['mean', 1]",0.4534164373583912,UNDETERMINED_RELAXED_FRAGILE,round2:no model witness; relaxation varies,0.5,2.220446049250313e-16,RECOVERABLE,0.0,1,False,True,UNDECIDED_GT
n3_s01152_d0,n3,135470901,3,MNAR_other,False,acyclic,True,8,"['mean', 0]",,RECOVERABLE,formula:direct_full_pattern,,,RECOVERABLE,0.0,1,False,True,True
n3_s01152_d0,n3,135470901,3,MNAR_other,False,acyclic,True,8,"['mean', 1]",,RECOVERABLE,formula:anchor_direct,,,RECOVERABLE,0.0,1,False,True,True
n3_s01170_d0,n3,137270901,3,MNAR_self,True,acyclic,True,8,"['mean', 0]",,RECOVERABLE,formula:direct_full_pattern,,,RECOVERABLE,0.0,1,False,True,True
n3_s01170_d0,n3,137270901,3,MNAR_self,True,acyclic,True,8,"['mean', 1]",0.30067228791405043,UNDETERMINED_RELAXED_FRAGILE,round2:no model witness; relaxation varies,0.5,1.4432899320127035e-15,RECOVERABLE,0.0,1,False,True,UNDECIDED_GT
n3_s01202_d0,n3,140470901,3,MNAR_self,True,acyclic,True,8,"['mean', 0]",,RECOVERABLE,formula:direct_full_pattern,,,RECOVERABLE,0.0,1,False,True,True
n3_s01202_d0,n3,140470901,3,MNAR_self,True,acyclic,True,8,"['mean', 1]",0.5729375517975329,UNDETERMINED_RELAXED_FRAGILE,round2:no model witness; relaxation varies,0.5,1.3988810110276972e-14,RECOVERABLE,0.0,1,False,True,UNDECIDED_GT
n3_s01221_d0,n3,142370901,3,MNAR_self,True,acyclic,True,8,"['mean', 0]",0.29140794839936757,UNDETERMINED_RELAXED_FRAGILE,round2:no model witness; relaxation varies,0.5,4.496403249731884e-15,RECOVERABLE,0.0,1,False,True,UNDECIDED_GT
n3_s01221_d0,n3,142370901,3,MNAR_self,True,acyclic,True,8,"['mean', 1]",,RECOVERABLE,formula:anchor_direct,,,RECOVERABLE,0.0,1,False,True,True
n3_s01241_d0,n3,144370901,3,MNAR_self,True,acyclic,True,8,"['mean', 0]",0.23542624691576836,UNDETERMINED_RELAXED_FRAGILE,round2:no model witness; relaxation varies,0.5,3.4861002973229915e-14,RECOVERABLE,0.0,1,False,True,UNDECIDED_GT
n3_s01241_d0,n3,144370901,3,MNAR_self,True,acyclic,True,8,"['mean', 1]",0.4751620772588189,UNDETERMINED_RELAXED_FRAGILE,round2:no model witness; relaxation varies,0.5,4.996003610813204e-16,RECOVERABLE,0.0,1,False,True,UNDECIDED_GT
n3_s01267_d0,n3,146970901,3,MNAR_self,True,acyclic,True,8,"['mean', 0]",0.6789629152742802,UNDETERMINED_RELAXED_FRAGILE,round2:no model witness; relaxation varies,0.5,7.283063041541027e-14,RECOVERABLE,0.0,1,False,True,UNDECIDED_GT
n3_s01267_d0,n3,146970901,3,MNAR_self,True,acyclic,True,8,"['mean', 1]",0.7760968758125979,UNDETERMINED_RELAXED_FRAGILE,round2:no model witness; relaxation varies,0.5,6.328271240363392e-15,RECOVERABLE,0.0,1,False,True,UNDECIDED_GT
n3_s01299_d0,n3,150170901,3,MNAR_self,True,acyclic,True,8,"['mean', 0]",,RECOVERABLE,formula:anchor_direct,,,RECOVERABLE,0.0,1,False,True,True
n3_s01299_d0,n3,150170901,3,MNAR_self,True,acyclic,True,8,"['mean', 1]",0.31446265765169146,UNDETERMINED_RELAXED_FRAGILE,round2:no model witness; relaxation varies,0.5,7.049916206369744e-15,RECOVERABLE,0.0,1,False,True,UNDECIDED_GT
n3_s01342_d0,n3,154470901,3,MNAR_self,True,acyclic,True,8,"['mean', 0]",,RECOVERABLE,formula:anchor_direct,,,RECOVERABLE,0.0,1,False,True,True
n3_s01342_d0,n3,154470901,3,MNAR_self,True,acyclic,True,8,"['mean', 1]",0.7196322446255742,UNDETERMINED_RELAXED_FRAGILE,round2:no model witness; relaxation varies,0.5,6.616929226765933e-14,RECOVERABLE,0.0,1,False,True,UNDECIDED_GT
n3_s01362_d0,n3,156470901,3,MNAR_self,True,acyclic,True,8,"['mean', 0]",0.6637199978630759,UNRECOVERABLE,model_witness(rootjump) dphi=0.1643 dist=1.1e-16,0.5,0.1642961091931141,UNRECOVERABLE,0.20346942444132632,12,False,True,True
n3_s01362_d0,n3,156470901,3,MNAR_self,True,acyclic,True,8,"['mean', 1]",0.6059899868437231,UNDETERMINED_RELAXED_FRAGILE,round2:no model witness; relaxation varies,0.5,2.4424906541753444e-15,RECOVERABLE,1.3322676295501878e-15,12,False,True,UNDECIDED_GT
n3_s01380_d0,n3,158270901,3,MNAR_self,True,acyclic,True,8,"['mean', 0]",0.4706648028699,UNRECOVERABLE,model_witness(rootjump) dphi=0.2783 dist=2.2e-16,0.5000000000000001,0.2783338171808827,UNRECOVERABLE,0.3650556064676521,12,False,True,True
n3_s01380_d0,n3,158270901,3,MNAR_self,True,acyclic,True,8,"['mean', 1]",0.45979573432476967,UNDETERMINED_RELAXED_FRAGILE,round2:no model witness; relaxation varies,0.5,4.996003610813204e-16,RECOVERABLE,2.220446049250313e-16,12,False,True,UNDECIDED_GT
n3_s01407_d0,n3,160970901,3,MNAR_self,True,acyclic,True,8,"['mean', 0]",0.3095962829643438,UNDETERMINED_RELAXED_FRAGILE,round2:no model witness; relaxation varies,0.5,3.1596947280831955e-13,RECOVERABLE,1.1102230246251565e-16,2,False,True,UNDECIDED_GT
n3_s01407_d0,n3,160970901,3,MNAR_self,True,acyclic,True,8,"['mean', 1]",0.5297739227130255,UNRECOVERABLE,model_witness(rootjump) dphi=0.0064 dist=2.2e-16,0.5,0.006408543228699659,UNRECOVERABLE,0.006408543228698105,2,False,True,True
n3_s01426_d0,n3,162870901,3,MNAR_self,True,acyclic,True,8,"['mean', 0]",,RECOVERABLE,formula:direct_full_pattern,,,RECOVERABLE,0.0,1,False,True,True
n3_s01426_d0,n3,162870901,3,MNAR_self,True,acyclic,True,8,"['mean', 1]",0.8154300668040121,UNDETERMINED_RELAXED_FRAGILE,round2:no model witness; relaxation varies,0.5,2.6645352591003757e-15,RECOVERABLE,0.0,1,False,True,UNDECIDED_GT
n3_s01444_d0,n3,164670901,3,MNAR_self,True,acyclic,True,8,"['mean', 0]",,RECOVERABLE,formula:direct_full_pattern,,,RECOVERABLE,0.0,1,False,True,True
n3_s01444_d0,n3,164670901,3,MNAR_self,True,acyclic,True,8,"['mean', 1]",0.35487724292845013,UNDETERMINED_RELAXED_FRAGILE,round2:no model witness; relaxation varies,0.5,9.992007221626409e-16,RECOVERABLE,0.0,1,False,True,UNDECIDED_GT
n3_s01462_d0,n3,166470901,3,MNAR_self,True,acyclic,True,8,"['mean', 0]",,RECOVERABLE,formula:direct_full_pattern,,,RECOVERABLE,0.0,1,False,True,True
n3_s01462_d0,n3,166470901,3,MNAR_self,True,acyclic,True,8,"['mean', 1]",0.8428821854671621,UNDETERMINED_RELAXED_FRAGILE,round2:no model witness; relaxation varies,0.5,3.11972669919669e-14,RECOVERABLE,0.0,1,False,True,UNDECIDED_GT
n3_s01488_d0,n3,169070901,3,MNAR_self,True,acyclic,True,8,"['mean', 0]",0.15321433200831508,UNRECOVERABLE,model_witness(rootjump) dphi=0.2336 dist=2.2e-16,0.49999999999999994,0.23359057260533822,UNRECOVERABLE,0.18985466926328054,12,False,True,True
n3_s01488_d0,n3,169070901,3,MNAR_self,True,acyclic,True,8,"['mean', 1]",0.6636121291933591,UNDETERMINED_RELAXED_FRAGILE,round2:no model witness; relaxation varies,0.5,2.1094237467877974e-15,RECOVERABLE,2.220446049250313e-16,12,False,True,UNDECIDED_GT
n3_s01509_d0,n3,171170901,3,MNAR_self,True,acyclic,True,8,"['mean', 0]",0.678697260091775,UNDETERMINED_RELAXED_FRAGILE,round2:no model witness; relaxation varies,0.5,5.5067062021407764e-14,RECOVERABLE,0.0,1,False,True,UNDECIDED_GT
n3_s01509_d0,n3,171170901,3,MNAR_self,True,acyclic,True,8,"['mean', 1]",0.5788047943002742,UNDETERMINED_RELAXED_FRAGILE,round2:no model witness; relaxation varies,0.5,2.220446049250313e-16,RECOVERABLE,0.0,1,False,True,UNDECIDED_GT
n3_s01526_d0,n3,172870901,3,MNAR_self,True,acyclic,True,8,"['mean', 0]",0.22208770302911168,UNRECOVERABLE,model_witness(rootjump) dphi=0.1895 dist=1.1e-16,0.5,0.18951489007751376,UNRECOVERABLE,0.1846253659300147,12,False,True,True
n3_s01526_d0,n3,172870901,3,MNAR_self,True,acyclic,True,8,"['mean', 1]",0.1637089697750985,UNDETERMINED_RELAXED_FRAGILE,round2:no model witness; relaxation varies,0.5,1.7957857423311907e-14,RECOVERABLE,6.661338147750939e-16,12,False,True,UNDECIDED_GT
n3_s01546_d0,n3,174870901,3,MNAR_other,False,acyclic,True,8,"['mean', 0]",,RECOVERABLE,formula:anchor_direct,,,RECOVERABLE,0.0,1,False,True,True
n3_s01546_d0,n3,174870901,3,MNAR_other,False,acyclic,True,8,"['mean', 1]",,RECOVERABLE,formula:anchor_direct,,,RECOVERABLE,0.0,1,False,True,True
n3_s01574_d0,n3,177670901,3,MNAR_self,True,acyclic,True,8,"['mean', 0]",,RECOVERABLE,formula:anchor_direct,,,RECOVERABLE,0.0,1,False,True,True
n3_s01574_d0,n3,177670901,3,MNAR_self,True,acyclic,True,8,"['mean', 1]",0.2021440128783168,UNDETERMINED_RELAXED_FRAGILE,round2:no model witness; relaxation varies,0.5,4.773959005888173e-15,RECOVERABLE,0.0,1,False,True,UNDECIDED_GT
n3_s01588_d0,n3,179070901,3,MNAR_self,True,acyclic,True,8,"['mean', 0]",,RECOVERABLE,formula:anchor_direct,,,RECOVERABLE,0.0,1,False,True,True
n3_s01588_d0,n3,179070901,3,MNAR_self,True,acyclic,True,8,"['mean', 1]",0.22217335517468836,UNDETERMINED_RELAXED_FRAGILE,round2:no model witness; relaxation varies,0.5,2.7505775435088253e-14,RECOVERABLE,0.0,1,False,True,UNDECIDED_GT
n3_s01620_d0,n3,182270901,3,MNAR_self,True,acyclic,True,8,"['mean', 0]",0.6608175153990512,UNDETERMINED_RELAXED_FRAGILE,round2:no model witness; relaxation varies,0.5,4.440892098500626e-15,RECOVERABLE,0.0,1,False,True,UNDECIDED_GT
n3_s01620_d0,n3,182270901,3,MNAR_self,True,acyclic,True,8,"['mean', 1]",0.5447023451801138,UNDETERMINED_RELAXED_FRAGILE,round2:no model witness; relaxation varies,0.5,6.994405055138486e-15,RECOVERABLE,0.0,1,False,True,UNDECIDED_GT
n3_s01657_d0,n3,185970901,3,MNAR_self,True,acyclic,True,8,"['mean', 0]",0.2752583595210948,UNDETERMINED_RELAXED_FRAGILE,round2:no model witness; relaxation varies,0.5,1.6653345369377348e-15,RECOVERABLE,6.106226635438361e-16,12,False,True,UNDECIDED_GT
n3_s01657_d0,n3,185970901,3,MNAR_self,True,acyclic,True,8,"['mean', 1]",0.8190276096686938,UNRECOVERABLE,model_witness(rootjump) dphi=0.2598 dist=2.2e-16,0.5,0.25979262612580023,UNRECOVERABLE,0.23251534606004076,12,False,True,True
n3_s01679_d0,n3,188170901,3,MNAR_self,True,acyclic,True,8,"['mean', 0]",,RECOVERABLE,formula:anchor_direct,,,RECOVERABLE,1.1102230246251565e-16,12,False,True,True
n3_s01679_d0,n3,188170901,3,MNAR_self,True,acyclic,True,8,"['mean', 1]",,RECOVERABLE,formula:anchor_direct,,,RECOVERABLE,2.220446049250313e-16,12,False,True,True
n3_s01709_d0,n3,191170901,3,MNAR_self,True,acyclic,True,8,"['mean', 0]",,RECOVERABLE,formula:anchor_direct,,,RECOVERABLE,0.0,1,False,True,True
n3_s01709_d0,n3,191170901,3,MNAR_self,True,acyclic,True,8,"['mean', 1]",0.6798316536494099,UNDETERMINED_RELAXED_FRAGILE,round2:no model witness; relaxation varies,0.5,1.3322676295501878e-15,RECOVERABLE,0.0,1,False,True,UNDECIDED_GT
n3_s01736_d0,n3,193870901,3,MNAR_self,True,acyclic,True,8,"['mean', 0]",0.4134264378457585,UNDETERMINED_RELAXED_FRAGILE,round2:no model witness; relaxation varies,0.5,1.454392162258955e-14,RECOVERABLE,0.0,1,False,True,UNDECIDED_GT
n3_s01736_d0,n3,193870901,3,MNAR_self,True,acyclic,True,8,"['mean', 1]",,RECOVERABLE,formula:anchor_direct,,,RECOVERABLE,0.0,1,False,True,True
n3_s01775_d0,n3,197770901,3,MNAR_self,True,acyclic,True,8,"['mean', 0]",0.47136847296034323,UNDETERMINED_RELAXED_FRAGILE,round2:no model witness; relaxation varies,0.4999999999999999,3.502753642692369e-14,RECOVERABLE,0.0,1,False,True,UNDECIDED_GT
n3_s01775_d0,n3,197770901,3,MNAR_self,True,acyclic,True,8,"['mean', 1]",0.6005155322506137,UNDETERMINED_RELAXED_FRAGILE,round2:no model witness; relaxation varies,0.5,1.088573675644966e-12,RECOVERABLE,0.0,1,False,True,UNDECIDED_GT
n3_s01804_d0,n3,200670901,3,MNAR_self,True,acyclic,True,8,"['mean', 0]",0.47352070177809125,UNDETERMINED_RELAXED_FRAGILE,round2:no model witness; relaxation varies,0.5,3.3306690738754696e-16,RECOVERABLE,0.0,1,False,True,UNDECIDED_GT
n3_s01804_d0,n3,200670901,3,MNAR_self,True,acyclic,True,8,"['mean', 1]",,RECOVERABLE,formula:anchor_direct,,,RECOVERABLE,0.0,1,False,True,True
n3_s01829_d0,n3,203170901,3,MNAR_self,True,acyclic,True,8,"['mean', 0]",0.7879981718920406,UNDETERMINED_RELAXED_FRAGILE,round2:no model witness; relaxation varies,0.5,8.326672684688674e-15,RECOVERABLE,0.0,1,False,True,UNDECIDED_GT
n3_s01829_d0,n3,203170901,3,MNAR_self,True,acyclic,True,8,"['mean', 1]",0.33688146070926867,UNDETERMINED_RELAXED_FRAGILE,round2:no model witness; relaxation varies,0.5,9.992007221626409e-16,RECOVERABLE,0.0,1,False,True,UNDECIDED_GT
n3_s01846_d0,n3,204870901,3,MNAR_self,True,acyclic,True,8,"['mean', 0]",0.3115735542646957,UNDETERMINED_RELAXED_FRAGILE,round2:no model witness; relaxation varies,0.5000000000000001,9.43689570931383e-16,RECOVERABLE,0.0,1,False,True,UNDECIDED_GT
n3_s01846_d0,n3,204870901,3,MNAR_self,True,acyclic,True,8,"['mean', 1]",0.4349834498045737,UNDETERMINED_RELAXED_FRAGILE,round2:no model witness; relaxation varies,0.5,2.0816681711721685e-14,RECOVERABLE,0.0,1,False,True,UNDECIDED_GT
n3_s01867_d0,n3,206970901,3,MNAR_self,True,acyclic,True,8,"['mean', 0]",0.8010995914039348,UNDETERMINED_RELAXED_FRAGILE,round2:no model witness; relaxation varies,0.5,1.1435297153639112e-14,RECOVERABLE,0.0,1,False,True,UNDECIDED_GT
n3_s01867_d0,n3,206970901,3,MNAR_self,True,acyclic,True,8,"['mean', 1]",,RECOVERABLE,formula:anchor_direct,,,RECOVERABLE,0.0,1,False,True,True
n3_s01890_d0,n3,209270901,3,MNAR_self,True,acyclic,True,8,"['mean', 0]",0.6453358838589826,UNDETERMINED_RELAXED_FRAGILE,round2:no model witness; relaxation varies,0.5,1.609823385706477e-14,RECOVERABLE,0.0,1,False,True,UNDECIDED_GT
n3_s01890_d0,n3,209270901,3,MNAR_self,True,acyclic,True,8,"['mean', 1]",0.654808728580757,UNDETERMINED_RELAXED_FRAGILE,round2:no model witness; relaxation varies,0.5,2.220446049250313e-16,RECOVERABLE,0.0,1,False,True,UNDECIDED_GT
n3_s01907_d0,n3,210970901,3,MNAR_self,True,acyclic,True,8,"['mean', 0]",0.5794669960321608,UNDETERMINED_RELAXED_FRAGILE,round2:no model witness; relaxation varies,0.5,2.6645352591003757e-15,RECOVERABLE,0.0,1,False,True,UNDECIDED_GT
n3_s01907_d0,n3,210970901,3,MNAR_self,True,acyclic,True,8,"['mean', 1]",0.5343477946943602,UNDETERMINED_RELAXED_FRAGILE,round2:no model witness; relaxation varies,0.5,3.774758283725532e-15,RECOVERABLE,0.0,1,False,True,UNDECIDED_GT
n3_s01932_d0,n3,213470901,3,MNAR_self,True,acyclic,True,8,"['mean', 0]",0.37471977025967174,UNDETERMINED_RELAXED_FRAGILE,round2:no model witness; relaxation varies,0.5,6.106226635438361e-16,RECOVERABLE,0.0,1,False,True,UNDECIDED_GT
n3_s01932_d0,n3,213470901,3,MNAR_self,True,acyclic,True,8,"['mean', 1]",,RECOVERABLE,formula:anchor_direct,,,RECOVERABLE,0.0,1,False,True,True
n3_s01957_d0,n3,215970901,3,MNAR_self,True,acyclic,True,8,"['mean', 0]",0.47268006466365425,UNDETERMINED_RELAXED_FRAGILE,round2:no model witness; relaxation varies,0.5,6.661338147750939e-16,RECOVERABLE,0.0,1,False,True,UNDECIDED_GT
n3_s01957_d0,n3,215970901,3,MNAR_self,True,acyclic,True,8,"['mean', 1]",0.22594060799219579,UNDETERMINED_RELAXED_FRAGILE,round2:no model witness; relaxation varies,0.5,1.3322676295501878e-15,RECOVERABLE,0.0,1,False,True,UNDECIDED_GT
n3_s01978_d0,n3,218070901,3,MNAR_self,True,acyclic,True,8,"['mean', 0]",0.48320454255350165,UNDETERMINED_RELAXED_FRAGILE,round2:no model witness; relaxation varies,0.5,6.690203946391193e-13,RECOVERABLE,0.0,1,False,True,UNDECIDED_GT
n3_s01978_d0,n3,218070901,3,MNAR_self,True,acyclic,True,8,"['mean', 1]",0.34053400881928964,UNDETERMINED_RELAXED_FRAGILE,round2:no model witness; relaxation varies,0.5,3.3861802251067274e-15,RECOVERABLE,0.0,1,False,True,UNDECIDED_GT
n3_s01999_d0,n3,220170901,3,MNAR_self,True,acyclic,True,8,"['mean', 0]",0.7668356786999612,UNDETERMINED_RELAXED_FRAGILE,round2:no model witness; relaxation varies,0.5,8.019140906867506e-13,RECOVERABLE,7.771561172376096e-16,12,False,True,UNDECIDED_GT
n3_s01999_d0,n3,220170901,3,MNAR_self,True,acyclic,True,8,"['mean', 1]",,RECOVERABLE,formula:anchor_direct,,,RECOVERABLE,2.220446049250313e-16,12,False,True,True
n3_s02040_d0,n3,224270901,3,MNAR_self,True,acyclic,True,8,"['mean', 0]",0.5966244460275822,UNRECOVERABLE,model_witness(rootjump) dphi=0.1219 dist=1.1e-16,0.5,0.12193382011170578,UNRECOVERABLE,0.17584299039254514,12,False,True,True
n3_s02040_d0,n3,224270901,3,MNAR_self,True,acyclic,True,8,"['mean', 1]",0.580460033931059,UNRECOVERABLE,model_witness(rootjump) dphi=0.1201 dist=1.1e-16,0.5,0.12012411279774604,UNRECOVERABLE,0.1158595018637214,12,False,True,True
n3_s02060_d0,n3,226270901,3,MNAR_self,True,acyclic,True,8,"['mean', 0]",,RECOVERABLE,formula:anchor_direct,,,RECOVERABLE,1.3877787807814457e-16,12,False,True,True
n3_s02060_d0,n3,226270901,3,MNAR_self,True,acyclic,True,8,"['mean', 1]",0.5975407884136031,UNDETERMINED_RELAXED_FRAGILE,round2:no model witness; relaxation varies,0.5,2.4424906541753444e-15,RECOVERABLE,4.440892098500626e-16,12,False,True,UNDECIDED_GT
n3_s02089_d0,n3,229170901,3,MNAR_other,False,acyclic,True,8,"['mean', 0]",,RECOVERABLE,formula:anchor_direct,,,RECOVERABLE,0.0,1,False,True,True
n3_s02089_d0,n3,229170901,3,MNAR_other,False,acyclic,True,8,"['mean', 1]",0.32242297543128356,UNDETERMINED_RELAXED_FRAGILE,round2:no model witness; relaxation varies,0.5,9.992007221626409e-16,RECOVERABLE,0.0,1,False,True,UNDECIDED_GT
n3_s02109_d0,n3,231170901,3,MNAR_self,True,acyclic,True,8,"['mean', 0]",,RECOVERABLE,formula:anchor_direct,,,RECOVERABLE,4.440892098500626e-16,12,False,True,True
n3_s02109_d0,n3,231170901,3,MNAR_self,True,acyclic,True,8,"['mean', 1]",0.6844993132898414,UNRECOVERABLE,model_witness(rootjump) dphi=0.2305 dist=1.1e-16,0.5,0.2304769807706717,UNRECOVERABLE,0.18786035424504555,12,False,True,True
n3_s02132_d0,n3,233470901,3,MNAR_self,True,acyclic,True,8,"['mean', 0]",0.5507718311801533,UNDETERMINED_RELAXED_FRAGILE,round2:no model witness; relaxation varies,0.5,5.10702591327572e-15,RECOVERABLE,2.220446049250313e-16,12,False,True,UNDECIDED_GT
n3_s02132_d0,n3,233470901,3,MNAR_self,True,acyclic,True,8,"['mean', 1]",0.45601340133388796,UNDETERMINED_RELAXED_FRAGILE,round2:no model witness; relaxation varies,0.5,1.4654943925052066e-14,RECOVERABLE,7.216449660063518e-16,12,False,True,UNDECIDED_GT
n3_s02164_d0,n3,236670901,3,MNAR_self,True,acyclic,True,8,"['mean', 0]",0.32966616110180025,UNDETERMINED_RELAXED_FRAGILE,round2:no model witness; relaxation varies,0.49999999999999994,4.3298697960381105e-15,RECOVERABLE,0.0,1,False,True,UNDECIDED_GT
n3_s02164_d0,n3,236670901,3,MNAR_self,True,acyclic,True,8,"['mean', 1]",0.4314780620246201,UNDETERMINED_RELAXED_FRAGILE,round2:no model witness; relaxation varies,0.5,4.052314039881821e-15,RECOVERABLE,0.0,1,False,True,UNDECIDED_GT
n3_s02188_d0,n3,239070901,3,MNAR_self,True,acyclic,True,8,"['mean', 0]",0.3929322685278932,UNDETERMINED_RELAXED_FRAGILE,round2:no model witness; relaxation varies,0.5,1.1102230246251565e-15,RECOVERABLE,1.1102230246251565e-16,12,False,True,UNDECIDED_GT
n3_s02188_d0,n3,239070901,3,MNAR_self,True,acyclic,True,8,"['mean', 1]",0.41527855546854736,UNDETERMINED_RELAXED_FRAGILE,round2:no model witness; relaxation varies,0.5,3.3306690738754696e-16,RECOVERABLE,1.1102230246251565e-16,12,False,True,UNDECIDED_GT
n3_s02223_d0,n3,242570901,3,MNAR_self,True,acyclic,True,8,"['mean', 0]",0.6684567338514781,UNDETERMINED_RELAXED_FRAGILE,round2:no model witness; relaxation varies,0.5,9.992007221626409e-16,RECOVERABLE,0.0,1,False,True,UNDECIDED_GT
n3_s02223_d0,n3,242570901,3,MNAR_self,True,acyclic,True,8,"['mean', 1]",0.32967718837729687,UNDETERMINED_RELAXED_FRAGILE,round2:no model witness; relaxation varies,0.5,1.7763568394002505e-15,RECOVERABLE,0.0,1,False,True,UNDECIDED_GT
n3_s02255_d0,n3,245770901,3,MNAR_self,True,acyclic,True,8,"['mean', 0]",0.3725479793756698,UNDETERMINED_RELAXED_FRAGILE,round2:no model witness; relaxation varies,0.5,9.992007221626409e-15,RECOVERABLE,1.3877787807814457e-15,12,False,True,UNDECIDED_GT
n3_s02255_d0,n3,245770901,3,MNAR_self,True,acyclic,True,8,"['mean', 1]",0.3659224559359181,UNDETERMINED_RELAXED_FRAGILE,round2:no model witness; relaxation varies,0.5,4.163336342344337e-15,RECOVERABLE,5.551115123125783e-16,12,False,True,UNDECIDED_GT
n3_s02276_d0,n3,247870901,3,MNAR_self,True,acyclic,True,8,"['mean', 0]",0.3902688077707328,UNRECOVERABLE,model_witness(rootjump) dphi=0.3707 dist=1.7e-16,0.5,0.3706739346989214,UNRECOVERABLE,0.45128655022790554,12,False,True,True
n3_s02276_d0,n3,247870901,3,MNAR_self,True,acyclic,True,8,"['mean', 1]",,RECOVERABLE,formula:anchor_direct,,,RECOVERABLE,2.7755575615628914e-16,12,False,True,True
n3_s02301_d0,n3,250370901,3,MNAR_self,True,acyclic,True,8,"['mean', 0]",0.19892162811317415,UNDETERMINED_RELAXED_FRAGILE,round2:no model witness; relaxation varies,0.5,1.3072876114961218e-14,RECOVERABLE,0.0,1,False,True,UNDECIDED_GT
n3_s02301_d0,n3,250370901,3,MNAR_self,True,acyclic,True,8,"['mean', 1]",0.17087581051343795,UNDETERMINED_RELAXED_FRAGILE,round2:no model witness; relaxation varies,0.5,1.3799517084578383e-12,RECOVERABLE,0.0,1,False,True,UNDECIDED_GT
n3_s02323_d0,n3,252570901,3,MNAR_self,True,acyclic,True,8,"['mean', 0]",,RECOVERABLE,formula:anchor_direct,,,RECOVERABLE,0.0,1,False,True,True
n3_s02323_d0,n3,252570901,3,MNAR_self,True,acyclic,True,8,"['mean', 1]",0.5726357807666,UNDETERMINED_RELAXED_FRAGILE,round2:no model witness; relaxation varies,0.5,5.440092820663267e-15,RECOVERABLE,0.0,1,False,True,UNDECIDED_GT
n3_s02351_d0,n3,255370901,3,MNAR_self,True,acyclic,True,8,"['mean', 0]",,RECOVERABLE,formula:anchor_direct,,,RECOVERABLE,0.0,1,False,True,True
n3_s02351_d0,n3,255370901,3,MNAR_self,True,acyclic,True,8,"['mean', 1]",0.7887393131135817,UNDETERMINED_RELAXED_FRAGILE,round2:no model witness; relaxation varies,0.5,2.220446049250313e-16,RECOVERABLE,0.0,1,False,True,UNDECIDED_GT
n3_s02378_d0,n3,258070901,3,MNAR_self,True,acyclic,True,8,"['mean', 0]",0.6468144193580369,UNDETERMINED_RELAXED_FRAGILE,round2:no model witness; relaxation varies,0.5,6.772360450213455e-15,RECOVERABLE,0.0,1,False,True,UNDECIDED_GT
n3_s02378_d0,n3,258070901,3,MNAR_self,True,acyclic,True,8,"['mean', 1]",0.21988397131925014,UNDETERMINED_RELAXED_FRAGILE,round2:no model witness; relaxation varies,0.5,3.3306690738754696e-16,RECOVERABLE,0.0,1,False,True,UNDECIDED_GT
n3_s02402_d0,n3,260470901,3,MNAR_self,True,acyclic,True,8,"['mean', 0]",0.6989973343227239,UNDETERMINED_RELAXED_FRAGILE,round2:no model witness; relaxation varies,0.5,5.551115123125783e-15,RECOVERABLE,0.0,1,False,True,UNDECIDED_GT
n3_s02402_d0,n3,260470901,3,MNAR_self,True,acyclic,True,8,"['mean', 1]",,RECOVERABLE,formula:anchor_direct,,,RECOVERABLE,0.0,1,False,True,True
n3_s02430_d0,n3,263270901,3,MNAR_self,True,acyclic,True,8,"['mean', 0]",0.2890746830995782,UNDETERMINED_RELAXED_FRAGILE,round2:no model witness; relaxation varies,0.5,6.994405055138486e-15,RECOVERABLE,0.0,1,False,True,UNDECIDED_GT
n3_s02430_d0,n3,263270901,3,MNAR_self,True,acyclic,True,8,"['mean', 1]",0.678279455333245,UNDETERMINED_RELAXED_FRAGILE,round2:no model witness; relaxation varies,0.5,3.164135620181696e-14,RECOVERABLE,0.0,1,False,True,UNDECIDED_GT
n3_s02446_d0,n3,264870901,3,MNAR_self,True,acyclic,True,8,"['mean', 0]",0.7227838600466243,UNDETERMINED_RELAXED_FRAGILE,round2:no model witness; relaxation varies,0.5,4.440892098500626e-16,RECOVERABLE,0.0,1,False,True,UNDECIDED_GT
n3_s02446_d0,n3,264870901,3,MNAR_self,True,acyclic,True,8,"['mean', 1]",0.6761045228603997,UNDETERMINED_RELAXED_FRAGILE,round2:no model witness; relaxation varies,0.5,2.220446049250313e-16,RECOVERABLE,0.0,1,False,True,UNDECIDED_GT
n3_s02471_d0,n3,267370901,3,MNAR_self,True,acyclic,True,8,"['mean', 0]",0.5171345011434613,UNDETERMINED_RELAXED_FRAGILE,round2:no model witness; relaxation varies,0.5,2.55351295663786e-15,RECOVERABLE,0.0,1,False,True,UNDECIDED_GT
n3_s02471_d0,n3,267370901,3,MNAR_self,True,acyclic,True,8,"['mean', 1]",,RECOVERABLE,formula:anchor_direct,,,RECOVERABLE,0.0,1,False,True,True
n3_s02499_d0,n3,270170901,3,MNAR_self,True,acyclic,True,8,"['mean', 0]",0.32058239525256127,UNDETERMINED_RELAXED_FRAGILE,round2:no model witness; relaxation varies,0.5,2.853273173286652e-14,RECOVERABLE,0.0,1,False,True,UNDECIDED_GT
n3_s02499_d0,n3,270170901,3,MNAR_self,True,acyclic,True,8,"['mean', 1]",,RECOVERABLE,formula:anchor_direct,,,RECOVERABLE,0.0,1,False,True,True
n3_s02523_d0,n3,272570901,3,MNAR_self,True,acyclic,True,8,"['mean', 0]",0.8214916056728383,UNDETERMINED_RELAXED_FRAGILE,round2:no model witness; relaxation varies,0.5,6.217248937900877e-15,RECOVERABLE,0.0,1,False,True,UNDECIDED_GT
n3_s02523_d0,n3,272570901,3,MNAR_self,True,acyclic,True,8,"['mean', 1]",0.18951075525353261,UNDETERMINED_RELAXED_FRAGILE,round2:no model witness; relaxation varies,0.5,2.248201624865942e-15,RECOVERABLE,0.0,1,False,True,UNDECIDED_GT
n3_s02542_d0,n3,274470901,3,MNAR_self,True,acyclic,True,8,"['mean', 0]",0.20111093148252124,UNDETERMINED_RELAXED_FRAGILE,round2:no model witness; relaxation varies,0.5,1.2212453270876722e-14,RECOVERABLE,0.0,1,False,True,UNDECIDED_GT
n3_s02542_d0,n3,274470901,3,MNAR_self,True,acyclic,True,8,"['mean', 1]",0.28965230432376515,UNDETERMINED_RELAXED_FRAGILE,round2:no model witness; relaxation varies,0.5,8.1601392309949e-15,RECOVERABLE,0.0,1,False,True,UNDECIDED_GT
n3_s02559_d0,n3,276170901,3,MNAR_self,True,acyclic,True,8,"['mean', 0]",0.5961383046347699,UNRECOVERABLE,model_witness(rootjump) dphi=0.0628 dist=1.7e-16,0.5,0.06278957312953559,UNRECOVERABLE,0.1272030603338088,12,False,True,True
n3_s02559_d0,n3,276170901,3,MNAR_self,True,acyclic,True,8,"['mean', 1]",0.44230348504315686,UNRECOVERABLE,model_witness(rootjump) dphi=0.0834 dist=3.3e-16,0.5,0.08339288081005003,UNRECOVERABLE,0.155439714535395,12,False,True,True
n3_s02580_d0,n3,278270901,3,MNAR_self,True,acyclic,True,8,"['mean', 0]",,RECOVERABLE,formula:anchor_direct,,,RECOVERABLE,0.0,1,False,True,True
n3_s02580_d0,n3,278270901,3,MNAR_self,True,acyclic,True,8,"['mean', 1]",0.4923319850828982,UNDETERMINED_RELAXED_FRAGILE,round2:no model witness; relaxation varies,0.5,9.50350909079134e-14,RECOVERABLE,0.0,1,False,True,UNDECIDED_GT
n3_s02594_d0,n3,279670901,3,MNAR_other,False,acyclic,True,8,"['mean', 0]",,RECOVERABLE,formula:anchor_direct,,,RECOVERABLE,0.0,1,False,True,True
n3_s02594_d0,n3,279670901,3,MNAR_other,False,acyclic,True,8,"['mean', 1]",0.6539838519543,UNDETERMINED_RELAXED_FRAGILE,round2:no model witness; relaxation varies,0.5,1.3322676295501878e-15,RECOVERABLE,0.0,1,False,True,UNDECIDED_GT
n3_s02626_d0,n3,282870901,3,MNAR_self,True,acyclic,True,8,"['mean', 0]",0.4888354195867185,UNDETERMINED_RELAXED_FRAGILE,round2:no model witness; relaxation varies,0.49999999999999994,2.0539125955565396e-15,RECOVERABLE,0.0,1,False,True,UNDECIDED_GT
n3_s02626_d0,n3,282870901,3,MNAR_self,True,acyclic,True,8,"['mean', 1]",,RECOVERABLE,formula:anchor_direct,,,RECOVERABLE,0.0,1,False,True,True
n3_s02662_d0,n3,286470901,3,MNAR_self,True,acyclic,True,8,"['mean', 0]",0.6302374134381012,UNDETERMINED_RELAXED_FRAGILE,round2:no model witness; relaxation varies,0.49999999999999994,3.1086244689504383e-15,RECOVERABLE,0.0,1,False,True,UNDECIDED_GT
n3_s02662_d0,n3,286470901,3,MNAR_self,True,acyclic,True,8,"['mean', 1]",0.3459826572103416,UNDETERMINED_RELAXED_FRAGILE,round2:no model witness; relaxation varies,0.5,2.7755575615628914e-16,RECOVERABLE,0.0,1,False,True,UNDECIDED_GT
n3_s02682_d0,n3,288470901,3,MNAR_self,True,acyclic,True,8,"['mean', 0]",0.8032923333029454,UNDETERMINED_RELAXED_FRAGILE,round2:no model witness; relaxation varies,0.5,6.661338147750939e-16,RECOVERABLE,0.0,1,False,True,UNDECIDED_GT
n3_s02682_d0,n3,288470901,3,MNAR_self,True,acyclic,True,8,"['mean', 1]",0.3819181698793014,UNDETERMINED_RELAXED_FRAGILE,round2:no model witness; relaxation varies,0.5,1.6764367671839864e-14,RECOVERABLE,0.0,1,False,True,UNDECIDED_GT
n3_s02720_d0,n3,292270901,3,MNAR_other,False,acyclic,True,8,"['mean', 0]",0.7008731060418923,UNDETERMINED_RELAXED_FRAGILE,round2:no model witness; relaxation varies,0.5,2.886579864025407e-15,RECOVERABLE,0.0,1,False,True,UNDECIDED_GT
n3_s02720_d0,n3,292270901,3,MNAR_other,False,acyclic,True,8,"['mean', 1]",0.4795266440920127,UNDETERMINED_RELAXED_FRAGILE,round2:no model witness; relaxation varies,0.5,2.3869795029440866e-15,RECOVERABLE,0.0,1,False,True,UNDECIDED_GT
n3_s02743_d0,n3,294570901,3,MNAR_self,True,acyclic,True,8,"['mean', 0]",0.7111518533623076,UNDETERMINED_RELAXED_FRAGILE,round2:no model witness; relaxation varies,0.5,2.220446049250313e-16,RECOVERABLE,0.0,1,False,True,UNDECIDED_GT
n3_s02743_d0,n3,294570901,3,MNAR_self,True,acyclic,True,8,"['mean', 1]",0.6909934129931705,UNDETERMINED_RELAXED_FRAGILE,round2:no model witness; relaxation varies,0.5,1.1102230246251565e-15,RECOVERABLE,0.0,1,False,True,UNDECIDED_GT
n3_s02766_d0,n3,296870901,3,MNAR_self,True,acyclic,True,8,"['mean', 0]",0.7544359689469697,UNDETERMINED_RELAXED_FRAGILE,round2:no model witness; relaxation varies,0.5,1.9317880628477724e-14,RECOVERABLE,0.0,1,False,True,UNDECIDED_GT
n3_s02766_d0,n3,296870901,3,MNAR_self,True,acyclic,True,8,"['mean', 1]",0.8252566641571092,UNDETERMINED_RELAXED_FRAGILE,round2:no model witness; relaxation varies,0.5,1.0325074129013956e-14,RECOVERABLE,0.0,1,False,True,UNDECIDED_GT
n3_s02785_d0,n3,298770901,3,MNAR_self,True,acyclic,True,8,"['mean', 0]",0.7103267773131724,UNDETERMINED_RELAXED_FRAGILE,round2:no model witness; relaxation varies,0.5,7.216449660063518e-15,RECOVERABLE,0.0,1,False,True,UNDECIDED_GT
n3_s02785_d0,n3,298770901,3,MNAR_self,True,acyclic,True,8,"['mean', 1]",0.2793552431193085,UNDETERMINED_RELAXED_FRAGILE,round2:no model witness; relaxation varies,0.5,3.1086244689504383e-15,RECOVERABLE,0.0,1,False,True,UNDECIDED_GT
n3_s02803_d0,n3,300570901,3,MNAR_self,True,acyclic,True,8,"['mean', 0]",0.1870687245878509,UNDETERMINED_RELAXED_FRAGILE,round2:no model witness; relaxation varies,0.5,4.218847493575595e-15,RECOVERABLE,0.0,1,False,True,UNDECIDED_GT
n3_s02803_d0,n3,300570901,3,MNAR_self,True,acyclic,True,8,"['mean', 1]",0.4241705556376272,UNDETERMINED_RELAXED_FRAGILE,round2:no model witness; relaxation varies,0.5,4.440892098500626e-15,RECOVERABLE,0.0,1,False,True,UNDECIDED_GT
n3_s02823_d0,n3,302570901,3,MNAR_self,True,acyclic,True,8,"['mean', 0]",0.20261345036997463,UNDETERMINED_RELAXED_FRAGILE,round2:no model witness; relaxation varies,0.5,6.145084441300241e-14,RECOVERABLE,0.0,1,False,True,UNDECIDED_GT
n3_s02823_d0,n3,302570901,3,MNAR_self,True,acyclic,True,8,"['mean', 1]",,RECOVERABLE,formula:anchor_direct,,,RECOVERABLE,0.0,1,False,True,True
n3_s02852_d0,n3,305470901,3,MNAR_self,True,acyclic,True,8,"['mean', 0]",0.39019012520169155,UNDETERMINED_RELAXED_FRAGILE,round2:no model witness; relaxation varies,0.5,1.6653345369377348e-15,RECOVERABLE,0.0,1,False,True,UNDECIDED_GT
n3_s02852_d0,n3,305470901,3,MNAR_self,True,acyclic,True,8,"['mean', 1]",0.5624731581468767,UNDETERMINED_RELAXED_FRAGILE,round2:no model witness; relaxation varies,0.5,2.220446049250313e-16,RECOVERABLE,0.0,1,False,True,UNDECIDED_GT
n3_s02875_d0,n3,307770901,3,MNAR_self,True,acyclic,True,8,"['mean', 0]",0.5257040154287104,UNDETERMINED_RELAXED_FRAGILE,round2:no model witness; relaxation varies,0.5,1.9984014443252818e-15,RECOVERABLE,0.0,1,False,True,UNDECIDED_GT
n3_s02875_d0,n3,307770901,3,MNAR_self,True,acyclic,True,8,"['mean', 1]",0.5772851224484151,UNDETERMINED_RELAXED_FRAGILE,round2:no model witness; relaxation varies,0.5,1.0510481374126357e-12,RECOVERABLE,0.0,1,False,True,UNDECIDED_GT
n3_s02893_d0,n3,309570901,3,MNAR_self,True,acyclic,True,8,"['mean', 0]",0.20106209677512288,UNDETERMINED_RELAXED_FRAGILE,round2:no model witness; relaxation varies,0.5,3.247402347028583e-15,RECOVERABLE,0.0,1,False,True,UNDECIDED_GT
n3_s02893_d0,n3,309570901,3,MNAR_self,True,acyclic,True,8,"['mean', 1]",0.5420014710409737,UNDETERMINED_RELAXED_FRAGILE,round2:no model witness; relaxation varies,0.5,1.6653345369377348e-15,RECOVERABLE,0.0,1,False,True,UNDECIDED_GT
n3_s02919_d0,n3,312170901,3,MNAR_self,True,acyclic,True,8,"['mean', 0]",0.19595130886499518,UNDETERMINED_RELAXED_FRAGILE,round2:no model witness; relaxation varies,0.5,9.298117831235686e-15,RECOVERABLE,0.0,1,False,True,UNDECIDED_GT
n3_s02919_d0,n3,312170901,3,MNAR_self,True,acyclic,True,8,"['mean', 1]",0.4797214138358679,UNDETERMINED_RELAXED_FRAGILE,round2:no model witness; relaxation varies,0.5,2.7755575615628914e-16,RECOVERABLE,0.0,1,False,True,UNDECIDED_GT
n3_s02943_d0,n3,314570901,3,MNAR_self,True,acyclic,True,8,"['mean', 0]",0.7660573735592813,UNRECOVERABLE,model_witness(rootjump) dphi=0.0101 dist=2.2e-16,0.5,0.01009715930332733,UNRECOVERABLE,0.009843408438791834,12,False,True,True
n3_s02943_d0,n3,314570901,3,MNAR_self,True,acyclic,True,8,"['mean', 1]",0.3352938773204357,UNRECOVERABLE,model_witness(rootjump) dphi=0.0541 dist=1.7e-16,0.5,0.05406034886885114,UNRECOVERABLE,0.05370164739968519,12,False,True,True
n3_s02973_d0,n3,317570901,3,MNAR_self,True,acyclic,True,8,"['mean', 0]",0.6293182650669834,UNDETERMINED_RELAXED_FRAGILE,round2:no model witness; relaxation varies,0.5000000000000001,7.738254481637341e-14,RECOVERABLE,0.0,1,False,True,UNDECIDED_GT
n3_s02973_d0,n3,317570901,3,MNAR_self,True,acyclic,True,8,"['mean', 1]",0.5878451993983287,UNDETERMINED_RELAXED_FRAGILE,round2:no model witness; relaxation varies,0.5,4.196643033083092e-14,RECOVERABLE,0.0,1,False,True,UNDECIDED_GT
n3_s02997_d0,n3,319970901,3,MNAR_self,True,acyclic,True,8,"['mean', 0]",0.6751385712156639,UNDETERMINED_RELAXED_FRAGILE,round2:no model witness; relaxation varies,0.5,1.9984014443252818e-15,RECOVERABLE,0.0,1,False,True,UNDECIDED_GT
n3_s02997_d0,n3,319970901,3,MNAR_self,True,acyclic,True,8,"['mean', 1]",0.5526485037038913,UNDETERMINED_RELAXED_FRAGILE,round2:no model witness; relaxation varies,0.5,1.6653345369377348e-14,RECOVERABLE,0.0,1,False,True,UNDECIDED_GT
n3_s03022_d0,n3,322470901,3,MNAR_self,True,acyclic,True,8,"['mean', 0]",0.1788869932321184,UNDETERMINED_RELAXED_FRAGILE,round2:no model witness; relaxation varies,0.49999999999999994,1.5773493622361912e-13,RECOVERABLE,0.0,1,False,True,UNDECIDED_GT
n3_s03022_d0,n3,322470901,3,MNAR_self,True,acyclic,True,8,"['mean', 1]",0.18518864722137898,UNDETERMINED_RELAXED_FRAGILE,round2:no model witness; relaxation varies,0.5,8.473777235451507e-14,RECOVERABLE,0.0,1,False,True,UNDECIDED_GT
n3_s03037_d0,n3,323970901,3,MNAR_self,True,acyclic,True,8,"['mean', 0]",0.30128659379211636,UNDETERMINED_RELAXED_FRAGILE,round2:no model witness; relaxation varies,0.5000000000000001,4.936051567483446e-13,RECOVERABLE,0.0,1,False,True,UNDECIDED_GT
n3_s03037_d0,n3,323970901,3,MNAR_self,True,acyclic,True,8,"['mean', 1]",0.22105988608918578,UNDETERMINED_RELAXED_FRAGILE,round2:no model witness; relaxation varies,0.5,9.726663918740996e-13,RECOVERABLE,0.0,1,False,True,UNDECIDED_GT
n3_s03078_d0,n3,328070901,3,MNAR_self,True,acyclic,True,8,"['mean', 0]",,RECOVERABLE,formula:anchor_direct,,,RECOVERABLE,1.6653345369377348e-16,12,False,True,True
n3_s03078_d0,n3,328070901,3,MNAR_self,True,acyclic,True,8,"['mean', 1]",,RECOVERABLE,formula:anchor_direct,,,RECOVERABLE,1.1102230246251565e-16,12,False,True,True
n3_s03101_d0,n3,330370901,3,MNAR_self,True,acyclic,True,8,"['mean', 0]",,RECOVERABLE,formula:anchor_direct,,,RECOVERABLE,0.0,1,False,True,True
n3_s03101_d0,n3,330370901,3,MNAR_self,True,acyclic,True,8,"['mean', 1]",0.6152341010359934,UNDETERMINED_RELAXED_FRAGILE,round2:no model witness; relaxation varies,0.5,3.6637359812630166e-15,RECOVERABLE,0.0,1,False,True,UNDECIDED_GT
n3_s03130_d0,n3,333270901,3,MNAR_self,True,acyclic,True,8,"['mean', 0]",,RECOVERABLE,formula:anchor_direct,,,RECOVERABLE,0.0,1,False,True,True
n3_s03130_d0,n3,333270901,3,MNAR_self,True,acyclic,True,8,"['mean', 1]",0.485843956599409,UNDETERMINED_RELAXED_FRAGILE,round2:no model witness; relaxation varies,0.5,2.265410081747632e-13,RECOVERABLE,0.0,1,False,True,UNDECIDED_GT
n3_s03151_d0,n3,335370901,3,MNAR_self,True,acyclic,True,8,"['mean', 0]",0.45691020807429494,UNDETERMINED_RELAXED_FRAGILE,round2:no model witness; relaxation varies,0.5,8.992806499463768e-15,RECOVERABLE,7.771561172376096e-16,12,False,True,UNDECIDED_GT
n3_s03151_d0,n3,335370901,3,MNAR_self,True,acyclic,True,8,"['mean', 1]",0.2887403532702341,UNDETERMINED_RELAXED_FRAGILE,round2:no model witness; relaxation varies,0.5,1.0547118733938987e-15,RECOVERABLE,5.551115123125783e-17,12,False,True,UNDECIDED_GT
n3_s03163_d0,n3,336570901,3,MNAR_self,True,acyclic,True,8,"['mean', 0]",0.8338525720562677,UNDETERMINED_RELAXED_FRAGILE,round2:no model witness; relaxation varies,0.5,2.864375403532904e-14,RECOVERABLE,0.0,1,False,True,UNDECIDED_GT
n3_s03163_d0,n3,336570901,3,MNAR_self,True,acyclic,True,8,"['mean', 1]",0.43183846139823645,UNDETERMINED_RELAXED_FRAGILE,round2:no model witness; relaxation varies,0.5,3.3306690738754696e-16,RECOVERABLE,0.0,1,False,True,UNDECIDED_GT
n3_s03186_d0,n3,338870901,3,MNAR_self,True,acyclic,True,8,"['mean', 0]",0.23785242453258326,UNDETERMINED_RELAXED_FRAGILE,round2:no model witness; relaxation varies,0.5,8.548717289613705e-15,RECOVERABLE,0.0,1,False,True,UNDECIDED_GT
n3_s03186_d0,n3,338870901,3,MNAR_self,True,acyclic,True,8,"['mean', 1]",0.7782706427065497,UNDETERMINED_RELAXED_FRAGILE,round2:no model witness; relaxation varies,0.5,2.886579864025407e-15,RECOVERABLE,0.0,1,False,True,UNDECIDED_GT
n3_s03211_d0,n3,341370901,3,MNAR_other,False,acyclic,True,8,"['mean', 0]",0.8360807996967046,UNDETERMINED_RELAXED_FRAGILE,round2:no model witness; relaxation varies,0.5,4.6629367034256575e-15,RECOVERABLE,0.0,1,False,True,UNDECIDED_GT
n3_s03211_d0,n3,341370901,3,MNAR_other,False,acyclic,True,8,"['mean', 1]",0.5990695026812378,UNDETERMINED_RELAXED_FRAGILE,round2:no model witness; relaxation varies,0.5,1.7763568394002505e-15,RECOVERABLE,0.0,1,False,True,UNDECIDED_GT
n3_s03226_d0,n3,342870901,3,MNAR_self,True,acyclic,True,8,"['mean', 0]",0.3352997564824194,UNDETERMINED_RELAXED_FRAGILE,round2:no model witness; relaxation varies,0.5,5.551115123125783e-16,RECOVERABLE,0.0,1,False,True,UNDECIDED_GT
n3_s03226_d0,n3,342870901,3,MNAR_self,True,acyclic,True,8,"['mean', 1]",0.3758066840635522,UNDETERMINED_RELAXED_FRAGILE,round2:no model witness; relaxation varies,0.5,8.049116928532385e-15,RECOVERABLE,0.0,1,False,True,UNDECIDED_GT
n3_s03252_d0,n3,345470901,3,MNAR_self,True,acyclic,True,8,"['mean', 0]",0.35799067986885785,UNDETERMINED_RELAXED_FRAGILE,round2:no model witness; relaxation varies,0.5,1.6653345369377348e-16,RECOVERABLE,0.0,1,False,True,UNDECIDED_GT
n3_s03252_d0,n3,345470901,3,MNAR_self,True,acyclic,True,8,"['mean', 1]",0.5957820020032133,UNDETERMINED_RELAXED_FRAGILE,round2:no model witness; relaxation varies,0.5,4.440892098500626e-16,RECOVERABLE,0.0,1,False,True,UNDECIDED_GT
n3_s03275_d0,n3,347770901,3,MNAR_self,True,acyclic,True,8,"['mean', 0]",0.6405142124861662,UNDETERMINED_RELAXED_FRAGILE,round2:no model witness; relaxation varies,0.5,1.4765966227514582e-14,RECOVERABLE,0.0,1,False,True,UNDECIDED_GT
n3_s03275_d0,n3,347770901,3,MNAR_self,True,acyclic,True,8,"['mean', 1]",0.40427057010191947,UNDETERMINED_RELAXED_FRAGILE,round2:no model witness; relaxation varies,0.5,1.5543122344752192e-15,RECOVERABLE,0.0,1,False,True,UNDECIDED_GT
n3_s03297_d0,n3,349970901,3,MNAR_self,True,acyclic,True,8,"['mean', 0]",0.19484991595273182,UNDETERMINED_RELAXED_FRAGILE,round2:no model witness; relaxation varies,0.5,1.3183898417423734e-14,RECOVERABLE,0.0,1,False,True,UNDECIDED_GT
n3_s03297_d0,n3,349970901,3,MNAR_self,True,acyclic,True,8,"['mean', 1]",0.6646992807696628,UNDETERMINED_RELAXED_FRAGILE,round2:no model witness; relaxation varies,0.5,2.220446049250313e-16,RECOVERABLE,0.0,1,False,True,UNDECIDED_GT
n3_s03320_d0,n3,352270901,3,MNAR_self,True,acyclic,True,8,"['mean', 0]",0.7045961127789613,UNDETERMINED_RELAXED_FRAGILE,round2:no model witness; relaxation varies,0.5,8.992806499463768e-15,RECOVERABLE,0.0,1,False,True,UNDECIDED_GT
n3_s03320_d0,n3,352270901,3,MNAR_self,True,acyclic,True,8,"['mean', 1]",0.4788160159103327,UNDETERMINED_RELAXED_FRAGILE,round2:no model witness; relaxation varies,0.5,1.591504705800162e-13,RECOVERABLE,0.0,1,False,True,UNDECIDED_GT
n3_s03343_d0,n3,354570901,3,MNAR_self,True,acyclic,True,8,"['mean', 0]",0.3461752624553695,UNDETERMINED_RELAXED_FRAGILE,round2:no model witness; relaxation varies,0.5,9.43689570931383e-16,RECOVERABLE,0.0,1,False,True,UNDECIDED_GT
n3_s03343_d0,n3,354570901,3,MNAR_self,True,acyclic,True,8,"['mean', 1]",0.4314284854797761,UNDETERMINED_RELAXED_FRAGILE,round2:no model witness; relaxation varies,0.5,2.7755575615628914e-16,RECOVERABLE,0.0,1,False,True,UNDECIDED_GT
n3_s03366_d0,n3,356870901,3,MNAR_self,True,acyclic,True,8,"['mean', 0]",0.29766322394961886,UNDETERMINED_RELAXED_FRAGILE,round2:no model witness; relaxation varies,0.5,1.1102230246251565e-16,RECOVERABLE,0.0,1,False,True,UNDECIDED_GT
n3_s03366_d0,n3,356870901,3,MNAR_self,True,acyclic,True,8,"['mean', 1]",0.7024118914846341,UNDETERMINED_RELAXED_FRAGILE,round2:no model witness; relaxation varies,0.5,5.551115123125783e-16,RECOVERABLE,0.0,1,False,True,UNDECIDED_GT
n3_s03389_d0,n3,359170901,3,MNAR_self,True,acyclic,True,8,"['mean', 0]",0.7466956414225154,UNDETERMINED_RELAXED_FRAGILE,round2:no model witness; relaxation varies,0.5,5.662137425588298e-15,RECOVERABLE,2.3314683517128287e-15,12,False,True,UNDECIDED_GT
n3_s03389_d0,n3,359170901,3,MNAR_self,True,acyclic,True,8,"['mean', 1]",0.6425179082796777,UNRECOVERABLE,model_witness(rootjump) dphi=0.0910 dist=1.1e-16,0.5,0.09096561785339485,UNRECOVERABLE,0.1929392115995624,12,False,True,True
n3_s03404_d0,n3,360670901,3,MNAR_self,True,acyclic,True,8,"['mean', 0]",0.1962796631250292,UNDETERMINED_RELAXED_FRAGILE,round2:no model witness; relaxation varies,0.5,1.4155343563970746e-15,RECOVERABLE,0.0,1,False,True,UNDECIDED_GT
n3_s03404_d0,n3,360670901,3,MNAR_self,True,acyclic,True,8,"['mean', 1]",0.7482877143750266,UNDETERMINED_RELAXED_FRAGILE,round2:no model witness; relaxation varies,0.5,3.3306690738754696e-16,RECOVERABLE,0.0,1,False,True,UNDECIDED_GT
n3_s03429_d0,n3,363170901,3,MNAR_self,True,acyclic,True,8,"['mean', 0]",0.6267009644944984,UNDETERMINED_RELAXED_FRAGILE,round2:no model witness; relaxation varies,0.5,1.0114131754335176e-13,RECOVERABLE,0.0,1,False,True,UNDECIDED_GT
n3_s03429_d0,n3,363170901,3,MNAR_self,True,acyclic,True,8,"['mean', 1]",0.5580862934045883,UNDETERMINED_RELAXED_FRAGILE,round2:no model witness; relaxation varies,0.5,6.661338147750939e-16,RECOVERABLE,0.0,1,False,True,UNDECIDED_GT
n3_s03444_d0,n3,364670901,3,MNAR_self,True,acyclic,True,8,"['mean', 0]",0.3613937352860364,UNDETERMINED_RELAXED_FRAGILE,round2:no model witness; relaxation varies,0.5,1.0824674490095276e-14,RECOVERABLE,0.0,1,False,True,UNDECIDED_GT
n3_s03444_d0,n3,364670901,3,MNAR_self,True,acyclic,True,8,"['mean', 1]",0.32747021632120965,UNDETERMINED_RELAXED_FRAGILE,round2:no model witness; relaxation varies,0.5,1.149080830487037e-14,RECOVERABLE,0.0,1,False,True,UNDECIDED_GT
n3_s03465_d0,n3,366770901,3,MNAR_other,False,acyclic,True,8,"['mean', 0]",0.2940407393180053,UNDETERMINED_RELAXED_FRAGILE,round2:no model witness; relaxation varies,0.49999999999999994,6.106226635438361e-16,RECOVERABLE,0.0,1,False,True,UNDECIDED_GT
n3_s03465_d0,n3,366770901,3,MNAR_other,False,acyclic,True,8,"['mean', 1]",0.6662337304147943,UNDETERMINED_RELAXED_FRAGILE,round2:no model witness; relaxation varies,0.5,3.3306690738754696e-16,RECOVERABLE,0.0,1,False,True,UNDECIDED_GT
n3_s03488_d0,n3,369070901,3,MNAR_other,False,acyclic,True,8,"['mean', 0]",0.6255026134059635,UNDETERMINED_RELAXED_FRAGILE,round2:no model witness; relaxation varies,0.5,1.3322676295501878e-15,RECOVERABLE,0.0,1,False,True,UNDECIDED_GT
n3_s03488_d0,n3,369070901,3,MNAR_other,False,acyclic,True,8,"['mean', 1]",0.47468337150760936,UNDETERMINED_RELAXED_FRAGILE,round2:no model witness; relaxation varies,0.5,1.609823385706477e-15,RECOVERABLE,0.0,1,False,True,UNDECIDED_GT
n3_s03511_d0,n3,371370901,3,MNAR_self,True,acyclic,True,8,"['mean', 0]",0.5913828129266185,UNDETERMINED_RELAXED_FRAGILE,round2:no model witness; relaxation varies,0.5,1.3322676295501878e-15,RECOVERABLE,0.0,1,False,True,UNDECIDED_GT
n3_s03511_d0,n3,371370901,3,MNAR_self,True,acyclic,True,8,"['mean', 1]",0.587270673785091,UNDETERMINED_RELAXED_FRAGILE,round2:no model witness; relaxation varies,0.5,5.551115123125783e-16,RECOVERABLE,0.0,1,False,True,UNDECIDED_GT
n3_s03526_d0,n3,372870901,3,MNAR_self,True,acyclic,True,8,"['mean', 0]",0.36055858046321576,UNRECOVERABLE,model_witness(rootjump) dphi=0.1930 dist=1.1e-16,0.5,0.19300893726987434,UNRECOVERABLE,0.18229938074678043,12,False,True,True
n3_s03526_d0,n3,372870901,3,MNAR_self,True,acyclic,True,8,"['mean', 1]",,RECOVERABLE,formula:anchor_direct,,,RECOVERABLE,3.3306690738754696e-16,12,False,True,True
n3_s03539_d0,n3,374170901,3,MNAR_self,True,acyclic,True,8,"['mean', 0]",0.18792433053976199,UNDETERMINED_RELAXED_FRAGILE,round2:no model witness; relaxation varies,0.5,3.441691376337985e-14,RECOVERABLE,0.0,1,False,True,UNDECIDED_GT
n3_s03539_d0,n3,374170901,3,MNAR_self,True,acyclic,True,8,"['mean', 1]",0.17152619294458843,UNDETERMINED_RELAXED_FRAGILE,round2:no model witness; relaxation varies,0.5,1.942890293094024e-16,RECOVERABLE,0.0,1,False,True,UNDECIDED_GT
n3_s03563_d0,n3,376570901,3,MNAR_self,True,acyclic,True,8,"['mean', 0]",0.5992374559629434,UNDETERMINED_RELAXED_FRAGILE,round2:no model witness; relaxation varies,0.5,6.439293542825908e-15,RECOVERABLE,0.0,1,False,True,UNDECIDED_GT
n3_s03563_d0,n3,376570901,3,MNAR_self,True,acyclic,True,8,"['mean', 1]",0.5490133554826901,UNDETERMINED_RELAXED_FRAGILE,round2:no model witness; relaxation varies,0.5,1.5543122344752192e-15,RECOVERABLE,0.0,1,False,True,UNDECIDED_GT
n3_s03586_d0,n3,378870901,3,MNAR_other,False,acyclic,True,8,"['mean', 0]",,RECOVERABLE,formula:anchor_direct,,,RECOVERABLE,0.0,1,False,True,True
n3_s03586_d0,n3,378870901,3,MNAR_other,False,acyclic,True,8,"['mean', 1]",,RECOVERABLE,formula:anchor_direct,,,RECOVERABLE,0.0,1,False,True,True
n3_s03608_d0,n3,381070901,3,MNAR_self,True,acyclic,True,8,"['mean', 0]",,RECOVERABLE,formula:anchor_direct,,,RECOVERABLE,0.0,1,False,True,True
n3_s03608_d0,n3,381070901,3,MNAR_self,True,acyclic,True,8,"['mean', 1]",0.3516002849398925,UNDETERMINED_RELAXED_FRAGILE,round2:no model witness; relaxation varies,0.5,2.275957200481571e-15,RECOVERABLE,0.0,1,False,True,UNDECIDED_GT
n3_s03639_d0,n3,384170901,3,MNAR_self,True,acyclic,True,8,"['mean', 0]",,RECOVERABLE,formula:anchor_direct,,,RECOVERABLE,8.326672684688674e-17,12,False,True,True
n3_s03639_d0,n3,384170901,3,MNAR_self,True,acyclic,True,8,"['mean', 1]",0.6015681923676786,UNRECOVERABLE,model_witness(rootjump) dphi=0.0010 dist=1.1e-16,0.5,0.0010253304709618716,UNRECOVERABLE,0.0015298614982999226,12,False,True,True
n3_s03666_d0,n3,386870901,3,MNAR_self,True,acyclic,True,8,"['mean', 0]",0.5118832472733157,UNDETERMINED_RELAXED_FRAGILE,round2:no model witness; relaxation varies,0.5,9.43689570931383e-15,RECOVERABLE,0.0,1,False,True,UNDECIDED_GT
n3_s03666_d0,n3,386870901,3,MNAR_self,True,acyclic,True,8,"['mean', 1]",0.5857584083229888,UNDETERMINED_RELAXED_FRAGILE,round2:no model witness; relaxation varies,0.5,8.659739592076221e-15,RECOVERABLE,0.0,1,False,True,UNDECIDED_GT
n3_s03686_d0,n3,388870901,3,MNAR_self,True,acyclic,True,8,"['mean', 0]",0.5914341569028907,UNDETERMINED_RELAXED_FRAGILE,round2:no model witness; relaxation varies,0.5,4.107825191113079e-15,RECOVERABLE,0.0,1,False,True,UNDECIDED_GT
n3_s03686_d0,n3,388870901,3,MNAR_self,True,acyclic,True,8,"['mean', 1]",0.49703585780339893,UNDETERMINED_RELAXED_FRAGILE,round2:no model witness; relaxation varies,0.5,2.6645352591003757e-15,RECOVERABLE,0.0,1,False,True,UNDECIDED_GT
n3_s03718_d0,n3,392070901,3,MNAR_self,True,acyclic,True,8,"['mean', 0]",0.16989296248849103,UNDETERMINED_RELAXED_FRAGILE,round2:no model witness; relaxation varies,0.5,4.440892098500626e-16,RECOVERABLE,0.0,1,False,True,UNDECIDED_GT
n3_s03718_d0,n3,392070901,3,MNAR_self,True,acyclic,True,8,"['mean', 1]",,RECOVERABLE,formula:anchor_direct,,,RECOVERABLE,0.0,1,False,True,True
n3_s03733_d0,n3,393570901,3,MNAR_self,True,acyclic,True,8,"['mean', 0]",0.3665830397748838,UNDETERMINED_RELAXED_FRAGILE,round2:no model witness; relaxation varies,0.5,9.992007221626409e-16,RECOVERABLE,0.0,1,False,True,UNDECIDED_GT
n3_s03733_d0,n3,393570901,3,MNAR_self,True,acyclic,True,8,"['mean', 1]",0.16438718822152687,UNDETERMINED_RELAXED_FRAGILE,round2:no model witness; relaxation varies,0.5,2.9698465908722937e-15,RECOVERABLE,0.0,1,False,True,UNDECIDED_GT
n3_s03760_d0,n3,396270901,3,MNAR_self,True,acyclic,True,8,"['mean', 0]",0.3674257399704247,UNDETERMINED_RELAXED_FRAGILE,round2:no model witness; relaxation varies,0.5000000000000001,8.881784197001252e-16,RECOVERABLE,0.0,1,False,True,UNDECIDED_GT
n3_s03760_d0,n3,396270901,3,MNAR_self,True,acyclic,True,8,"['mean', 1]",0.6551180928656428,UNDETERMINED_RELAXED_FRAGILE,round2:no model witness; relaxation varies,0.5,1.84297022087776e-14,RECOVERABLE,0.0,1,False,True,UNDECIDED_GT
n3_s03775_d0,n3,397770901,3,MNAR_self,True,acyclic,True,8,"['mean', 0]",0.4442358902759078,UNRECOVERABLE,model_witness(rootjump) dphi=0.0297 dist=1.1e-16,0.5,0.029668544205149305,UNRECOVERABLE,0.027169041736006094,12,False,True,True
n3_s03775_d0,n3,397770901,3,MNAR_self,True,acyclic,True,8,"['mean', 1]",0.40647040117025685,UNDETERMINED_RELAXED_FRAGILE,round2:no model witness; relaxation varies,0.5,6.328271240363392e-15,RECOVERABLE,2.831068712794149e-15,12,False,True,UNDECIDED_GT
n3_s03800_d0,n3,400270901,3,MNAR_self,True,acyclic,True,8,"['mean', 0]",0.5787846501012038,UNDETERMINED_RELAXED_FRAGILE,round2:no model witness; relaxation varies,0.5,6.050715484207103e-14,RECOVERABLE,0.0,1,False,True,UNDECIDED_GT
n3_s03800_d0,n3,400270901,3,MNAR_self,True,acyclic,True,8,"['mean', 1]",0.42557950944334133,UNDETERMINED_RELAXED_FRAGILE,round2:no model witness; relaxation varies,0.5,1.9262369477246466e-14,RECOVERABLE,0.0,1,False,True,UNDECIDED_GT
n3_s03823_d0,n3,402570901,3,MNAR_self,True,acyclic,True,8,"['mean', 0]",0.36608771102617377,UNRECOVERABLE,model_witness(rootjump) dphi=0.0002 dist=2.2e-16,0.5,0.00021087992994750504,UNRECOVERABLE,0.00025392331970142124,12,False,True,True
n3_s03823_d0,n3,402570901,3,MNAR_self,True,acyclic,True,8,"['mean', 1]",0.5531708316210023,UNRECOVERABLE,model_witness(rootjump) dphi=0.0059 dist=2.2e-16,0.5,0.005897023761710418,UNRECOVERABLE,0.007100684499960486,12,False,True,True
n3_s03840_d0,n3,404270901,3,MNAR_other,False,acyclic,True,8,"['mean', 0]",0.3592967554554373,UNDETERMINED_RELAXED_FRAGILE,round2:no model witness; relaxation varies,0.5,2.7755575615628914e-16,RECOVERABLE,0.0,1,False,True,UNDECIDED_GT
n3_s03840_d0,n3,404270901,3,MNAR_other,False,acyclic,True,8,"['mean', 1]",,RECOVERABLE,formula:anchor_direct,,,RECOVERABLE,0.0,1,False,True,True
n3_s03864_d0,n3,406670901,3,MNAR_self,True,acyclic,True,8,"['mean', 0]",0.6357926720792083,UNDETERMINED_RELAXED_FRAGILE,round2:no model witness; relaxation varies,0.5,1.1102230246251565e-16,RECOVERABLE,0.0,1,False,True,UNDECIDED_GT
n3_s03864_d0,n3,406670901,3,MNAR_self,True,acyclic,True,8,"['mean', 1]",0.7947364007073112,UNDETERMINED_RELAXED_FRAGILE,round2:no model witness; relaxation varies,0.5,5.617728504603292e-14,RECOVERABLE,0.0,1,False,True,UNDECIDED_GT
n3_s03888_d0,n3,409070901,3,MNAR_self,True,acyclic,True,8,"['mean', 0]",0.46210164850227964,UNDETERMINED_RELAXED_FRAGILE,round2:no model witness; relaxation varies,0.5,2.220446049250313e-16,RECOVERABLE,0.0,1,False,True,UNDECIDED_GT
n3_s03888_d0,n3,409070901,3,MNAR_self,True,acyclic,True,8,"['mean', 1]",0.5028527755301812,UNDETERMINED_RELAXED_FRAGILE,round2:no model witness; relaxation varies,0.5,4.6629367034256575e-15,RECOVERABLE,0.0,1,False,True,UNDECIDED_GT
n3_s03909_d0,n3,411170901,3,MNAR_self,True,acyclic,True,8,"['mean', 0]",0.6021552041507142,UNDETERMINED_RELAXED_FRAGILE,round2:no model witness; relaxation varies,0.5,3.730349362740526e-14,RECOVERABLE,0.0,1,False,True,UNDECIDED_GT
n3_s03909_d0,n3,411170901,3,MNAR_self,True,acyclic,True,8,"['mean', 1]",,RECOVERABLE,formula:anchor_direct,,,RECOVERABLE,0.0,1,False,True,True
n3_s03923_d0,n3,412570901,3,MNAR_self,True,acyclic,True,8,"['mean', 0]",0.5677863057529519,UNDETERMINED_RELAXED_FRAGILE,round2:no model witness; relaxation varies,0.5,1.787459069646502e-14,RECOVERABLE,0.0,1,False,True,UNDECIDED_GT
n3_s03923_d0,n3,412570901,3,MNAR_self,True,acyclic,True,8,"['mean', 1]",0.6709071021835762,UNDETERMINED_RELAXED_FRAGILE,round2:no model witness; relaxation varies,0.5,6.5503158452884236e-15,RECOVERABLE,0.0,1,False,True,UNDECIDED_GT
n3_s03939_d0,n3,414170901,3,MNAR_self,True,acyclic,True,8,"['mean', 0]",0.7097241895033422,UNDETERMINED_RELAXED_FRAGILE,round2:no model witness; relaxation varies,0.5,4.884981308350689e-15,RECOVERABLE,0.0,1,False,True,UNDECIDED_GT
n3_s03939_d0,n3,414170901,3,MNAR_self,True,acyclic,True,8,"['mean', 1]",0.55727912924102,UNDETERMINED_RELAXED_FRAGILE,round2:no model witness; relaxation varies,0.5,3.3306690738754696e-16,RECOVERABLE,0.0,1,False,True,UNDECIDED_GT
n3_s03960_d0,n3,416270901,3,MNAR_self,True,acyclic,True,8,"['mean', 0]",0.6089468563126217,UNDETERMINED_RELAXED_FRAGILE,round2:no model witness; relaxation varies,0.5,2.4424906541753444e-15,RECOVERABLE,5.551115123125783e-16,12,False,True,UNDECIDED_GT
n3_s03960_d0,n3,416270901,3,MNAR_self,True,acyclic,True,8,"['mean', 1]",0.436048185301647,UNRECOVERABLE,model_witness(rootjump) dphi=0.1883 dist=1.7e-16,0.5,0.18830475262467905,UNRECOVERABLE,0.1906335279171909,12,False,True,True
n3_s03984_d0,n3,418670901,3,MNAR_self,True,acyclic,True,8,"['mean', 0]",0.6841212381973174,UNDETERMINED_RELAXED_FRAGILE,round2:no model witness; relaxation varies,0.49999999999999994,2.3314683517128287e-15,RECOVERABLE,0.0,1,False,True,UNDECIDED_GT
n3_s03984_d0,n3,418670901,3,MNAR_self,True,acyclic,True,8,"['mean', 1]",0.48048900827398333,UNDETERMINED_RELAXED_FRAGILE,round2:no model witness; relaxation varies,0.5,4.551914400963142e-15,RECOVERABLE,0.0,1,False,True,UNDECIDED_GT
n3_s03995_d0,n3,419770901,3,MNAR_self,True,acyclic,True,8,"['mean', 0]",0.66357974586441,UNDETERMINED_RELAXED_FRAGILE,round2:no model witness; relaxation varies,0.5,2.4424906541753444e-15,RECOVERABLE,0.0,1,False,True,UNDECIDED_GT
n3_s03995_d0,n3,419770901,3,MNAR_self,True,acyclic,True,8,"['mean', 1]",0.657026618937972,UNDETERMINED_RELAXED_FRAGILE,round2:no model witness; relaxation varies,0.5,1.554312234475219e-14,RECOVERABLE,0.0,1,False,True,UNDECIDED_GT
n3_s04021_d0,n3,422370901,3,MNAR_self,True,acyclic,True,8,"['mean', 0]",0.41587583372531345,UNDETERMINED_RELAXED_FRAGILE,round2:no model witness; relaxation varies,0.49999999999999994,3.608224830031759e-15,RECOVERABLE,0.0,1,False,True,UNDECIDED_GT
n3_s04021_d0,n3,422370901,3,MNAR_self,True,acyclic,True,8,"['mean', 1]",0.37911093040042865,UNDETERMINED_RELAXED_FRAGILE,round2:no model witness; relaxation varies,0.5,3.302913498259841e-14,RECOVERABLE,0.0,1,False,True,UNDECIDED_GT
n3_s04033_d0,n3,423570901,3,MNAR_self,True,acyclic,True,8,"['mean', 0]",0.4879268416034827,UNDETERMINED_RELAXED_FRAGILE,round2:no model witness; relaxation varies,0.5,6.533107388406734e-13,RECOVERABLE,4.85722573273506e-14,12,False,True,UNDECIDED_GT
n3_s04033_d0,n3,423570901,3,MNAR_self,True,acyclic,True,8,"['mean', 1]",,RECOVERABLE,formula:anchor_direct,,,RECOVERABLE,2.220446049250313e-16,12,False,True,True
n3_s04053_d0,n3,425570901,3,MNAR_self,True,acyclic,True,8,"['mean', 0]",0.8273126245736264,UNRECOVERABLE,model_witness(rootjump) dphi=0.0025 dist=1.1e-16,0.5,0.0025274874175386097,UNRECOVERABLE,0.0030959196853724835,12,False,True,True
n3_s04053_d0,n3,425570901,3,MNAR_self,True,acyclic,True,8,"['mean', 1]",0.3666918897869887,UNDETERMINED_RELAXED_FRAGILE,round2:no model witness; relaxation varies,0.5,3.885780586188048e-16,RECOVERABLE,1.1102230246251565e-16,12,False,True,UNDECIDED_GT
n3_s04075_d0,n3,427770901,3,MNAR_self,True,acyclic,True,8,"['mean', 0]",0.5595064789581314,UNDETERMINED_RELAXED_FRAGILE,round2:no model witness; relaxation varies,0.49999999999999994,4.618527782440651e-14,RECOVERABLE,0.0,1,False,True,UNDECIDED_GT
n3_s04075_d0,n3,427770901,3,MNAR_self,True,acyclic,True,8,"['mean', 1]",0.41832341409410545,UNDETERMINED_RELAXED_FRAGILE,round2:no model witness; relaxation varies,0.5,1.5210055437364645e-13,RECOVERABLE,0.0,1,False,True,UNDECIDED_GT
named_collider_selection_d1,named,20270902,2,MNAR_self,True,acyclic,True,4,"['mean', 0]",,RECOVERABLE,formula:anchor_direct,,,RECOVERABLE,2.220446049250313e-16,12,False,True,True
named_collider_selection_d1,named,20270902,2,MNAR_self,True,acyclic,True,4,"['mean', 1]",0.7255029955121719,UNRECOVERABLE,model_witness(rootjump) dphi=0.1661 dist=2.2e-16,0.5,0.16610179163648453,UNRECOVERABLE,0.2410500573235379,12,False,True,True
named_mcar_reference_d0,named,20294232,2,MCAR,False,acyclic,True,4,"['mean', 0]",,RECOVERABLE,formula:direct_full_pattern,,,RECOVERABLE,0.0,1,False,False,True
named_mcar_reference_d0,named,20294232,2,MCAR,False,acyclic,True,4,"['mean', 1]",,RECOVERABLE,formula:direct_full_pattern,,,RECOVERABLE,0.0,1,False,False,True
named_mnar_on_partial_cause_d2,named,20309788,2,MNAR_other,False,acyclic,True,4,"['mean', 0]",,RECOVERABLE,formula:anchor_direct,,,RECOVERABLE,0.0,1,False,True,True
named_mnar_on_partial_cause_d2,named,20309788,2,MNAR_other,False,acyclic,True,4,"['mean', 1]",0.375846467155192,UNDETERMINED_RELAXED_FRAGILE,round2:no model witness; relaxation varies,0.5,2.275957200481571e-15,RECOVERABLE,0.0,1,False,True,UNDECIDED_GT
named_self_censor_v2_chain_d1,named,20333118,2,MNAR_self,True,acyclic,True,4,"['mean', 0]",,RECOVERABLE,formula:anchor_direct,,,RECOVERABLE,0.0,1,False,True,True
named_self_censor_v2_chain_d1,named,20333118,2,MNAR_self,True,acyclic,True,4,"['mean', 1]",0.3792343596255378,UNDETERMINED_RELAXED_FRAGILE,round2:no model witness; relaxation varies,0.5,7.698286452750835e-13,RECOVERABLE,0.0,1,False,True,UNDECIDED_GT
n4_r0000_d0,n4,25270901,4,MNAR_self,True,acyclic,True,16,"['mean', 0]",0.5442104186894923,UNDETERMINED_RELAXED_FRAGILE,round2:no model witness; relaxation varies,0.5,4.218847493575595e-15,RECOVERABLE,0.0,1,False,True,UNDECIDED_GT
n4_r0000_d0,n4,25270901,4,MNAR_self,True,acyclic,True,16,"['mean', 1]",0.4698396753872103,UNDETERMINED_RELAXED_FRAGILE,round2:no model witness; relaxation varies,0.5,4.440892098500626e-16,RECOVERABLE,0.0,1,False,True,UNDECIDED_GT
n4_r0008_d0,n4,25271149,4,MNAR_self,True,acyclic,True,16,"['mean', 0]",0.40353199238124016,UNDETERMINED_RELAXED_FRAGILE,round2:no model witness; relaxation varies,0.5,1.9984014443252818e-15,RECOVERABLE,0.0,1,False,True,UNDECIDED_GT
n4_r0008_d0,n4,25271149,4,MNAR_self,True,acyclic,True,16,"['mean', 1]",,RECOVERABLE,formula:anchor_direct,,,RECOVERABLE,0.0,1,False,True,True
n4_r0016_d0,n4,25271397,4,MNAR_self,True,acyclic,True,16,"['mean', 0]",0.5291304510868966,UNDETERMINED_RELAXED_FRAGILE,round2:no model witness; relaxation varies,0.5,5.750955267558311e-14,RECOVERABLE,0.0,1,False,True,UNDECIDED_GT
n4_r0016_d0,n4,25271397,4,MNAR_self,True,acyclic,True,16,"['mean', 1]",0.5022456785719217,UNDETERMINED_RELAXED_FRAGILE,round2:no model witness; relaxation varies,0.5,1.8207657603852567e-14,RECOVERABLE,0.0,1,False,True,UNDECIDED_GT
n4_r0024_d0,n4,25271645,4,MNAR_self,True,acyclic,True,16,"['mean', 0]",0.48438246546307945,UNDETERMINED_RELAXED_FRAGILE,round2:no model witness; relaxation varies,0.5,2.0872192862952943e-14,RECOVERABLE,0.0,1,False,True,UNDECIDED_GT
n4_r0024_d0,n4,25271645,4,MNAR_self,True,acyclic,True,16,"['mean', 1]",0.6417942360866385,UNDETERMINED_RELAXED_FRAGILE,round2:no model witness; relaxation varies,0.5,5.551115123125783e-16,RECOVERABLE,0.0,1,False,True,UNDECIDED_GT
n4_r0032_d0,n4,25271893,4,MNAR_self,True,acyclic,True,16,"['mean', 0]",0.45631245944262855,UNDETERMINED_RELAXED_FRAGILE,round2:no model witness; relaxation varies,0.5000000000000001,2.7755575615628914e-16,RECOVERABLE,0.0,1,False,True,UNDECIDED_GT
n4_r0032_d0,n4,25271893,4,MNAR_self,True,acyclic,True,16,"['mean', 1]",0.5664415401724201,UNDETERMINED_RELAXED_FRAGILE,round2:no model witness; relaxation varies,0.5,2.220446049250313e-16,RECOVERABLE,0.0,1,False,True,UNDECIDED_GT
n4_r0040_d0,n4,25272141,4,MNAR_self,True,acyclic,True,16,"['mean', 0]",0.3516777588593437,UNDETERMINED_RELAXED_FRAGILE,round2:no model witness; relaxation varies,0.5,2.275957200481571e-15,RECOVERABLE,4.996003610813204e-16,12,False,True,UNDECIDED_GT
n4_r0040_d0,n4,25272141,4,MNAR_self,True,acyclic,True,16,"['mean', 1]",0.38396316028166366,UNDETERMINED_RELAXED_FRAGILE,round2:no model witness; relaxation varies,0.5,7.216449660063518e-16,RECOVERABLE,1.1102230246251565e-16,12,False,True,UNDECIDED_GT
n4_r0048_d0,n4,25272389,4,MNAR_self,True,acyclic,True,16,"['mean', 0]",0.4716676243882651,UNDETERMINED_RELAXED_FRAGILE,round2:no model witness; relaxation varies,0.5,1.4876988529977098e-14,RECOVERABLE,0.0,1,False,True,UNDECIDED_GT
n4_r0048_d0,n4,25272389,4,MNAR_self,True,acyclic,True,16,"['mean', 1]",0.7950388106597214,UNDETERMINED_RELAXED_FRAGILE,round2:no model witness; relaxation varies,0.5,5.551115123125783e-16,RECOVERABLE,0.0,1,False,True,UNDECIDED_GT
n4_r0056_d0,n4,25272637,4,MNAR_self,True,acyclic,True,16,"['mean', 0]",0.5628794518317134,UNDETERMINED_RELAXED_FRAGILE,round2:no model witness; relaxation varies,0.49999999999999994,1.0547118733938987e-14,RECOVERABLE,0.0,1,False,True,UNDECIDED_GT
n4_r0056_d0,n4,25272637,4,MNAR_self,True,acyclic,True,16,"['mean', 1]",0.5051174681989504,UNDETERMINED_RELAXED_FRAGILE,round2:no model witness; relaxation varies,0.5,7.771561172376096e-16,RECOVERABLE,0.0,1,False,True,UNDECIDED_GT
n4_r0064_d0,n4,25272885,4,MNAR_self,True,acyclic,True,16,"['mean', 0]",0.20760134289478407,UNDETERMINED_RELAXED_FRAGILE,round2:no model witness; relaxation varies,0.5,8.326672684688674e-17,RECOVERABLE,0.0,1,False,True,UNDECIDED_GT
n4_r0064_d0,n4,25272885,4,MNAR_self,True,acyclic,True,16,"['mean', 1]",0.7498641803183346,UNDETERMINED_RELAXED_FRAGILE,round2:no model witness; relaxation varies,0.5000000000000001,2.220446049250313e-16,RECOVERABLE,0.0,1,False,True,UNDECIDED_GT
n4_r0072_d0,n4,25273133,4,MNAR_self,True,acyclic,True,16,"['mean', 0]",,RECOVERABLE,formula:anchor_direct,,,RECOVERABLE,0.0,1,False,True,True
n4_r0072_d0,n4,25273133,4,MNAR_self,True,acyclic,True,16,"['mean', 1]",0.764315310097022,UNDETERMINED_RELAXED_FRAGILE,round2:no model witness; relaxation varies,0.5,2.7755575615628914e-15,RECOVERABLE,0.0,1,False,True,UNDECIDED_GT
n4_r0080_d0,n4,25273381,4,MNAR_self,True,acyclic,True,16,"['mean', 0]",0.39152193289434245,UNDETERMINED_RELAXED_FRAGILE,round2:no model witness; relaxation varies,0.5,8.326672684688674e-16,RECOVERABLE,1.1102230246251565e-16,12,False,True,UNDECIDED_GT
n4_r0080_d0,n4,25273381,4,MNAR_self,True,acyclic,True,16,"['mean', 1]",,RECOVERABLE,formula:anchor_direct,,,RECOVERABLE,1.6653345369377348e-16,12,False,True,True
n4_r0088_d0,n4,25273629,4,MNAR_self,True,acyclic,True,16,"['mean', 0]",0.7741190666817509,UNDETERMINED_RELAXED_FRAGILE,round2:no model witness; relaxation varies,0.5,3.3306690738754696e-16,RECOVERABLE,0.0,1,False,True,UNDECIDED_GT
n4_r0088_d0,n4,25273629,4,MNAR_self,True,acyclic,True,16,"['mean', 1]",0.3738485037076255,UNDETERMINED_RELAXED_FRAGILE,round2:no model witness; relaxation varies,0.5,3.885780586188048e-15,RECOVERABLE,0.0,1,False,True,UNDECIDED_GT
n4_r0096_d0,n4,25273877,4,MNAR_self,True,acyclic,True,16,"['mean', 0]",0.43384824728547533,UNDETERMINED_RELAXED_FRAGILE,round2:no model witness; relaxation varies,0.5,3.3306690738754696e-16,RECOVERABLE,4.996003610813204e-16,12,False,True,UNDECIDED_GT
n4_r0096_d0,n4,25273877,4,MNAR_self,True,acyclic,True,16,"['mean', 1]",0.6113457691309583,UNRECOVERABLE,model_witness(rootjump) dphi=0.2009 dist=2.2e-16,0.5000000000000001,0.20088479356730948,UNRECOVERABLE,0.22316708230095245,12,False,True,True
n4_r0104_d0,n4,25274125,4,MNAR_self,True,acyclic,True,16,"['mean', 0]",0.5656173718918759,UNDETERMINED_RELAXED_FRAGILE,round2:no model witness; relaxation varies,0.5,2.6978419498391304e-14,RECOVERABLE,0.0,1,False,True,UNDECIDED_GT
n4_r0104_d0,n4,25274125,4,MNAR_self,True,acyclic,True,16,"['mean', 1]",0.21597712692723056,UNDETERMINED_RELAXED_FRAGILE,round2:no model witness; relaxation varies,0.5,5.828670879282072e-16,RECOVERABLE,0.0,1,False,True,UNDECIDED_GT
n4_r0112_d0,n4,25274373,4,MNAR_self,True,acyclic,True,16,"['mean', 0]",0.6471882877932454,UNDETERMINED_RELAXED_FRAGILE,round2:no model witness; relaxation varies,0.5000000000000001,2.220446049250313e-16,RECOVERABLE,0.0,1,False,True,UNDECIDED_GT
n4_r0112_d0,n4,25274373,4,MNAR_self,True,acyclic,True,16,"['mean', 1]",0.47644701247524573,UNDETERMINED_RELAXED_FRAGILE,round2:no model witness; relaxation varies,0.5,6.661338147750939e-16,RECOVERABLE,0.0,1,False,True,UNDECIDED_GT
n4_r0120_d0,n4,25274621,4,MNAR_self,True,acyclic,True,16,"['mean', 0]",0.5907361743976296,UNDETERMINED_RELAXED_FRAGILE,round2:no model witness; relaxation varies,0.5,3.3306690738754696e-16,RECOVERABLE,0.0,1,False,True,UNDECIDED_GT
n4_r0120_d0,n4,25274621,4,MNAR_self,True,acyclic,True,16,"['mean', 1]",0.4379540996884065,UNDETERMINED_RELAXED_FRAGILE,round2:no model witness; relaxation varies,0.49999999999999994,1.021405182655144e-14,RECOVERABLE,0.0,1,False,True,UNDECIDED_GT
n4_r0128_d0,n4,25274869,4,MNAR_self,True,acyclic,True,16,"['mean', 0]",,RECOVERABLE,formula:anchor_direct,,,RECOVERABLE,0.0,1,False,True,True
n4_r0128_d0,n4,25274869,4,MNAR_self,True,acyclic,True,16,"['mean', 1]",0.7543307903864824,UNDETERMINED_RELAXED_FRAGILE,round2:no model witness; relaxation varies,0.5,9.792167077193881e-14,RECOVERABLE,0.0,1,False,True,UNDECIDED_GT
n4_r0136_d0,n4,25275117,4,MNAR_self,True,acyclic,True,16,"['mean', 0]",0.4216885238854543,UNDETERMINED_RELAXED_FRAGILE,round2:no model witness; relaxation varies,0.4999999999999999,5.6066262743570405e-15,RECOVERABLE,0.0,1,False,True,UNDECIDED_GT
n4_r0136_d0,n4,25275117,4,MNAR_self,True,acyclic,True,16,"['mean', 1]",0.7113167859549182,UNDETERMINED_RELAXED_FRAGILE,round2:no model witness; relaxation varies,0.5,1.1657341758564144e-14,RECOVERABLE,0.0,1,False,True,UNDECIDED_GT
n4_r0144_d0,n4,25275365,4,MNAR_self,True,acyclic,True,16,"['mean', 0]",0.2060139451442371,UNDETERMINED_RELAXED_FRAGILE,round2:no model witness; relaxation varies,0.5,3.0253577421035516e-15,RECOVERABLE,0.0,1,False,True,UNDECIDED_GT
n4_r0144_d0,n4,25275365,4,MNAR_self,True,acyclic,True,16,"['mean', 1]",0.5541746486653784,UNDETERMINED_RELAXED_FRAGILE,round2:no model witness; relaxation varies,0.5,3.6637359812630166e-15,RECOVERABLE,0.0,1,False,True,UNDECIDED_GT
n4_r0152_d0,n4,25275613,4,MNAR_other,False,acyclic,True,16,"['mean', 0]",0.44179061363188665,UNDETERMINED_RELAXED_FRAGILE,round2:no model witness; relaxation varies,0.5,9.992007221626409e-16,RECOVERABLE,0.0,1,False,True,UNDECIDED_GT
n4_r0152_d0,n4,25275613,4,MNAR_other,False,acyclic,True,16,"['mean', 1]",0.42443586600342303,UNDETERMINED_RELAXED_FRAGILE,round2:no model witness; relaxation varies,0.49999999999999994,4.996003610813204e-16,RECOVERABLE,0.0,1,False,True,UNDECIDED_GT
n4_r0160_d0,n4,25275861,4,MNAR_self,True,acyclic,True,16,"['mean', 0]",0.24293843559192446,UNDETERMINED_RELAXED_FRAGILE,round2:no model witness; relaxation varies,0.4999999999999999,1.0547118733938987e-15,RECOVERABLE,0.0,1,False,True,UNDECIDED_GT
n4_r0160_d0,n4,25275861,4,MNAR_self,True,acyclic,True,16,"['mean', 1]",0.6472113656215412,UNDETERMINED_RELAXED_FRAGILE,round2:no model witness; relaxation varies,0.5,4.440892098500626e-16,RECOVERABLE,0.0,1,False,True,UNDECIDED_GT
n4_r0168_d0,n4,25276109,4,MNAR_self,True,acyclic,True,16,"['mean', 0]",0.17460708811976178,UNDETERMINED_RELAXED_FRAGILE,round2:no model witness; relaxation varies,0.5,4.9960036108132044e-15,RECOVERABLE,0.0,1,False,True,UNDECIDED_GT
n4_r0168_d0,n4,25276109,4,MNAR_self,True,acyclic,True,16,"['mean', 1]",,RECOVERABLE,formula:anchor_direct,,,RECOVERABLE,0.0,1,False,True,True
n4_r0176_d0,n4,25276357,4,MNAR_self,True,acyclic,True,16,"['mean', 0]",,RECOVERABLE,formula:anchor_direct,,,RECOVERABLE,0.0,1,False,True,True
n4_r0176_d0,n4,25276357,4,MNAR_self,True,acyclic,True,16,"['mean', 1]",,RECOVERABLE,formula:anchor_direct,,,RECOVERABLE,0.0,1,False,True,True
n4_r0184_d0,n4,25276605,4,MNAR_self,True,acyclic,True,16,"['mean', 0]",0.38417973628184054,UNDETERMINED_RELAXED_FRAGILE,round2:no model witness; relaxation varies,0.5,2.220446049250313e-16,RECOVERABLE,0.0,1,False,True,UNDECIDED_GT
n4_r0184_d0,n4,25276605,4,MNAR_self,True,acyclic,True,16,"['mean', 1]",0.35335468412027937,UNDETERMINED_RELAXED_FRAGILE,round2:no model witness; relaxation varies,0.5,8.770761894538737e-15,RECOVERABLE,0.0,1,False,True,UNDECIDED_GT
n4_r0192_d0,n4,25276853,4,MNAR_self,True,acyclic,True,16,"['mean', 0]",0.8281207259650782,UNDETERMINED_RELAXED_FRAGILE,round2:no model witness; relaxation varies,0.5,4.6629367034256575e-15,RECOVERABLE,0.0,1,False,True,UNDECIDED_GT
n4_r0192_d0,n4,25276853,4,MNAR_self,True,acyclic,True,16,"['mean', 1]",0.725297976106295,UNDETERMINED_RELAXED_FRAGILE,round2:no model witness; relaxation varies,0.5,2.098321516541546e-14,RECOVERABLE,0.0,1,False,True,UNDECIDED_GT
n3_s00358_d0,n3,56070901,3,MNAR_self,True,acyclic,True,8,"['mean', 0]",0.35329680394494956,UNRECOVERABLE,model_witness(rootjump) dphi=0.1941 dist=5.8e-16,0.5,0.19408867449669975,UNRECOVERABLE,0.34243304439290534,12,False,True,True
n3_s00358_d0,n3,56070901,3,MNAR_self,True,acyclic,True,8,"['mean', 1]",,RECOVERABLE,formula:anchor_direct,,,RECOVERABLE,2.220446049250313e-16,12,False,True,True
n3_s00391_d0,n3,59370901,3,MNAR_self,True,acyclic,True,8,"['mean', 0]",,RECOVERABLE,formula:anchor_direct,,,RECOVERABLE,0.0,1,False,True,True
n3_s00391_d0,n3,59370901,3,MNAR_self,True,acyclic,True,8,"['mean', 1]",,RECOVERABLE,formula:anchor_direct,,,RECOVERABLE,0.0,1,False,True,True
n3_s00409_d0,n3,61170901,3,MNAR_self,True,acyclic,True,8,"['mean', 0]",,RECOVERABLE,formula:anchor_direct,,,RECOVERABLE,0.0,1,False,True,True
n3_s00409_d0,n3,61170901,3,MNAR_self,True,acyclic,True,8,"['mean', 1]",0.8466512383858654,UNDETERMINED_RELAXED_FRAGILE,round2:no model witness; relaxation varies,0.5,9.103828801926284e-15,RECOVERABLE,0.0,1,False,True,UNDECIDED_GT
n3_s00438_d0,n3,64070901,3,MNAR_self,True,acyclic,True,8,"['mean', 0]",,RECOVERABLE,formula:direct_full_pattern,,,RECOVERABLE,0.0,1,False,True,True
n3_s00438_d0,n3,64070901,3,MNAR_self,True,acyclic,True,8,"['mean', 1]",0.387686315496823,UNDETERMINED_RELAXED_FRAGILE,round2:no model witness; relaxation varies,0.5,1.2417844530432376e-13,RECOVERABLE,0.0,1,False,True,UNDECIDED_GT
n3_s00472_d0,n3,67470901,3,MNAR_self,True,acyclic,True,8,"['mean', 0]",0.6404075386526336,UNDETERMINED_RELAXED_FRAGILE,round2:no model witness; relaxation varies,0.5,5.484501741648273e-14,RECOVERABLE,0.0,1,False,True,UNDECIDED_GT
n3_s00472_d0,n3,67470901,3,MNAR_self,True,acyclic,True,8,"['mean', 1]",0.7988166392810288,UNDETERMINED_RELAXED_FRAGILE,round2:no model witness; relaxation varies,0.5,1.9051427102567686e-13,RECOVERABLE,0.0,1,False,True,UNDECIDED_GT
n3_s00496_d0,n3,69870901,3,MNAR_self,True,acyclic,True,8,"['mean', 0]",0.3274393682324144,UNRECOVERABLE,model_witness(rootjump) dphi=0.1852 dist=1.1e-16,0.5,0.18523401778442916,UNRECOVERABLE,0.11425866428695874,12,False,True,True
n3_s00496_d0,n3,69870901,3,MNAR_self,True,acyclic,True,8,"['mean', 1]",0.31306605655579844,UNDETERMINED_RELAXED_FRAGILE,round2:no model witness; relaxation varies,0.5,5.717648576819556e-15,RECOVERABLE,5.773159728050814e-15,12,False,True,UNDECIDED_GT
n3_s00517_d0,n3,71970901,3,MNAR_self,True,acyclic,True,8,"['mean', 0]",,RECOVERABLE,formula:anchor_direct,,,RECOVERABLE,1.1102230246251565e-16,12,False,True,True
n3_s00517_d0,n3,71970901,3,MNAR_self,True,acyclic,True,8,"['mean', 1]",,RECOVERABLE,formula:direct_full_pattern,,,RECOVERABLE,1.1102230246251565e-16,12,False,True,True
n3_s00543_d0,n3,74570901,3,MNAR_self,True,acyclic,True,8,"['mean', 0]",,RECOVERABLE,formula:anchor_direct,,,RECOVERABLE,2.220446049250313e-16,12,False,True,True
n3_s00543_d0,n3,74570901,3,MNAR_self,True,acyclic,True,8,"['mean', 1]",0.2792362590041869,UNDETERMINED_RELAXED_FRAGILE,round2:no model witness; relaxation varies,0.5,3.347322419244847e-14,RECOVERABLE,7.771561172376096e-15,12,False,True,UNDECIDED_GT
n3_s00566_d0,n3,76870901,3,MNAR_self,True,acyclic,True,8,"['mean', 0]",,RECOVERABLE,formula:anchor_direct,,,RECOVERABLE,0.0,1,False,True,True
n3_s00566_d0,n3,76870901,3,MNAR_self,True,acyclic,True,8,"['mean', 1]",0.5334431018283629,UNDETERMINED_RELAXED_FRAGILE,round2:no model witness; relaxation varies,0.5,1.2212453270876722e-15,RECOVERABLE,0.0,1,False,True,UNDECIDED_GT
n3_s00584_d0,n3,78670901,3,MNAR_self,True,acyclic,True,8,"['mean', 0]",0.5252874913414854,UNDETERMINED_RELAXED_FRAGILE,round2:no model witness; relaxation varies,0.5000000000000001,1.1324274851176597e-14,RECOVERABLE,0.0,1,False,True,UNDECIDED_GT
n3_s00584_d0,n3,78670901,3,MNAR_self,True,acyclic,True,8,"['mean', 1]",,RECOVERABLE,formula:direct_full_pattern,,,RECOVERABLE,0.0,1,False,True,True
n3_s00598_d0,n3,80070901,3,MNAR_self,True,acyclic,True,8,"['mean', 0]",0.6401976043136862,UNDETERMINED_RELAXED_FRAGILE,round2:no model witness; relaxation varies,0.49999999999999994,6.661338147750939e-16,RECOVERABLE,0.0,1,False,True,UNDECIDED_GT
n3_s00598_d0,n3,80070901,3,MNAR_self,True,acyclic,True,8,"['mean', 1]",0.28238406318163156,UNDETERMINED_RELAXED_FRAGILE,round2:no model witness; relaxation varies,0.5,3.9968028886505635e-15,RECOVERABLE,0.0,1,False,True,UNDECIDED_GT
n3_s00617_d0,n3,81970901,3,MNAR_self,True,acyclic,True,8,"['mean', 0]",0.20587984218391564,UNDETERMINED_RELAXED_FRAGILE,round2:no model witness; relaxation varies,0.5000000000000001,1.3877787807814457e-15,RECOVERABLE,0.0,1,False,True,UNDECIDED_GT
n3_s00617_d0,n3,81970901,3,MNAR_self,True,acyclic,True,8,"['mean', 1]",,RECOVERABLE,formula:direct_full_pattern,,,RECOVERABLE,0.0,1,False,True,True
n3_s00638_d0,n3,84070901,3,MNAR_self,True,acyclic,True,8,"['mean', 0]",0.6749154630203302,UNDETERMINED_RELAXED_FRAGILE,round2:no model witness; relaxation varies,0.5,3.3306690738754696e-16,RECOVERABLE,0.0,1,False,True,UNDECIDED_GT
n3_s00638_d0,n3,84070901,3,MNAR_self,True,acyclic,True,8,"['mean', 1]",0.2515160632021828,UNDETERMINED_RELAXED_FRAGILE,round2:no model witness; relaxation varies,0.5,3.241851231905457e-14,RECOVERABLE,0.0,1,False,True,UNDECIDED_GT
n3_s00660_d0,n3,86270901,3,MNAR_self,True,acyclic,True,8,"['mean', 0]",,RECOVERABLE,formula:anchor_direct,,,RECOVERABLE,0.0,1,False,True,True
n3_s00660_d0,n3,86270901,3,MNAR_self,True,acyclic,True,8,"['mean', 1]",0.18545151418642167,UNDETERMINED_RELAXED_FRAGILE,round2:no model witness; relaxation varies,0.5,2.5340840537069198e-14,RECOVERABLE,0.0,1,False,True,UNDECIDED_GT
n3_s00671_d0,n3,87370901,3,MNAR_self,True,acyclic,True,8,"['mean', 0]",,RECOVERABLE,formula:anchor_direct,,,RECOVERABLE,2.220446049250313e-16,12,False,True,True
n3_s00671_d0,n3,87370901,3,MNAR_self,True,acyclic,True,8,"['mean', 1]",0.6209317279312053,UNDETERMINED_RELAXED_FRAGILE,round2:no model witness; relaxation varies,0.5,3.11972669919669e-14,RECOVERABLE,1.0769163338864018e-14,12,False,True,UNDECIDED_GT
n3_s00684_d0,n3,88670901,3,MNAR_self,True,acyclic,True,8,"['mean', 0]",,RECOVERABLE,formula:anchor_direct,,,RECOVERABLE,0.0,1,False,True,True
n3_s00684_d0,n3,88670901,3,MNAR_self,True,acyclic,True,8,"['mean', 1]",,RECOVERABLE,formula:anchor_direct,,,RECOVERABLE,0.0,1,False,True,True
n3_s00700_d0,n3,90270901,3,MNAR_self,True,acyclic,True,8,"['mean', 0]",,RECOVERABLE,formula:anchor_direct,,,RECOVERABLE,0.0,1,False,True,True
n3_s00700_d0,n3,90270901,3,MNAR_self,True,acyclic,True,8,"['mean', 1]",0.6473598432546339,UNDETERMINED_RELAXED_FRAGILE,round2:no model witness; relaxation varies,0.5,1.176836406102666e-13,RECOVERABLE,0.0,1,False,True,UNDECIDED_GT
n3_s00727_d0,n3,92970901,3,MNAR_self,True,acyclic,True,8,"['mean', 0]",0.4383150155432281,UNDETERMINED_RELAXED_FRAGILE,round2:no model witness; relaxation varies,0.5,3.885780586188048e-15,RECOVERABLE,6.6058269965196814e-15,12,False,True,UNDECIDED_GT
n3_s00727_d0,n3,92970901,3,MNAR_self,True,acyclic,True,8,"['mean', 1]",0.34512361947656256,UNDETERMINED_RELAXED_FRAGILE,round2:no model witness; relaxation varies,0.5,4.773959005888173e-15,RECOVERABLE,1.7985612998927536e-14,12,False,True,UNDECIDED_GT
n3_s00746_d0,n3,94870901,3,MNAR_self,True,acyclic,True,8,"['mean', 0]",0.318904801660428,UNDETERMINED_RELAXED_FRAGILE,round2:no model witness; relaxation varies,0.5,2.020605904817785e-14,RECOVERABLE,0.0,1,False,True,UNDECIDED_GT
n3_s00746_d0,n3,94870901,3,MNAR_self,True,acyclic,True,8,"['mean', 1]",,RECOVERABLE,formula:anchor_direct,,,RECOVERABLE,0.0,1,False,True,True
n3_s00773_d0,n3,97570901,3,MNAR_self,True,acyclic,True,8,"['mean', 0]",0.354135855328792,UNRECOVERABLE,model_witness(rootjump) dphi=0.0275 dist=2.6e-16,0.5,0.02751354095771863,UNRECOVERABLE,0.043127770276367716,12,False,True,True
n3_s00773_d0,n3,97570901,3,MNAR_self,True,acyclic,True,8,"['mean', 1]",,RECOVERABLE,formula:direct_full_pattern,,,RECOVERABLE,1.1102230246251565e-16,12,False,True,True
n3_s00797_d0,n3,99970901,3,MNAR_self,True,acyclic,True,8,"['mean', 0]",0.29919898430394665,UNDETERMINED_RELAXED_FRAGILE,round2:no model witness; relaxation varies,0.5,1.9872992140790302e-14,RECOVERABLE,3.885780586188048e-16,12,False,True,UNDECIDED_GT
n3_s00797_d0,n3,99970901,3,MNAR_self,True,acyclic,True,8,"['mean', 1]",0.23275669302953453,UNRECOVERABLE,model_witness(rootjump) dphi=0.2148 dist=2.2e-16,0.5,0.2147739792902922,UNRECOVERABLE,0.20137832114258122,12,False,True,True
n3_s00829_d0,n3,103170901,3,MNAR_self,True,acyclic,True,8,"['mean', 0]",0.20471733480536952,UNDETERMINED_RELAXED_FRAGILE,round2:no model witness; relaxation varies,0.49999999999999994,3.58046925441613e-14,RECOVERABLE,2.220446049250313e-16,12,False,True,UNDECIDED_GT
n3_s00829_d0,n3,103170901,3,MNAR_self,True,acyclic,True,8,"['mean', 1]",0.42663034333993655,UNRECOVERABLE,model_witness(rootjump) dphi=0.1453 dist=7.8e-16,0.5,0.14529632657079916,UNRECOVERABLE,0.13048931102257,12,False,True,True
n3_s00858_d0,n3,106070901,3,MNAR_self,True,acyclic,True,8,"['mean', 0]",0.542918841519589,UNDETERMINED_RELAXED_FRAGILE,round2:no model witness; relaxation varies,0.5,1.0325074129013956e-14,RECOVERABLE,0.0,1,False,True,UNDECIDED_GT
n3_s00858_d0,n3,106070901,3,MNAR_self,True,acyclic,True,8,"['mean', 1]",0.7551721156839541,UNDETERMINED_RELAXED_FRAGILE,round2:no model witness; relaxation varies,0.5,8.915090887740007e-14,RECOVERABLE,0.0,1,False,True,UNDECIDED_GT
n3_s00881_d0,n3,108370901,3,MNAR_self,True,acyclic,True,8,"['mean', 0]",0.20286691847867067,UNDETERMINED_RELAXED_FRAGILE,round2:no model witness; relaxation varies,0.5,3.0142555118573e-14,RECOVERABLE,1.0019762797242038e-14,12,False,True,UNDECIDED_GT
n3_s00881_d0,n3,108370901,3,MNAR_self,True,acyclic,True,8,"['mean', 1]",0.8007237273817955,UNRECOVERABLE,model_witness(rootjump) dphi=0.1805 dist=1.1e-16,0.5,0.1804610188103114,UNRECOVERABLE,0.1893875335466032,12,False,True,True
n3_s00901_d0,n3,110370901,3,MNAR_self,True,acyclic,True,8,"['mean', 0]",0.49244718552841205,UNDETERMINED_RELAXED_FRAGILE,round2:no model witness; relaxation varies,0.5,1.63202784619898e-14,RECOVERABLE,0.0,1,False,True,UNDECIDED_GT
n3_s00901_d0,n3,110370901,3,MNAR_self,True,acyclic,True,8,"['mean', 1]",,RECOVERABLE,formula:anchor_direct,,,RECOVERABLE,0.0,1,False,True,True
n3_s00926_d0,n3,112870901,3,MNAR_self,True,acyclic,True,8,"['mean', 0]",0.6874877513758523,UNDETERMINED_RELAXED_FRAGILE,round2:no model witness; relaxation varies,0.5,4.440892098500626e-16,RECOVERABLE,0.0,1,False,True,UNDECIDED_GT
n3_s00926_d0,n3,112870901,3,MNAR_self,True,acyclic,True,8,"['mean', 1]",0.3280794211488952,UNDETERMINED_RELAXED_FRAGILE,round2:no model witness; relaxation varies,0.5,1.3322676295501878e-14,RECOVERABLE,0.0,1,False,True,UNDECIDED_GT
n3_s00958_d0,n3,116070901,3,MNAR_self,True,acyclic,True,8,"['mean', 0]",0.7785652247324415,UNDETERMINED_RELAXED_FRAGILE,round2:no model witness; relaxation varies,0.5,4.440892098500626e-16,RECOVERABLE,0.0,1,False,True,UNDECIDED_GT
n3_s00958_d0,n3,116070901,3,MNAR_self,True,acyclic,True,8,"['mean', 1]",0.6892625001015578,UNDETERMINED_RELAXED_FRAGILE,round2:no model witness; relaxation varies,0.5,1.695310558602614e-13,RECOVERABLE,0.0,1,False,True,UNDECIDED_GT
n3_s00973_d0,n3,117570901,3,MNAR_self,True,acyclic,True,8,"['mean', 0]",0.2041277346421631,UNDETERMINED_RELAXED_FRAGILE,round2:no model witness; relaxation varies,0.5,4.3770542745846797e-14,RECOVERABLE,0.0,1,False,True,UNDECIDED_GT
n3_s00973_d0,n3,117570901,3,MNAR_self,True,acyclic,True,8,"['mean', 1]",,RECOVERABLE,formula:anchor_direct,,,RECOVERABLE,0.0,1,False,True,True
n3_s00996_d0,n3,119870901,3,MNAR_self,True,acyclic,True,8,"['mean', 0]",0.4107345473457931,UNRECOVERABLE,model_witness(rootjump) dphi=0.1296 dist=2.2e-16,0.5,0.12957310394902394,UNRECOVERABLE,0.16809412536693458,12,False,True,True
n3_s00996_d0,n3,119870901,3,MNAR_self,True,acyclic,True,8,"['mean', 1]",,RECOVERABLE,formula:anchor_direct,,,RECOVERABLE,1.1102230246251565e-16,12,False,True,True
n3_s01012_d0,n3,121470901,3,MNAR_self,True,acyclic,True,8,"['mean', 0]",0.7000587068693854,UNRECOVERABLE,model_witness(rootjump) dphi=0.2685 dist=2.2e-16,0.5,0.2684878619863206,UNRECOVERABLE,0.2592609179174814,12,False,True,True
n3_s01012_d0,n3,121470901,3,MNAR_self,True,acyclic,True,8,"['mean', 1]",0.3348539384421165,UNDETERMINED_RELAXED_FRAGILE,round2:no model witness; relaxation varies,0.5,5.773159728050814e-15,RECOVERABLE,1.5543122344752192e-15,12,False,True,UNDECIDED_GT
n3_s01033_d0,n3,123570901,3,MNAR_other,False,acyclic,True,8,"['mean', 0]",,RECOVERABLE,formula:anchor_direct,,,RECOVERABLE,0.0,1,False,True,True
n3_s01033_d0,n3,123570901,3,MNAR_other,False,acyclic,True,8,"['mean', 1]",,RECOVERABLE,formula:direct_full_pattern,,,RECOVERABLE,0.0,1,False,True,True
n3_s01059_d0,n3,126170901,3,MNAR_other,False,acyclic,True,8,"['mean', 0]",,RECOVERABLE,formula:anchor_direct,,,RECOVERABLE,0.0,1,False,True,True
n3_s01059_d0,n3,126170901,3,MNAR_other,False,acyclic,True,8,"['mean', 1]",0.3117743735521401,UNDETERMINED_RELAXED_FRAGILE,round2:no model witness; relaxation varies,0.5,1.5543122344752192e-15,RECOVERABLE,0.0,1,False,True,UNDECIDED_GT
n3_s01088_d0,n3,129070901,3,MNAR_self,True,acyclic,True,8,"['mean', 0]",0.7664801527092397,UNRECOVERABLE,model_witness(rootjump) dphi=0.4781 dist=1.1e-16,0.5,0.4781351513999913,UNRECOVERABLE,0.33516934656086184,12,False,False,True
n3_s01088_d0,n3,129070901,3,MNAR_self,True,acyclic,True,8,"['mean', 1]",,RECOVERABLE,formula:direct_full_pattern,,,RECOVERABLE,2.220446049250313e-16,12,False,False,True
n3_s01105_d0,n3,130770901,3,MNAR_self,True,acyclic,True,8,"['mean', 0]",0.7031088796735429,UNDETERMINED_RELAXED_FRAGILE,round2:no model witness; relaxation varies,0.49999999999999994,1.5487611193520934e-13,RECOVERABLE,0.0,1,False,True,UNDECIDED_GT
n3_s01105_d0,n3,130770901,3,MNAR_self,True,acyclic,True,8,"['mean', 1]",0.29146491429795873,UNDETERMINED_RELAXED_FRAGILE,round2:no model witness; relaxation varies,0.5,2.220446049250313e-16,RECOVERABLE,0.0,1,False,True,UNDECIDED_GT
n3_s01130_d0,n3,133270901,3,MNAR_self,True,acyclic,True,8,"['mean', 0]",0.5262805820948838,UNDETERMINED_RELAXED_FRAGILE,round2:no model witness; relaxation varies,0.5,1.3655743202889425e-14,RECOVERABLE,0.0,1,False,True,UNDECIDED_GT
n3_s01130_d0,n3,133270901,3,MNAR_self,True,acyclic,True,8,"['mean', 1]",0.2650252371055478,UNDETERMINED_RELAXED_FRAGILE,round2:no model witness; relaxation varies,0.5,1.8318679906315083e-15,RECOVERABLE,0.0,1,False,True,UNDECIDED_GT
n3_s01153_d0,n3,135570901,3,MNAR_other,False,acyclic,True,8,"['mean', 0]",,RECOVERABLE,formula:anchor_direct,,,RECOVERABLE,0.0,1,False,True,True
n3_s01153_d0,n3,135570901,3,MNAR_other,False,acyclic,True,8,"['mean', 1]",,RECOVERABLE,formula:anchor_direct,,,RECOVERABLE,0.0,1,False,True,True
n3_s01172_d0,n3,137470901,3,MNAR_self,True,acyclic,True,8,"['mean', 0]",,RECOVERABLE,formula:direct_full_pattern,,,RECOVERABLE,0.0,1,False,True,True
n3_s01172_d0,n3,137470901,3,MNAR_self,True,acyclic,True,8,"['mean', 1]",0.3005534290177236,UNDETERMINED_RELAXED_FRAGILE,round2:no model witness; relaxation varies,0.5,8.326672684688674e-16,RECOVERABLE,0.0,1,False,True,UNDECIDED_GT
n3_s01204_d0,n3,140670901,3,MNAR_self,True,acyclic,True,8,"['mean', 0]",,RECOVERABLE,formula:direct_full_pattern,,,RECOVERABLE,0.0,1,False,True,True
n3_s01204_d0,n3,140670901,3,MNAR_self,True,acyclic,True,8,"['mean', 1]",0.37613008383128455,UNDETERMINED_RELAXED_FRAGILE,round2:no model witness; relaxation varies,0.5,1.0985656828665924e-13,RECOVERABLE,0.0,1,False,True,UNDECIDED_GT
n3_s01225_d0,n3,142770901,3,MNAR_self,True,acyclic,True,8,"['mean', 0]",0.6285581626559229,UNDETERMINED_RELAXED_FRAGILE,round2:no model witness; relaxation varies,0.5,7.993605777301127e-15,RECOVERABLE,0.0,1,False,True,UNDECIDED_GT
n3_s01225_d0,n3,142770901,3,MNAR_self,True,acyclic,True,8,"['mean', 1]",,RECOVERABLE,formula:anchor_direct,,,RECOVERABLE,0.0,1,False,True,True
n3_s01242_d0,n3,144470901,3,MNAR_self,True,acyclic,True,8,"['mean', 0]",0.6115309212078672,UNDETERMINED_RELAXED_FRAGILE,round2:no model witness; relaxation varies,0.5,8.79296635503124e-14,RECOVERABLE,0.0,1,False,True,UNDECIDED_GT
n3_s01242_d0,n3,144470901,3,MNAR_self,True,acyclic,True,8,"['mean', 1]",0.7775247370256457,UNDETERMINED_RELAXED_FRAGILE,round2:no model witness; relaxation varies,0.5,4.340972026284362e-14,RECOVERABLE,0.0,1,False,True,UNDECIDED_GT
n3_s01274_d0,n3,147670901,3,MNAR_self,True,acyclic,True,8,"['mean', 0]",0.3582955076420522,UNDETERMINED_RELAXED_FRAGILE,round2:no model witness; relaxation varies,0.5,1.5654144647214707e-14,RECOVERABLE,0.0,1,False,True,UNDECIDED_GT
n3_s01274_d0,n3,147670901,3,MNAR_self,True,acyclic,True,8,"['mean', 1]",0.18347659124756702,UNDETERMINED_RELAXED_FRAGILE,round2:no model witness; relaxation varies,0.5,2.2898349882893854e-14,RECOVERABLE,0.0,1,False,True,UNDECIDED_GT
n3_s01300_d0,n3,150270901,3,MNAR_self,True,acyclic,True,8,"['mean', 0]",,RECOVERABLE,formula:direct_full_pattern,,,RECOVERABLE,0.0,1,False,True,True
n3_s01300_d0,n3,150270901,3,MNAR_self,True,acyclic,True,8,"['mean', 1]",0.4654882187253371,UNDETERMINED_RELAXED_FRAGILE,round2:no model witness; relaxation varies,0.5,1.7763568394002505e-15,RECOVERABLE,0.0,1,False,True,UNDECIDED_GT
n3_s01344_d0,n3,154670901,3,MNAR_self,True,acyclic,True,8,"['mean', 0]",0.5781648510103231,UNRECOVERABLE,model_witness(rootjump) dphi=0.1441 dist=2.2e-16,0.5,0.1441483674551065,UNRECOVERABLE,0.13822617047335806,12,False,True,True
n3_s01344_d0,n3,154670901,3,MNAR_self,True,acyclic,True,8,"['mean', 1]",,RECOVERABLE,formula:anchor_direct,,,RECOVERABLE,1.3877787807814457e-16,12,False,True,True
n3_s01364_d0,n3,156670901,3,MNAR_self,True,acyclic,True,8,"['mean', 0]",0.717973625698471,UNRECOVERABLE,model_witness(rootjump) dphi=0.3506 dist=1.7e-16,0.5,0.35057721604433734,UNRECOVERABLE,0.3840472215656459,12,False,True,True
n3_s01364_d0,n3,156670901,3,MNAR_self,True,acyclic,True,8,"['mean', 1]",0.5839044528003365,UNDETERMINED_RELAXED_FRAGILE,round2:no model witness; relaxation varies,0.5,7.105427357601002e-15,RECOVERABLE,3.3306690738754696e-16,12,False,True,UNDECIDED_GT
n3_s01382_d0,n3,158470901,3,MNAR_self,True,acyclic,True,8,"['mean', 0]",0.43494640527967865,UNRECOVERABLE,model_witness(rootjump) dphi=0.1873 dist=1.1e-16,0.5,0.1872841010387618,UNRECOVERABLE,0.36508363814180933,12,False,True,True
n3_s01382_d0,n3,158470901,3,MNAR_self,True,acyclic,True,8,"['mean', 1]",0.32276893267631346,UNDETERMINED_RELAXED_FRAGILE,round2:no model witness; relaxation varies,0.5,2.7755575615628914e-16,RECOVERABLE,1.1102230246251565e-16,12,False,True,UNDECIDED_GT
n3_s01408_d0,n3,161070901,3,MNAR_other,False,acyclic,True,8,"['mean', 0]",,RECOVERABLE,formula:direct_full_pattern,,,RECOVERABLE,0.0,1,False,True,True
n3_s01408_d0,n3,161070901,3,MNAR_other,False,acyclic,True,8,"['mean', 1]",,RECOVERABLE,formula:anchor_direct,,,RECOVERABLE,0.0,1,False,True,True
n3_s01428_d0,n3,163070901,3,MNAR_self,True,acyclic,True,8,"['mean', 0]",,RECOVERABLE,formula:direct_full_pattern,,,RECOVERABLE,0.0,1,False,True,True
n3_s01428_d0,n3,163070901,3,MNAR_self,True,acyclic,True,8,"['mean', 1]",0.7426118394403134,UNDETERMINED_RELAXED_FRAGILE,round2:no model witness; relaxation varies,0.5,3.552713678800501e-15,RECOVERABLE,0.0,1,False,True,UNDECIDED_GT
n3_s01445_d0,n3,164770901,3,MNAR_self,True,acyclic,True,8,"['mean', 0]",,RECOVERABLE,formula:anchor_direct,,,RECOVERABLE,0.0,1,False,True,True
n3_s01445_d0,n3,164770901,3,MNAR_self,True,acyclic,True,8,"['mean', 1]",0.49941533350462697,UNDETERMINED_RELAXED_FRAGILE,round2:no model witness; relaxation varies,0.5,8.881784197001252e-16,RECOVERABLE,0.0,1,False,True,UNDECIDED_GT
n3_s01463_d0,n3,166570901,3,MNAR_self,True,acyclic,True,8,"['mean', 0]",,RECOVERABLE,formula:anchor_direct,,,RECOVERABLE,0.0,1,False,True,True
n3_s01463_d0,n3,166570901,3,MNAR_self,True,acyclic,True,8,"['mean', 1]",0.7325870180053415,UNDETERMINED_RELAXED_FRAGILE,round2:no model witness; relaxation varies,0.5,1.5365486660812167e-13,RECOVERABLE,0.0,1,False,True,UNDECIDED_GT
n3_s01493_d0,n3,169570901,3,MNAR_self,True,acyclic,True,8,"['mean', 0]",0.3106278303049531,UNDETERMINED_RELAXED_FRAGILE,round2:no model witness; relaxation varies,0.5,4.015676680069191e-13,RECOVERABLE,0.0,1,False,True,UNDECIDED_GT
n3_s01493_d0,n3,169570901,3,MNAR_self,True,acyclic,True,8,"['mean', 1]",0.8264889322773856,UNDETERMINED_RELAXED_FRAGILE,round2:no model witness; relaxation varies,0.5,4.440892098500626e-16,RECOVERABLE,0.0,1,False,True,UNDECIDED_GT
n3_s01511_d0,n3,171370901,3,MNAR_self,True,acyclic,True,8,"['mean', 0]",0.277659938530163,UNRECOVERABLE,model_witness(rootjump) dphi=0.0154 dist=5.4e-16,0.5,0.015363388860731575,UNRECOVERABLE,0.015363388860676008,2,False,True,True
n3_s01511_d0,n3,171370901,3,MNAR_self,True,acyclic,True,8,"['mean', 1]",0.38595453130038826,UNRECOVERABLE,model_witness(rootjump) dphi=0.0206 dist=5.4e-16,0.5,0.0206251261927492,UNRECOVERABLE,0.020625126192676146,2,False,True,True
n3_s01527_d0,n3,172970901,3,MNAR_self,True,acyclic,True,8,"['mean', 0]",0.4918754508693308,UNDETERMINED_RELAXED_FRAGILE,round2:no model witness; relaxation varies,0.5,2.4014124022642136e-13,RECOVERABLE,0.0,1,False,True,UNDECIDED_GT
n3_s01527_d0,n3,172970901,3,MNAR_self,True,acyclic,True,8,"['mean', 1]",0.49451278256222264,UNDETERMINED_RELAXED_FRAGILE,round2:no model witness; relaxation varies,0.5,2.2426505097428162e-14,RECOVERABLE,0.0,1,False,True,UNDECIDED_GT
n3_s01548_d0,n3,175070901,3,MNAR_self,True,acyclic,True,8,"['mean', 0]",,RECOVERABLE,formula:anchor_direct,,,RECOVERABLE,0.0,1,False,True,True
n3_s01548_d0,n3,175070901,3,MNAR_self,True,acyclic,True,8,"['mean', 1]",,RECOVERABLE,formula:anchor_direct,,,RECOVERABLE,0.0,1,False,True,True
n3_s01575_d0,n3,177770901,3,MNAR_self,True,acyclic,True,8,"['mean', 0]",,RECOVERABLE,formula:anchor_direct,,,RECOVERABLE,2.220446049250313e-16,12,False,True,True
n3_s01575_d0,n3,177770901,3,MNAR_self,True,acyclic,True,8,"['mean', 1]",0.2683966649072451,UNRECOVERABLE,model_witness(rootjump) dphi=0.0202 dist=1.1e-16,0.5,0.02018027469918804,UNRECOVERABLE,0.028010142696065332,12,False,True,True
n3_s01592_d0,n3,179470901,3,MNAR_self,True,acyclic,True,8,"['mean', 0]",,RECOVERABLE,formula:anchor_direct,,,RECOVERABLE,2.220446049250313e-16,12,False,True,True
n3_s01592_d0,n3,179470901,3,MNAR_self,True,acyclic,True,8,"['mean', 1]",0.5603111870295271,UNRECOVERABLE,model_witness(rootjump) dphi=0.1483 dist=2.2e-16,0.5,0.14829109289406495,UNRECOVERABLE,0.28556865621808286,12,False,True,True
n3_s01621_d0,n3,182370901,3,MNAR_self,True,acyclic,True,8,"['mean', 0]",0.7622160811788024,UNDETERMINED_RELAXED_FRAGILE,round2:no model witness; relaxation varies,0.5,1.1657341758564144e-14,RECOVERABLE,0.0,1,False,True,UNDECIDED_GT
n3_s01621_d0,n3,182370901,3,MNAR_self,True,acyclic,True,8,"['mean', 1]",0.26847628276854363,UNDETERMINED_RELAXED_FRAGILE,round2:no model witness; relaxation varies,0.5,6.661338147750939e-16,RECOVERABLE,0.0,1,False,True,UNDECIDED_GT
n3_s01658_d0,n3,186070901,3,MNAR_self,True,acyclic,True,8,"['mean', 0]",0.36103813514958893,UNDETERMINED_RELAXED_FRAGILE,round2:no model witness; relaxation varies,0.5,5.440092820663267e-15,RECOVERABLE,6.106226635438361e-16,12,False,True,UNDECIDED_GT
n3_s01658_d0,n3,186070901,3,MNAR_self,True,acyclic,True,8,"['mean', 1]",0.7170507457958608,UNDETERMINED_RELAXED_FRAGILE,round2:no model witness; relaxation varies,0.5,1.2434497875801753e-14,RECOVERABLE,4.440892098500626e-15,12,False,True,UNDECIDED_GT
n3_s01682_d0,n3,188470901,3,MNAR_self,True,acyclic,True,8,"['mean', 0]",,RECOVERABLE,formula:direct_full_pattern,,,RECOVERABLE,0.0,1,False,True,True
n3_s01682_d0,n3,188470901,3,MNAR_self,True,acyclic,True,8,"['mean', 1]",0.20901817711012083,UNDETERMINED_RELAXED_FRAGILE,round2:no model witness; relaxation varies,0.5,3.3861802251067274e-15,RECOVERABLE,0.0,1,False,True,UNDECIDED_GT
n3_s01714_d0,n3,191670901,3,MNAR_self,True,acyclic,True,8,"['mean', 0]",,RECOVERABLE,formula:anchor_direct,,,RECOVERABLE,0.0,1,False,True,True
n3_s01714_d0,n3,191670901,3,MNAR_self,True,acyclic,True,8,"['mean', 1]",0.5241893420740035,UNDETERMINED_RELAXED_FRAGILE,round2:no model witness; relaxation varies,0.5,3.83026943495679e-14,RECOVERABLE,0.0,1,False,True,UNDECIDED_GT
n3_s01743_d0,n3,194570901,3,MNAR_self,True,acyclic,True,8,"['mean', 0]",0.832483388835463,UNDETERMINED_RELAXED_FRAGILE,round2:no model witness; relaxation varies,0.5,5.773159728050814e-15,RECOVERABLE,1.7763568394002505e-15,12,False,True,UNDECIDED_GT
n3_s01743_d0,n3,194570901,3,MNAR_self,True,acyclic,True,8,"['mean', 1]",,RECOVERABLE,formula:anchor_direct,,,RECOVERABLE,3.3306690738754696e-16,12,False,True,True
n3_s01777_d0,n3,197970901,3,MNAR_self,True,acyclic,True,8,"['mean', 0]",0.2504665489170813,UNDETERMINED_RELAXED_FRAGILE,round2:no model witness; relaxation varies,0.5,6.161737786669619e-15,RECOVERABLE,0.0,1,False,True,UNDECIDED_GT
n3_s01777_d0,n3,197970901,3,MNAR_self,True,acyclic,True,8,"['mean', 1]",0.771113046187055,UNDETERMINED_RELAXED_FRAGILE,round2:no model witness; relaxation varies,0.5,7.704947790898586e-14,RECOVERABLE,0.0,1,False,True,UNDECIDED_GT
n3_s01808_d0,n3,201070901,3,MNAR_self,True,acyclic,True,8,"['mean', 0]",0.2627454528250336,UNDETERMINED_RELAXED_FRAGILE,round2:no model witness; relaxation varies,0.5,1.1102230246251565e-16,RECOVERABLE,0.0,1,False,True,UNDECIDED_GT
n3_s01808_d0,n3,201070901,3,MNAR_self,True,acyclic,True,8,"['mean', 1]",0.23608902721548097,UNDETERMINED_RELAXED_FRAGILE,round2:no model witness; relaxation varies,0.5,1.074140776324839e-14,RECOVERABLE,0.0,1,False,True,UNDECIDED_GT
n3_s01830_d0,n3,203270901,3,MNAR_self,True,acyclic,True,8,"['mean', 0]",0.29792519656203387,UNDETERMINED_RELAXED_FRAGILE,round2:no model witness; relaxation varies,0.5,3.3306690738754696e-16,RECOVERABLE,0.0,1,False,True,UNDECIDED_GT
n3_s01830_d0,n3,203270901,3,MNAR_self,True,acyclic,True,8,"['mean', 1]",0.3679230665833243,UNDETERMINED_RELAXED_FRAGILE,round2:no model witness; relaxation varies,0.5,2.7755575615628914e-15,RECOVERABLE,0.0,1,False,True,UNDECIDED_GT
n3_s01847_d0,n3,204970901,3,MNAR_self,True,acyclic,True,8,"['mean', 0]",0.3248205778704991,UNDETERMINED_RELAXED_FRAGILE,round2:no model witness; relaxation varies,0.4999999999999999,1.942890293094024e-15,RECOVERABLE,0.0,1,False,True,UNDECIDED_GT
n3_s01847_d0,n3,204970901,3,MNAR_self,True,acyclic,True,8,"['mean', 1]",0.6449545716621202,UNDETERMINED_RELAXED_FRAGILE,round2:no model witness; relaxation varies,0.5,1.27675647831893e-13,RECOVERABLE,0.0,1,False,True,UNDECIDED_GT
n3_s01870_d0,n3,207270901,3,MNAR_self,True,acyclic,True,8,"['mean', 0]",0.496671591054614,UNDETERMINED_RELAXED_FRAGILE,round2:no model witness; relaxation varies,0.5,7.216449660063518e-15,RECOVERABLE,0.0,1,False,True,UNDECIDED_GT
n3_s01870_d0,n3,207270901,3,MNAR_self,True,acyclic,True,8,"['mean', 1]",,RECOVERABLE,formula:anchor_direct,,,RECOVERABLE,0.0,1,False,True,True
n3_s01893_d0,n3,209570901,3,MNAR_self,True,acyclic,True,8,"['mean', 0]",0.32022335156049636,UNDETERMINED_RELAXED_FRAGILE,round2:no model witness; relaxation varies,0.5,2.4591439995447217e-14,RECOVERABLE,0.0,1,False,True,UNDECIDED_GT
n3_s01893_d0,n3,209570901,3,MNAR_self,True,acyclic,True,8,"['mean', 1]",0.1670095393676813,UNDETERMINED_RELAXED_FRAGILE,round2:no model witness; relaxation varies,0.5,1.6653345369377348e-16,RECOVERABLE,0.0,1,False,True,UNDECIDED_GT
n3_s01908_d0,n3,211070901,3,MNAR_self,True,acyclic,True,8,"['mean', 0]",0.331341984259255,UNDETERMINED_RELAXED_FRAGILE,round2:no model witness; relaxation varies,0.5,1.4988010832439613e-15,RECOVERABLE,0.0,1,False,True,UNDECIDED_GT
n3_s01908_d0,n3,211070901,3,MNAR_self,True,acyclic,True,8,"['mean', 1]",0.6849873151060221,UNDETERMINED_RELAXED_FRAGILE,round2:no model witness; relaxation varies,0.5,8.770761894538737e-15,RECOVERABLE,0.0,1,False,True,UNDECIDED_GT
n3_s01940_d0,n3,214270901,3,MNAR_self,True,acyclic,True,8,"['mean', 0]",0.5133876892039813,UNDETERMINED_RELAXED_FRAGILE,round2:no model witness; relaxation varies,0.5,3.3306690738754696e-16,RECOVERABLE,0.0,1,False,True,UNDECIDED_GT
n3_s01940_d0,n3,214270901,3,MNAR_self,True,acyclic,True,8,"['mean', 1]",0.6256341107009357,UNDETERMINED_RELAXED_FRAGILE,round2:no model witness; relaxation varies,0.5,1.8540724511240114e-14,RECOVERABLE,0.0,1,False,True,UNDECIDED_GT
n3_s01958_d0,n3,216070901,3,MNAR_self,True,acyclic,True,8,"['mean', 0]",0.4908793616392909,UNDETERMINED_RELAXED_FRAGILE,round2:no model witness; relaxation varies,0.5,1.7208456881689926e-15,RECOVERABLE,0.0,1,False,True,UNDECIDED_GT
n3_s01958_d0,n3,216070901,3,MNAR_self,True,acyclic,True,8,"['mean', 1]",0.17574872583723444,UNDETERMINED_RELAXED_FRAGILE,round2:no model witness; relaxation varies,0.5,1.7208456881689926e-15,RECOVERABLE,0.0,1,False,True,UNDECIDED_GT
n3_s01983_d0,n3,218570901,3,MNAR_self,True,acyclic,True,8,"['mean', 0]",0.5586060259381176,UNDETERMINED_RELAXED_FRAGILE,round2:no model witness; relaxation varies,0.5,2.538635968107883e-12,RECOVERABLE,0.0,1,False,True,UNDECIDED_GT
n3_s01983_d0,n3,218570901,3,MNAR_self,True,acyclic,True,8,"['mean', 1]",0.6929577802284241,UNDETERMINED_RELAXED_FRAGILE,round2:no model witness; relaxation varies,0.5,2.657873920952625e-13,RECOVERABLE,0.0,1,False,True,UNDECIDED_GT
n3_s02000_d0,n3,220270901,3,MNAR_self,True,acyclic,True,8,"['mean', 0]",0.37601715651667,UNRECOVERABLE,model_witness(rootjump) dphi=0.2903 dist=2.2e-16,0.5,0.29026423833025705,UNRECOVERABLE,0.23332724360875795,12,False,True,True
n3_s02000_d0,n3,220270901,3,MNAR_self,True,acyclic,True,8,"['mean', 1]",0.25240544162913325,UNDETERMINED_RELAXED_FRAGILE,round2:no model witness; relaxation varies,0.5,3.6637359812630166e-15,RECOVERABLE,1.6653345369377348e-16,12,False,True,UNDECIDED_GT
n3_s02041_d0,n3,224370901,3,MNAR_self,True,acyclic,True,8,"['mean', 0]",0.69886777497665,UNDETERMINED_RELAXED_FRAGILE,round2:no model witness; relaxation varies,0.5,7.006173419199513e-12,RECOVERABLE,7.97695243193175e-13,12,False,True,UNDECIDED_GT
n3_s02041_d0,n3,224370901,3,MNAR_self,True,acyclic,True,8,"['mean', 1]",0.31400497178722897,UNRECOVERABLE,model_witness(rootjump) dphi=0.1235 dist=2.2e-16,0.5,0.12353158770322592,UNRECOVERABLE,0.11569421218633003,12,False,True,True
n3_s02064_d0,n3,226670901,3,MNAR_self,True,acyclic,True,8,"['mean', 0]",,RECOVERABLE,formula:anchor_direct,,,RECOVERABLE,0.0,1,False,True,True
n3_s02064_d0,n3,226670901,3,MNAR_self,True,acyclic,True,8,"['mean', 1]",0.487683904857929,UNDETERMINED_RELAXED_FRAGILE,round2:no model witness; relaxation varies,0.5,1.5487611193520934e-14,RECOVERABLE,0.0,1,False,True,UNDECIDED_GT
n3_s02092_d0,n3,229470901,3,MNAR_self,True,acyclic,True,8,"['mean', 0]",,RECOVERABLE,formula:anchor_direct,,,RECOVERABLE,0.0,1,False,True,True
n3_s02092_d0,n3,229470901,3,MNAR_self,True,acyclic,True,8,"['mean', 1]",0.3409114795345765,UNDETERMINED_RELAXED_FRAGILE,round2:no model witness; relaxation varies,0.5,1.8318679906315083e-15,RECOVERABLE,0.0,1,False,True,UNDECIDED_GT
n3_s02112_d0,n3,231470901,3,MNAR_self,True,acyclic,True,8,"['mean', 0]",0.7887606671554209,UNDETERMINED_RELAXED_FRAGILE,round2:no model witness; relaxation varies,0.5,6.006306563222097e-14,RECOVERABLE,0.0,1,False,True,UNDECIDED_GT
n3_s02112_d0,n3,231470901,3,MNAR_self,True,acyclic,True,8,"['mean', 1]",,RECOVERABLE,formula:anchor_direct,,,RECOVERABLE,0.0,1,False,True,True
n3_s02137_d0,n3,233970901,3,MNAR_self,True,acyclic,True,8,"['mean', 0]",0.4506724389546043,UNDETERMINED_RELAXED_FRAGILE,round2:no model witness; relaxation varies,0.5,3.1086244689504383e-15,RECOVERABLE,1.3877787807814457e-15,12,False,True,UNDECIDED_GT
n3_s02137_d0,n3,233970901,3,MNAR_self,True,acyclic,True,8,"['mean', 1]",0.47583549169115513,UNRECOVERABLE,model_witness(rootjump) dphi=0.1924 dist=1.1e-16,0.5,0.1923585730412108,UNRECOVERABLE,0.2170400272855026,12,False,True,True
n3_s02170_d0,n3,237270901,3,MNAR_self,True,acyclic,True,8,"['mean', 0]",0.3636044946109501,UNDETERMINED_RELAXED_FRAGILE,round2:no model witness; relaxation varies,0.5,1.2212453270876722e-15,RECOVERABLE,0.0,1,False,True,UNDECIDED_GT
n3_s02170_d0,n3,237270901,3,MNAR_self,True,acyclic,True,8,"['mean', 1]",0.6614752054971142,UNDETERMINED_RELAXED_FRAGILE,round2:no model witness; relaxation varies,0.5,3.2940317140628395e-13,RECOVERABLE,0.0,1,False,True,UNDECIDED_GT
n3_s02195_d0,n3,239770901,3,MNAR_self,True,acyclic,True,8,"['mean', 0]",0.339530058367269,UNDETERMINED_RELAXED_FRAGILE,round2:no model witness; relaxation varies,0.49999999999999994,8.881784197001252e-16,RECOVERABLE,0.0,1,False,True,UNDECIDED_GT
n3_s02195_d0,n3,239770901,3,MNAR_self,True,acyclic,True,8,"['mean', 1]",0.35139165844613457,UNDETERMINED_RELAXED_FRAGILE,round2:no model witness; relaxation varies,0.5,2.1649348980190553e-15,RECOVERABLE,0.0,1,False,True,UNDECIDED_GT
n3_s02225_d0,n3,242770901,3,MNAR_self,True,acyclic,True,8,"['mean', 0]",0.48859370297690097,UNDETERMINED_RELAXED_FRAGILE,round2:no model witness; relaxation varies,0.5,7.216449660063518e-16,RECOVERABLE,0.0,1,False,True,UNDECIDED_GT
n3_s02225_d0,n3,242770901,3,MNAR_self,True,acyclic,True,8,"['mean', 1]",0.37383876330718324,UNDETERMINED_RELAXED_FRAGILE,round2:no model witness; relaxation varies,0.5,2.4924506902834764e-14,RECOVERABLE,0.0,1,False,True,UNDECIDED_GT
n3_s02257_d0,n3,245970901,3,MNAR_self,True,acyclic,True,8,"['mean', 0]",0.7834275812054636,UNDETERMINED_RELAXED_FRAGILE,round2:no model witness; relaxation varies,0.5,1.454392162258955e-14,RECOVERABLE,0.0,1,False,True,UNDECIDED_GT
n3_s02257_d0,n3,245970901,3,MNAR_self,True,acyclic,True,8,"['mean', 1]",0.18632775168558763,UNDETERMINED_RELAXED_FRAGILE,round2:no model witness; relaxation varies,0.5,2.5868196473766147e-14,RECOVERABLE,0.0,1,False,True,UNDECIDED_GT
n3_s02282_d0,n3,248470901,3,MNAR_self,True,acyclic,True,8,"['mean', 0]",0.4154416416693901,UNDETERMINED_RELAXED_FRAGILE,round2:no model witness; relaxation varies,0.5,2.5091040356528538e-14,RECOVERABLE,0.0,1,False,True,UNDECIDED_GT
n3_s02282_d0,n3,248470901,3,MNAR_self,True,acyclic,True,8,"['mean', 1]",0.6151424764848366,UNDETERMINED_RELAXED_FRAGILE,round2:no model witness; relaxation varies,0.5,1.6764367671839864e-14,RECOVERABLE,0.0,1,False,True,UNDECIDED_GT
n3_s02305_d0,n3,250770901,3,MNAR_other,False,acyclic,True,8,"['mean', 0]",,RECOVERABLE,formula:anchor_direct,,,RECOVERABLE,0.0,1,False,True,True
n3_s02305_d0,n3,250770901,3,MNAR_other,False,acyclic,True,8,"['mean', 1]",,RECOVERABLE,formula:anchor_direct,,,RECOVERABLE,0.0,1,False,True,True
n3_s02324_d0,n3,252670901,3,MNAR_self,True,acyclic,True,8,"['mean', 0]",,RECOVERABLE,formula:anchor_direct,,,RECOVERABLE,0.0,1,False,True,True
n3_s02324_d0,n3,252670901,3,MNAR_self,True,acyclic,True,8,"['mean', 1]",0.79486785353075,UNDETERMINED_RELAXED_FRAGILE,round2:no model witness; relaxation varies,0.5,4.218847493575595e-14,RECOVERABLE,0.0,1,False,True,UNDECIDED_GT
n3_s02354_d0,n3,255670901,3,MNAR_self,True,acyclic,True,8,"['mean', 0]",,RECOVERABLE,formula:anchor_direct,,,RECOVERABLE,0.0,1,False,True,True
n3_s02354_d0,n3,255670901,3,MNAR_self,True,acyclic,True,8,"['mean', 1]",0.40047647591276914,UNDETERMINED_RELAXED_FRAGILE,round2:no model witness; relaxation varies,0.5,7.077671781985373e-14,RECOVERABLE,0.0,1,False,True,UNDECIDED_GT
n3_s02386_d0,n3,258870901,3,MNAR_self,True,acyclic,True,8,"['mean', 0]",0.45453546312933324,UNDETERMINED_RELAXED_FRAGILE,round2:no model witness; relaxation varies,0.5,5.2735593669694936e-15,RECOVERABLE,0.0,1,False,True,UNDECIDED_GT
n3_s02386_d0,n3,258870901,3,MNAR_self,True,acyclic,True,8,"['mean', 1]",0.63422573819501,UNDETERMINED_RELAXED_FRAGILE,round2:no model witness; relaxation varies,0.5,1.0325074129013956e-14,RECOVERABLE,0.0,1,False,True,UNDECIDED_GT
n3_s02404_d0,n3,260670901,3,MNAR_self,True,acyclic,True,8,"['mean', 0]",0.7519762380424042,UNDETERMINED_RELAXED_FRAGILE,round2:no model witness; relaxation varies,0.5,1.1102230246251565e-15,RECOVERABLE,0.0,1,False,True,UNDECIDED_GT
n3_s02404_d0,n3,260670901,3,MNAR_self,True,acyclic,True,8,"['mean', 1]",,RECOVERABLE,formula:anchor_direct,,,RECOVERABLE,0.0,1,False,True,True
n3_s02432_d0,n3,263470901,3,MNAR_other,False,acyclic,True,8,"['mean', 0]",0.1631629328204453,UNDETERMINED_RELAXED_FRAGILE,round2:no model witness; relaxation varies,0.5,1.4988010832439613e-15,RECOVERABLE,0.0,1,False,True,UNDECIDED_GT
n3_s02432_d0,n3,263470901,3,MNAR_other,False,acyclic,True,8,"['mean', 1]",,RECOVERABLE,formula:anchor_direct,,,RECOVERABLE,0.0,1,False,True,True
n3_s02447_d0,n3,264970901,3,MNAR_self,True,acyclic,True,8,"['mean', 0]",0.44298449963754705,UNDETERMINED_RELAXED_FRAGILE,round2:no model witness; relaxation varies,0.5,9.43689570931383e-16,RECOVERABLE,0.0,1,False,True,UNDECIDED_GT
n3_s02447_d0,n3,264970901,3,MNAR_self,True,acyclic,True,8,"['mean', 1]",0.46744848638030423,UNDETERMINED_RELAXED_FRAGILE,round2:no model witness; relaxation varies,0.5,1.609823385706477e-15,RECOVERABLE,0.0,1,False,True,UNDECIDED_GT
n3_s02473_d0,n3,267570901,3,MNAR_other,False,acyclic,True,8,"['mean', 0]",0.15901383435725025,UNDETERMINED_RELAXED_FRAGILE,round2:no model witness; relaxation varies,0.5,5.9396931817445875e-15,RECOVERABLE,0.0,1,False,True,UNDECIDED_GT
n3_s02473_d0,n3,267570901,3,MNAR_other,False,acyclic,True,8,"['mean', 1]",0.5632380941189006,UNDETERMINED_RELAXED_FRAGILE,round2:no model witness; relaxation varies,0.5,8.992806499463768e-15,RECOVERABLE,0.0,1,False,True,UNDECIDED_GT
n3_s02501_d0,n3,270370901,3,MNAR_self,True,acyclic,True,8,"['mean', 0]",0.46815505102221644,UNDETERMINED_RELAXED_FRAGILE,round2:no model witness; relaxation varies,0.5,1.804445481923267e-12,RECOVERABLE,0.0,1,False,True,UNDECIDED_GT
n3_s02501_d0,n3,270370901,3,MNAR_self,True,acyclic,True,8,"['mean', 1]",,RECOVERABLE,formula:anchor_direct,,,RECOVERABLE,0.0,1,False,True,True
n3_s02525_d0,n3,272770901,3,MNAR_self,True,acyclic,True,8,"['mean', 0]",0.6932702770246792,UNDETERMINED_RELAXED_FRAGILE,round2:no model witness; relaxation varies,0.5,2.6567636979279996e-13,RECOVERABLE,0.0,1,False,True,UNDECIDED_GT
n3_s02525_d0,n3,272770901,3,MNAR_self,True,acyclic,True,8,"['mean', 1]",0.3476070460810342,UNDETERMINED_RELAXED_FRAGILE,round2:no model witness; relaxation varies,0.5,3.004818616147986e-13,RECOVERABLE,0.0,1,False,True,UNDECIDED_GT
n3_s02543_d0,n3,274570901,3,MNAR_self,True,acyclic,True,8,"['mean', 0]",0.7579320860334865,UNDETERMINED_RELAXED_FRAGILE,round2:no model witness; relaxation varies,0.49999999999999994,7.771561172376096e-16,RECOVERABLE,0.0,1,False,True,UNDECIDED_GT
n3_s02543_d0,n3,274570901,3,MNAR_self,True,acyclic,True,8,"['mean', 1]",0.2957330663420048,UNDETERMINED_RELAXED_FRAGILE,round2:no model witness; relaxation varies,0.5,1.5543122344752192e-15,RECOVERABLE,0.0,1,False,True,UNDECIDED_GT
n3_s02562_d0,n3,276470901,3,MNAR_other,False,acyclic,True,8,"['mean', 0]",,RECOVERABLE,formula:anchor_direct,,,RECOVERABLE,0.0,1,False,True,True
n3_s02562_d0,n3,276470901,3,MNAR_other,False,acyclic,True,8,"['mean', 1]",,RECOVERABLE,formula:anchor_direct,,,RECOVERABLE,0.0,1,False,True,True
n3_s02581_d0,n3,278370901,3,MNAR_self,True,acyclic,True,8,"['mean', 0]",,RECOVERABLE,formula:anchor_direct,,,RECOVERABLE,4.996003610813204e-16,12,False,True,True
n3_s02581_d0,n3,278370901,3,MNAR_self,True,acyclic,True,8,"['mean', 1]",0.540450393341604,UNDETERMINED_RELAXED_FRAGILE,round2:no model witness; relaxation varies,0.5,2.7755575615628914e-15,RECOVERABLE,1.1102230246251565e-15,12,False,True,UNDECIDED_GT
n3_s02607_d0,n3,280970901,3,MNAR_self,True,acyclic,True,8,"['mean', 0]",,RECOVERABLE,formula:anchor_direct,,,RECOVERABLE,0.0,1,False,True,True
n3_s02607_d0,n3,280970901,3,MNAR_self,True,acyclic,True,8,"['mean', 1]",0.32774218192824944,UNDETERMINED_RELAXED_FRAGILE,round2:no model witness; relaxation varies,0.5,1.3322676295501878e-15,RECOVERABLE,0.0,1,False,True,UNDECIDED_GT
n3_s02628_d0,n3,283070901,3,MNAR_self,True,acyclic,True,8,"['mean', 0]",0.44475295754607463,UNDETERMINED_RELAXED_FRAGILE,round2:no model witness; relaxation varies,0.5,1.27675647831893e-15,RECOVERABLE,0.0,1,False,True,UNDECIDED_GT
n3_s02628_d0,n3,283070901,3,MNAR_self,True,acyclic,True,8,"['mean', 1]",,RECOVERABLE,formula:anchor_direct,,,RECOVERABLE,0.0,1,False,True,True
n3_s02664_d0,n3,286670901,3,MNAR_self,True,acyclic,True,8,"['mean', 0]",0.6467668070858116,UNDETERMINED_RELAXED_FRAGILE,round2:no model witness; relaxation varies,0.5,5.551115123125783e-15,RECOVERABLE,0.0,1,False,True,UNDECIDED_GT
n3_s02664_d0,n3,286670901,3,MNAR_self,True,acyclic,True,8,"['mean', 1]",0.6251787764196398,UNDETERMINED_RELAXED_FRAGILE,round2:no model witness; relaxation varies,0.5,2.220446049250313e-16,RECOVERABLE,0.0,1,False,True,UNDECIDED_GT
n3_s02704_d0,n3,290670901,3,MNAR_self,True,acyclic,True,8,"['mean', 0]",0.4010126467197266,UNDETERMINED_RELAXED_FRAGILE,round2:no model witness; relaxation varies,0.5,1.1102230246251565e-15,RECOVERABLE,0.0,1,False,True,UNDECIDED_GT
n3_s02704_d0,n3,290670901,3,MNAR_self,True,acyclic,True,8,"['mean', 1]",0.4296347664980549,UNDETERMINED_RELAXED_FRAGILE,round2:no model witness; relaxation varies,0.5,4.829470157119431e-15,RECOVERABLE,0.0,1,False,True,UNDECIDED_GT
n3_s02721_d0,n3,292370901,3,MNAR_other,False,acyclic,True,8,"['mean', 0]",0.31143678319428836,UNDETERMINED_RELAXED_FRAGILE,round2:no model witness; relaxation varies,0.5,2.0539125955565396e-15,RECOVERABLE,0.0,1,False,True,UNDECIDED_GT
n3_s02721_d0,n3,292370901,3,MNAR_other,False,acyclic,True,8,"['mean', 1]",0.3694132781865747,UNDETERMINED_RELAXED_FRAGILE,round2:no model witness; relaxation varies,0.5,1.3322676295501878e-15,RECOVERABLE,0.0,1,False,True,UNDECIDED_GT
n3_s02746_d0,n3,294870901,3,MNAR_self,True,acyclic,True,8,"['mean', 0]",0.5922179631929121,UNDETERMINED_RELAXED_FRAGILE,round2:no model witness; relaxation varies,0.5,2.220446049250313e-16,RECOVERABLE,0.0,1,False,True,UNDECIDED_GT
n3_s02746_d0,n3,294870901,3,MNAR_self,True,acyclic,True,8,"['mean', 1]",0.19683089009823798,UNDETERMINED_RELAXED_FRAGILE,round2:no model witness; relaxation varies,0.5,1.995625886763719e-14,RECOVERABLE,0.0,1,False,True,UNDECIDED_GT
n3_s02770_d0,n3,297270901,3,MNAR_self,True,acyclic,True,8,"['mean', 0]",0.3045381979589163,UNDETERMINED_RELAXED_FRAGILE,round2:no model witness; relaxation varies,0.5,5.467848396278896e-14,RECOVERABLE,0.0,1,False,True,UNDECIDED_GT
n3_s02770_d0,n3,297270901,3,MNAR_self,True,acyclic,True,8,"['mean', 1]",0.5826079196308688,UNDETERMINED_RELAXED_FRAGILE,round2:no model witness; relaxation varies,0.5,2.220446049250313e-16,RECOVERABLE,0.0,1,False,True,UNDECIDED_GT
n3_s02786_d0,n3,298870901,3,MNAR_self,True,acyclic,True,8,"['mean', 0]",0.3191050121347412,UNDETERMINED_RELAXED_FRAGILE,round2:no model witness; relaxation varies,0.5,1.942890293094024e-15,RECOVERABLE,0.0,1,False,True,UNDECIDED_GT
n3_s02786_d0,n3,298870901,3,MNAR_self,True,acyclic,True,8,"['mean', 1]",0.4600976766981624,UNDETERMINED_RELAXED_FRAGILE,round2:no model witness; relaxation varies,0.5,1.6653345369377348e-16,RECOVERABLE,0.0,1,False,True,UNDECIDED_GT
n3_s02807_d0,n3,300970901,3,MNAR_self,True,acyclic,True,8,"['mean', 0]",0.6931699458062868,UNDETERMINED_RELAXED_FRAGILE,round2:no model witness; relaxation varies,0.5,1.3322676295501878e-15,RECOVERABLE,0.0,1,False,True,UNDECIDED_GT
n3_s02807_d0,n3,300970901,3,MNAR_self,True,acyclic,True,8,"['mean', 1]",0.7865854406407842,UNDETERMINED_RELAXED_FRAGILE,round2:no model witness; relaxation varies,0.5,1.5765166949677223e-14,RECOVERABLE,0.0,1,False,True,UNDECIDED_GT
n3_s02824_d0,n3,302670901,3,MNAR_other,False,acyclic,True,8,"['mean', 0]",0.6781471475651015,UNDETERMINED_RELAXED_FRAGILE,round2:no model witness; relaxation varies,0.5,1.2212453270876722e-15,RECOVERABLE,0.0,1,False,True,UNDECIDED_GT
n3_s02824_d0,n3,302670901,3,MNAR_other,False,acyclic,True,8,"['mean', 1]",0.4074532233144575,UNDETERMINED_RELAXED_FRAGILE,round2:no model witness; relaxation varies,0.5,1.4988010832439613e-15,RECOVERABLE,0.0,1,False,True,UNDECIDED_GT
n3_s02857_d0,n3,305970901,3,MNAR_other,False,acyclic,True,8,"['mean', 0]",0.5231180056943452,UNDETERMINED_RELAXED_FRAGILE,round2:no model witness; relaxation varies,0.5,6.661338147750939e-16,RECOVERABLE,0.0,1,False,True,UNDECIDED_GT
n3_s02857_d0,n3,305970901,3,MNAR_other,False,acyclic,True,8,"['mean', 1]",0.5526189762490517,UNDETERMINED_RELAXED_FRAGILE,round2:no model witness; relaxation varies,0.5,1.1102230246251565e-15,RECOVERABLE,0.0,1,False,True,UNDECIDED_GT
n3_s02878_d0,n3,308070901,3,MNAR_self,True,acyclic,True,8,"['mean', 0]",0.23298212016188563,UNDETERMINED_RELAXED_FRAGILE,round2:no model witness; relaxation varies,0.5,1.6375789613221059e-15,RECOVERABLE,0.0,1,False,True,UNDECIDED_GT
n3_s02878_d0,n3,308070901,3,MNAR_self,True,acyclic,True,8,"['mean', 1]",0.3508528197617056,UNDETERMINED_RELAXED_FRAGILE,round2:no model witness; relaxation varies,0.5,5.687117443642364e-13,RECOVERABLE,0.0,1,False,True,UNDECIDED_GT
n3_s02894_d0,n3,309670901,3,MNAR_self,True,acyclic,True,8,"['mean', 0]",0.5811820866565476,UNDETERMINED_RELAXED_FRAGILE,round2:no model witness; relaxation varies,0.5,1.1535217225855376e-13,RECOVERABLE,0.0,1,False,True,UNDECIDED_GT
n3_s02894_d0,n3,309670901,3,MNAR_self,True,acyclic,True,8,"['mean', 1]",0.6620397134219873,UNDETERMINED_RELAXED_FRAGILE,round2:no model witness; relaxation varies,0.5,6.661338147750939e-16,RECOVERABLE,0.0,1,False,True,UNDECIDED_GT
n3_s02921_d0,n3,312370901,3,MNAR_self,True,acyclic,True,8,"['mean', 0]",0.1874572167890306,UNDETERMINED_RELAXED_FRAGILE,round2:no model witness; relaxation varies,0.49999999999999994,1.1601830607332886e-14,RECOVERABLE,0.0,1,False,True,UNDECIDED_GT
n3_s02921_d0,n3,312370901,3,MNAR_self,True,acyclic,True,8,"['mean', 1]",0.3238270876258541,UNDETERMINED_RELAXED_FRAGILE,round2:no model witness; relaxation varies,0.5,7.771561172376096e-16,RECOVERABLE,0.0,1,False,True,UNDECIDED_GT
n3_s02945_d0,n3,314770901,3,MNAR_other,False,acyclic,True,8,"['mean', 0]",0.6499133977990967,UNDETERMINED_RELAXED_FRAGILE,round2:no model witness; relaxation varies,0.5,1.5543122344752192e-15,RECOVERABLE,0.0,1,False,True,UNDECIDED_GT
n3_s02945_d0,n3,314770901,3,MNAR_other,False,acyclic,True,8,"['mean', 1]",,RECOVERABLE,formula:anchor_direct,,,RECOVERABLE,0.0,1,False,True,True
n3_s02976_d0,n3,317870901,3,MNAR_other,False,acyclic,True,8,"['mean', 0]",0.5005026623942542,UNDETERMINED_RELAXED_FRAGILE,round2:no model witness; relaxation varies,0.5,2.220446049250313e-16,RECOVERABLE,0.0,1,False,True,UNDECIDED_GT
n3_s02976_d0,n3,317870901,3,MNAR_other,False,acyclic,True,8,"['mean', 1]",0.21010201275657608,UNDETERMINED_RELAXED_FRAGILE,round2:no model witness; relaxation varies,0.5,1.1934897514720433e-15,RECOVERABLE,0.0,1,False,True,UNDECIDED_GT
n3_s02998_d0,n3,320070901,3,MNAR_self,True,acyclic,True,8,"['mean', 0]",0.6732925422542576,UNDETERMINED_RELAXED_FRAGILE,round2:no model witness; relaxation varies,0.5,2.220446049250313e-16,RECOVERABLE,0.0,1,False,True,UNDECIDED_GT
n3_s02998_d0,n3,320070901,3,MNAR_self,True,acyclic,True,8,"['mean', 1]",0.3238377191394474,UNDETERMINED_RELAXED_FRAGILE,round2:no model witness; relaxation varies,0.5,2.886579864025407e-15,RECOVERABLE,0.0,1,False,True,UNDECIDED_GT
n3_s03023_d0,n3,322570901,3,MNAR_self,True,acyclic,True,8,"['mean', 0]",0.3594477609522278,UNDETERMINED_RELAXED_FRAGILE,round2:no model witness; relaxation varies,0.49999999999999994,7.66053886991358e-15,RECOVERABLE,9.992007221626409e-16,12,False,True,UNDECIDED_GT
n3_s03023_d0,n3,322570901,3,MNAR_self,True,acyclic,True,8,"['mean', 1]",0.4106731981175445,UNRECOVERABLE,model_witness(rootjump) dphi=0.0101 dist=2.2e-16,0.5,0.01009775319331585,UNRECOVERABLE,0.014617818114052328,12,False,True,True
n3_s03038_d0,n3,324070901,3,MNAR_self,True,acyclic,True,8,"['mean', 0]",0.5022409888865066,UNDETERMINED_RELAXED_FRAGILE,round2:no model witness; relaxation varies,0.5,1.8086643294168425e-12,RECOVERABLE,0.0,1,False,True,UNDECIDED_GT
n3_s03038_d0,n3,324070901,3,MNAR_self,True,acyclic,True,8,"['mean', 1]",0.724250381700896,UNDETERMINED_RELAXED_FRAGILE,round2:no model witness; relaxation varies,0.5,1.0458300891968975e-13,RECOVERABLE,0.0,1,False,True,UNDECIDED_GT
n3_s03079_d0,n3,328170901,3,MNAR_self,True,acyclic,True,8,"['mean', 0]",,RECOVERABLE,formula:anchor_direct,,,RECOVERABLE,1.1102230246251565e-16,12,False,True,True
n3_s03079_d0,n3,328170901,3,MNAR_self,True,acyclic,True,8,"['mean', 1]",,RECOVERABLE,formula:anchor_direct,,,RECOVERABLE,1.1102230246251565e-16,12,False,True,True
n3_s03103_d0,n3,330570901,3,MNAR_self,True,acyclic,True,8,"['mean', 0]",,RECOVERABLE,formula:anchor_direct,,,RECOVERABLE,1.1102230246251565e-16,12,False,True,True
n3_s03103_d0,n3,330570901,3,MNAR_self,True,acyclic,True,8,"['mean', 1]",0.49853427199419204,UNDETERMINED_RELAXED_FRAGILE,round2:no model witness; relaxation varies,0.5,4.546363285840016e-14,RECOVERABLE,3.3306690738754696e-16,12,False,True,UNDECIDED_GT
n3_s03136_d0,n3,333870901,3,MNAR_self,True,acyclic,True,8,"['mean', 0]",0.5442684592801574,UNDETERMINED_RELAXED_FRAGILE,round2:no model witness; relaxation varies,0.5,7.527312106958561e-14,RECOVERABLE,0.0,1,False,True,UNDECIDED_GT
n3_s03136_d0,n3,333870901,3,MNAR_self,True,acyclic,True,8,"['mean', 1]",,RECOVERABLE,formula:anchor_direct,,,RECOVERABLE,0.0,1,False,True,True
n3_s03153_d0,n3,335570901,3,MNAR_self,True,acyclic,True,8,"['mean', 0]",0.7492429208103633,UNDETERMINED_RELAXED_FRAGILE,round2:no model witness; relaxation varies,0.5,1.1102230246251565e-15,RECOVERABLE,0.0,1,False,True,UNDECIDED_GT
n3_s03153_d0,n3,335570901,3,MNAR_self,True,acyclic,True,8,"['mean', 1]",0.6421315220354851,UNDETERMINED_RELAXED_FRAGILE,round2:no model witness; relaxation varies,0.5,2.4424906541753444e-15,RECOVERABLE,0.0,1,False,True,UNDECIDED_GT
n3_s03164_d0,n3,336670901,3,MNAR_self,True,acyclic,True,8,"['mean', 0]",0.2612933445692566,UNDETERMINED_RELAXED_FRAGILE,round2:no model witness; relaxation varies,0.5,9.43689570931383e-16,RECOVERABLE,0.0,1,False,True,UNDECIDED_GT
n3_s03164_d0,n3,336670901,3,MNAR_self,True,acyclic,True,8,"['mean', 1]",0.31078206113854656,UNDETERMINED_RELAXED_FRAGILE,round2:no model witness; relaxation varies,0.5,5.88418203051333e-14,RECOVERABLE,0.0,1,False,True,UNDECIDED_GT
n3_s03187_d0,n3,338970901,3,MNAR_self,True,acyclic,True,8,"['mean', 0]",0.3335341905506614,UNDETERMINED_RELAXED_FRAGILE,round2:no model witness; relaxation varies,0.5,4.996003610813204e-16,RECOVERABLE,0.0,1,False,True,UNDECIDED_GT
n3_s03187_d0,n3,338970901,3,MNAR_self,True,acyclic,True,8,"['mean', 1]",0.5775896346956585,UNDETERMINED_RELAXED_FRAGILE,round2:no model witness; relaxation varies,0.5,1.2212453270876722e-15,RECOVERABLE,0.0,1,False,True,UNDECIDED_GT
n3_s03212_d0,n3,341470901,3,MNAR_self,True,acyclic,True,8,"['mean', 0]",0.23464217094862466,UNDETERMINED_RELAXED_FRAGILE,round2:no model witness; relaxation varies,0.5,4.440892098500626e-16,RECOVERABLE,0.0,1,False,True,UNDECIDED_GT
n3_s03212_d0,n3,341470901,3,MNAR_self,True,acyclic,True,8,"['mean', 1]",0.7469746035729734,UNDETERMINED_RELAXED_FRAGILE,round2:no model witness; relaxation varies,0.5,2.1094237467877974e-15,RECOVERABLE,0.0,1,False,True,UNDECIDED_GT
n3_s03229_d0,n3,343170901,3,MNAR_self,True,acyclic,True,8,"['mean', 0]",0.8313094931401532,UNDETERMINED_RELAXED_FRAGILE,round2:no model witness; relaxation varies,0.5,3.6637359812630166e-15,RECOVERABLE,0.0,1,False,True,UNDECIDED_GT
n3_s03229_d0,n3,343170901,3,MNAR_self,True,acyclic,True,8,"['mean', 1]",0.634913641956335,UNDETERMINED_RELAXED_FRAGILE,round2:no model witness; relaxation varies,0.5,4.218847493575595e-15,RECOVERABLE,0.0,1,False,True,UNDECIDED_GT
n3_s03257_d0,n3,345970901,3,MNAR_self,True,acyclic,True,8,"['mean', 0]",0.3061706565475901,UNDETERMINED_RELAXED_FRAGILE,round2:no model witness; relaxation varies,0.5,6.428191312579656e-14,RECOVERABLE,0.0,1,False,True,UNDECIDED_GT
n3_s03257_d0,n3,345970901,3,MNAR_self,True,acyclic,True,8,"['mean', 1]",0.3457519522556941,UNDETERMINED_RELAXED_FRAGILE,round2:no model witness; relaxation varies,0.5,7.299161275398092e-13,RECOVERABLE,0.0,1,False,True,UNDECIDED_GT
n3_s03276_d0,n3,347870901,3,MNAR_self,True,acyclic,True,8,"['mean', 0]",0.7199968907699563,UNDETERMINED_RELAXED_FRAGILE,round2:no model witness; relaxation varies,0.5,4.107825191113079e-15,RECOVERABLE,0.0,1,False,True,UNDECIDED_GT
n3_s03276_d0,n3,347870901,3,MNAR_self,True,acyclic,True,8,"['mean', 1]",0.3683899694082159,UNDETERMINED_RELAXED_FRAGILE,round2:no model witness; relaxation varies,0.5,1.426636586643326e-14,RECOVERABLE,0.0,1,False,True,UNDECIDED_GT
n3_s03300_d0,n3,350270901,3,MNAR_self,True,acyclic,True,8,"['mean', 0]",0.20994505990181042,UNRECOVERABLE,model_witness(rootjump) dphi=0.3578 dist=1.1e-16,0.5,0.35782058100873027,UNRECOVERABLE,0.26530989385774595,12,False,True,True
n3_s03300_d0,n3,350270901,3,MNAR_self,True,acyclic,True,8,"['mean', 1]",0.788133706511871,UNDETERMINED_RELAXED_FRAGILE,round2:no model witness; relaxation varies,0.5,9.992007221626409e-16,RECOVERABLE,1.1102230246251565e-16,12,False,True,UNDECIDED_GT
n3_s03324_d0,n3,352670901,3,MNAR_self,True,acyclic,True,8,"['mean', 0]",0.47251702825574615,UNDETERMINED_RELAXED_FRAGILE,round2:no model witness; relaxation varies,0.5,1.8540724511240114e-13,RECOVERABLE,0.0,1,False,True,UNDECIDED_GT
n3_s03324_d0,n3,352670901,3,MNAR_self,True,acyclic,True,8,"['mean', 1]",0.49264215664121613,UNDETERMINED_RELAXED_FRAGILE,round2:no model witness; relaxation varies,0.5,1.966760088123465e-12,RECOVERABLE,0.0,1,False,True,UNDECIDED_GT
n3_s03344_d0,n3,354670901,3,MNAR_self,True,acyclic,True,8,"['mean', 0]",0.3907436380339089,UNDETERMINED_RELAXED_FRAGILE,round2:no model witness; relaxation varies,0.5,3.885780586188048e-16,RECOVERABLE,0.0,1,False,True,UNDECIDED_GT
n3_s03344_d0,n3,354670901,3,MNAR_self,True,acyclic,True,8,"['mean', 1]",0.4165563657894713,UNDETERMINED_RELAXED_FRAGILE,round2:no model witness; relaxation varies,0.5,1.9984014443252818e-15,RECOVERABLE,0.0,1,False,True,UNDECIDED_GT
n3_s03367_d0,n3,356970901,3,MNAR_self,True,acyclic,True,8,"['mean', 0]",0.6671214148034896,UNDETERMINED_RELAXED_FRAGILE,round2:no model witness; relaxation varies,0.5,6.661338147750939e-16,RECOVERABLE,0.0,1,False,True,UNDECIDED_GT
n3_s03367_d0,n3,356970901,3,MNAR_self,True,acyclic,True,8,"['mean', 1]",0.7595138982564901,UNDETERMINED_RELAXED_FRAGILE,round2:no model witness; relaxation varies,0.5,3.3306690738754696e-16,RECOVERABLE,0.0,1,False,True,UNDECIDED_GT
n3_s03393_d0,n3,359570901,3,MNAR_self,True,acyclic,True,8,"['mean', 0]",0.4937497287001933,UNDETERMINED_RELAXED_FRAGILE,round2:no model witness; relaxation varies,0.5,8.881784197001252e-15,RECOVERABLE,0.0,1,False,True,UNDECIDED_GT
n3_s03393_d0,n3,359570901,3,MNAR_self,True,acyclic,True,8,"['mean', 1]",,RECOVERABLE,formula:anchor_direct,,,RECOVERABLE,0.0,1,False,True,True
n3_s03405_d0,n3,360770901,3,MNAR_self,True,acyclic,True,8,"['mean', 0]",0.25959135630133,UNDETERMINED_RELAXED_FRAGILE,round2:no model witness; relaxation varies,0.5,7.105427357601002e-15,RECOVERABLE,0.0,1,False,True,UNDECIDED_GT
n3_s03405_d0,n3,360770901,3,MNAR_self,True,acyclic,True,8,"['mean', 1]",0.6411359986819903,UNDETERMINED_RELAXED_FRAGILE,round2:no model witness; relaxation varies,0.5,2.220446049250313e-16,RECOVERABLE,0.0,1,False,True,UNDECIDED_GT
n3_s03432_d0,n3,363470901,3,MNAR_self,True,acyclic,True,8,"['mean', 0]",0.8223870522379785,UNDETERMINED_RELAXED_FRAGILE,round2:no model witness; relaxation varies,0.5,1.6653345369377348e-15,RECOVERABLE,0.0,1,False,True,UNDECIDED_GT
n3_s03432_d0,n3,363470901,3,MNAR_self,True,acyclic,True,8,"['mean', 1]",0.42568834341830475,UNDETERMINED_RELAXED_FRAGILE,round2:no model witness; relaxation varies,0.5,6.661338147750939e-16,RECOVERABLE,0.0,1,False,True,UNDECIDED_GT
n3_s03445_d0,n3,364770901,3,MNAR_self,True,acyclic,True,8,"['mean', 0]",0.5789985209604989,UNDETERMINED_RELAXED_FRAGILE,round2:no model witness; relaxation varies,0.5,2.6645352591003757e-15,RECOVERABLE,0.0,1,False,True,UNDECIDED_GT
n3_s03445_d0,n3,364770901,3,MNAR_self,True,acyclic,True,8,"['mean', 1]",0.5555815505072595,UNDETERMINED_RELAXED_FRAGILE,round2:no model witness; relaxation varies,0.5,6.772360450213455e-15,RECOVERABLE,0.0,1,False,True,UNDECIDED_GT
n3_s03467_d0,n3,366970901,3,MNAR_other,False,acyclic,True,8,"['mean', 0]",0.21186132836522717,UNDETERMINED_RELAXED_FRAGILE,round2:no model witness; relaxation varies,0.5,4.996003610813204e-16,RECOVERABLE,0.0,1,False,True,UNDECIDED_GT
n3_s03467_d0,n3,366970901,3,MNAR_other,False,acyclic,True,8,"['mean', 1]",0.26884448884608564,UNDETERMINED_RELAXED_FRAGILE,round2:no model witness; relaxation varies,0.5,1.4988010832439613e-15,RECOVERABLE,0.0,1,False,True,UNDECIDED_GT
n3_s03490_d0,n3,369270901,3,MNAR_other,False,acyclic,True,8,"['mean', 0]",0.23964501360381846,UNDETERMINED_RELAXED_FRAGILE,round2:no model witness; relaxation varies,0.4999999999999999,2.7755575615628914e-16,RECOVERABLE,0.0,1,False,True,UNDECIDED_GT
n3_s03490_d0,n3,369270901,3,MNAR_other,False,acyclic,True,8,"['mean', 1]",0.6487647227813451,UNDETERMINED_RELAXED_FRAGILE,round2:no model witness; relaxation varies,0.5,3.3306690738754696e-16,RECOVERABLE,0.0,1,False,True,UNDECIDED_GT
n3_s03514_d0,n3,371670901,3,MNAR_self,True,acyclic,True,8,"['mean', 0]",0.41656817184911954,UNDETERMINED_RELAXED_FRAGILE,round2:no model witness; relaxation varies,0.5,3.3306690738754696e-16,RECOVERABLE,0.0,1,False,True,UNDECIDED_GT
n3_s03514_d0,n3,371670901,3,MNAR_self,True,acyclic,True,8,"['mean', 1]",0.6692605142781289,UNDETERMINED_RELAXED_FRAGILE,round2:no model witness; relaxation varies,0.5,1.63202784619898e-14,RECOVERABLE,0.0,1,False,True,UNDECIDED_GT
n3_s03527_d0,n3,372970901,3,MNAR_self,True,acyclic,True,8,"['mean', 0]",0.31459561644330214,UNRECOVERABLE,model_witness(rootjump) dphi=0.1654 dist=1.1e-16,0.5,0.16541656851002545,UNRECOVERABLE,0.14424369783176522,12,False,True,True
n3_s03527_d0,n3,372970901,3,MNAR_self,True,acyclic,True,8,"['mean', 1]",,RECOVERABLE,formula:anchor_direct,,,RECOVERABLE,7.771561172376096e-16,12,False,True,True
n3_s03541_d0,n3,374370901,3,MNAR_self,True,acyclic,True,8,"['mean', 0]",0.609848103336463,UNDETERMINED_RELAXED_FRAGILE,round2:no model witness; relaxation varies,0.49999999999999994,4.127587160951407e-12,RECOVERABLE,0.0,1,False,True,UNDECIDED_GT
n3_s03541_d0,n3,374370901,3,MNAR_self,True,acyclic,True,8,"['mean', 1]",0.34774883697292885,UNDETERMINED_RELAXED_FRAGILE,round2:no model witness; relaxation varies,0.5,3.219646771412954e-15,RECOVERABLE,0.0,1,False,True,UNDECIDED_GT
n3_s03565_d0,n3,376770901,3,MNAR_self,True,acyclic,True,8,"['mean', 0]",0.21637768567525112,UNDETERMINED_RELAXED_FRAGILE,round2:no model witness; relaxation varies,0.5,1.5543122344752192e-15,RECOVERABLE,0.0,1,False,True,UNDECIDED_GT
n3_s03565_d0,n3,376770901,3,MNAR_self,True,acyclic,True,8,"['mean', 1]",0.5042139913033472,UNDETERMINED_RELAXED_FRAGILE,round2:no model witness; relaxation varies,0.5,2.220446049250313e-16,RECOVERABLE,0.0,1,False,True,UNDECIDED_GT
n3_s03588_d0,n3,379070901,3,MNAR_self,True,acyclic,True,8,"['mean', 0]",,RECOVERABLE,formula:anchor_direct,,,RECOVERABLE,0.0,1,False,True,True
n3_s03588_d0,n3,379070901,3,MNAR_self,True,acyclic,True,8,"['mean', 1]",,RECOVERABLE,formula:anchor_direct,,,RECOVERABLE,0.0,1,False,True,True
n3_s03611_d0,n3,381370901,3,MNAR_self,True,acyclic,True,8,"['mean', 0]",,RECOVERABLE,formula:anchor_direct,,,RECOVERABLE,0.0,1,False,True,True
n3_s03611_d0,n3,381370901,3,MNAR_self,True,acyclic,True,8,"['mean', 1]",0.31575375646861253,UNDETERMINED_RELAXED_FRAGILE,round2:no model witness; relaxation varies,0.5,4.385380947269368e-15,RECOVERABLE,0.0,1,False,True,UNDECIDED_GT
n3_s03643_d0,n3,384570901,3,MNAR_self,True,acyclic,True,8,"['mean', 0]",,RECOVERABLE,formula:anchor_direct,,,RECOVERABLE,1.1102230246251565e-16,12,False,True,True
n3_s03643_d0,n3,384570901,3,MNAR_self,True,acyclic,True,8,"['mean', 1]",0.4856895512361279,UNDETERMINED_RELAXED_FRAGILE,round2:no model witness; relaxation varies,0.5,3.428923811554796e-13,RECOVERABLE,3.608224830031759e-15,12,False,True,UNDECIDED_GT
n3_s03671_d0,n3,387370901,3,MNAR_self,True,acyclic,True,8,"['mean', 0]",0.6253109124540599,UNDETERMINED_RELAXED_FRAGILE,round2:no model witness; relaxation varies,0.5,7.882583474838611e-15,RECOVERABLE,2.886579864025407e-15,12,False,True,UNDECIDED_GT
n3_s03671_d0,n3,387370901,3,MNAR_self,True,acyclic,True,8,"['mean', 1]",0.4730964269132592,UNDETERMINED_RELAXED_FRAGILE,round2:no model witness; relaxation varies,0.5,4.163336342344337e-15,RECOVERABLE,1.887379141862766e-15,12,False,True,UNDECIDED_GT
n3_s03688_d0,n3,389070901,3,MNAR_self,True,acyclic,True,8,"['mean', 0]",0.4187467365944808,UNDETERMINED_RELAXED_FRAGILE,round2:no model witness; relaxation varies,0.49999999999999994,2.831068712794149e-15,RECOVERABLE,0.0,1,False,True,UNDECIDED_GT
n3_s03688_d0,n3,389070901,3,MNAR_self,True,acyclic,True,8,"['mean', 1]",0.4497347784319181,UNDETERMINED_RELAXED_FRAGILE,round2:no model witness; relaxation varies,0.5,9.43689570931383e-16,RECOVERABLE,0.0,1,False,True,UNDECIDED_GT
n3_s03720_d0,n3,392270901,3,MNAR_other,False,acyclic,True,8,"['mean', 0]",0.5692326171193911,UNDETERMINED_RELAXED_FRAGILE,round2:no model witness; relaxation varies,0.5,2.9976021664879227e-15,RECOVERABLE,0.0,1,False,True,UNDECIDED_GT
n3_s03720_d0,n3,392270901,3,MNAR_other,False,acyclic,True,8,"['mean', 1]",0.7648254039676905,UNDETERMINED_RELAXED_FRAGILE,round2:no model witness; relaxation varies,0.5,8.215650382226158e-15,RECOVERABLE,0.0,1,False,True,UNDECIDED_GT
n3_s03734_d0,n3,393670901,3,MNAR_self,True,acyclic,True,8,"['mean', 0]",0.7602689247193155,UNDETERMINED_RELAXED_FRAGILE,round2:no model witness; relaxation varies,0.49999999999999994,3.3306690738754696e-16,RECOVERABLE,0.0,1,False,True,UNDECIDED_GT
n3_s03734_d0,n3,393670901,3,MNAR_self,True,acyclic,True,8,"['mean', 1]",0.5707447899501977,UNDETERMINED_RELAXED_FRAGILE,round2:no model witness; relaxation varies,0.5,4.107825191113079e-15,RECOVERABLE,0.0,1,False,True,UNDECIDED_GT
n3_s03761_d0,n3,396370901,3,MNAR_self,True,acyclic,True,8,"['mean', 0]",0.7289688169008126,UNDETERMINED_RELAXED_FRAGILE,round2:no model witness; relaxation varies,0.5,2.220446049250313e-16,RECOVERABLE,0.0,1,False,True,UNDECIDED_GT
n3_s03761_d0,n3,396370901,3,MNAR_self,True,acyclic,True,8,"['mean', 1]",0.5408794126443718,UNDETERMINED_RELAXED_FRAGILE,round2:no model witness; relaxation varies,0.5,2.19824158875781e-14,RECOVERABLE,0.0,1,False,True,UNDECIDED_GT
n3_s03777_d0,n3,397970901,3,MNAR_self,True,acyclic,True,8,"['mean', 0]",0.5696550054201537,UNDETERMINED_RELAXED_FRAGILE,round2:no model witness; relaxation varies,0.5,1.0325074129013956e-14,RECOVERABLE,0.0,1,False,True,UNDECIDED_GT
n3_s03777_d0,n3,397970901,3,MNAR_self,True,acyclic,True,8,"['mean', 1]",,RECOVERABLE,formula:anchor_direct,,,RECOVERABLE,0.0,1,False,True,True
n3_s03811_d0,n3,401370901,3,MNAR_self,True,acyclic,True,8,"['mean', 0]",0.5167907549452421,UNDETERMINED_RELAXED_FRAGILE,round2:no model witness; relaxation varies,0.5,9.769962616701378e-15,RECOVERABLE,0.0,1,False,True,UNDECIDED_GT
n3_s03811_d0,n3,401370901,3,MNAR_self,True,acyclic,True,8,"['mean', 1]",0.4324861061518032,UNDETERMINED_RELAXED_FRAGILE,round2:no model witness; relaxation varies,0.5,4.996003610813204e-16,RECOVERABLE,0.0,1,False,True,UNDECIDED_GT
n3_s03824_d0,n3,402670901,3,MNAR_self,True,acyclic,True,8,"['mean', 0]",0.32395324905394246,UNDETERMINED_RELAXED_FRAGILE,round2:no model witness; relaxation varies,0.5,3.7636560534792807e-14,RECOVERABLE,0.0,1,False,True,UNDECIDED_GT
n3_s03824_d0,n3,402670901,3,MNAR_self,True,acyclic,True,8,"['mean', 1]",0.5100218195328006,UNDETERMINED_RELAXED_FRAGILE,round2:no model witness; relaxation varies,0.5,2.156053113822054e-13,RECOVERABLE,0.0,1,False,True,UNDECIDED_GT
n3_s03846_d0,n3,404870901,3,MNAR_self,True,acyclic,True,8,"['mean', 0]",0.19640350289659345,UNDETERMINED_RELAXED_FRAGILE,round2:no model witness; relaxation varies,0.5,2.498001805406602e-16,RECOVERABLE,0.0,1,False,True,UNDECIDED_GT
n3_s03846_d0,n3,404870901,3,MNAR_self,True,acyclic,True,8,"['mean', 1]",,RECOVERABLE,formula:anchor_direct,,,RECOVERABLE,0.0,1,False,True,True
n3_s03867_d0,n3,406970901,3,MNAR_self,True,acyclic,True,8,"['mean', 0]",0.3031729497892257,UNDETERMINED_RELAXED_FRAGILE,round2:no model witness; relaxation varies,0.5,2.220446049250313e-16,RECOVERABLE,0.0,1,False,True,UNDECIDED_GT
n3_s03867_d0,n3,406970901,3,MNAR_self,True,acyclic,True,8,"['mean', 1]",0.679901877483746,UNDETERMINED_RELAXED_FRAGILE,round2:no model witness; relaxation varies,0.5,2.6645352591003757e-15,RECOVERABLE,0.0,1,False,True,UNDECIDED_GT
n3_s03890_d0,n3,409270901,3,MNAR_self,True,acyclic,True,8,"['mean', 0]",0.4712406806994805,UNDETERMINED_RELAXED_FRAGILE,round2:no model witness; relaxation varies,0.5,1.6653345369377348e-16,RECOVERABLE,0.0,1,False,True,UNDECIDED_GT
n3_s03890_d0,n3,409270901,3,MNAR_self,True,acyclic,True,8,"['mean', 1]",0.5461281562165199,UNDETERMINED_RELAXED_FRAGILE,round2:no model witness; relaxation varies,0.5,3.164135620181696e-14,RECOVERABLE,0.0,1,False,True,UNDECIDED_GT
n3_s03911_d0,n3,411370901,3,MNAR_self,True,acyclic,True,8,"['mean', 0]",0.5473890933380756,UNRECOVERABLE,model_witness(rootjump) dphi=0.0146 dist=1.1e-16,0.5,0.014618802250611629,UNRECOVERABLE,0.008751500858753314,12,False,True,True
n3_s03911_d0,n3,411370901,3,MNAR_self,True,acyclic,True,8,"['mean', 1]",,RECOVERABLE,formula:anchor_direct,,,RECOVERABLE,4.440892098500626e-16,12,False,True,True
n3_s03924_d0,n3,412670901,3,MNAR_self,True,acyclic,True,8,"['mean', 0]",0.4369409153864967,UNDETERMINED_RELAXED_FRAGILE,round2:no model witness; relaxation varies,0.5000000000000001,9.547918011776346e-15,RECOVERABLE,0.0,1,False,True,UNDECIDED_GT
n3_s03924_d0,n3,412670901,3,MNAR_self,True,acyclic,True,8,"['mean', 1]",0.5634863439982382,UNDETERMINED_RELAXED_FRAGILE,round2:no model witness; relaxation varies,0.5,1.3322676295501878e-14,RECOVERABLE,0.0,1,False,True,UNDECIDED_GT
n3_s03943_d0,n3,414570901,3,MNAR_self,True,acyclic,True,8,"['mean', 0]",0.8362227022081397,UNDETERMINED_RELAXED_FRAGILE,round2:no model witness; relaxation varies,0.5,1.0658141036401503e-14,RECOVERABLE,2.3314683517128287e-15,12,False,True,UNDECIDED_GT
n3_s03943_d0,n3,414570901,3,MNAR_self,True,acyclic,True,8,"['mean', 1]",0.6649178019995905,UNRECOVERABLE,model_witness(rootjump) dphi=0.0099 dist=1.4e-16,0.5,0.00993916041762477,UNRECOVERABLE,0.010515088144866902,12,False,True,True
n3_s03962_d0,n3,416470901,3,MNAR_self,True,acyclic,True,8,"['mean', 0]",0.26639571707739773,UNRECOVERABLE,model_witness(rootjump) dphi=0.0082 dist=3.9e-16,0.5,0.00816175178823525,UNRECOVERABLE,0.006121566937076217,12,False,True,True
n3_s03962_d0,n3,416470901,3,MNAR_self,True,acyclic,True,8,"['mean', 1]",0.4865668796744172,UNDETERMINED_RELAXED_FRAGILE,round2:no model witness; relaxation varies,0.5,2.1094237467877974e-15,RECOVERABLE,6.661338147750939e-16,12,False,True,UNDECIDED_GT
n3_s03985_d0,n3,418770901,3,MNAR_self,True,acyclic,True,8,"['mean', 0]",0.5726181522307815,UNDETERMINED_RELAXED_FRAGILE,round2:no model witness; relaxation varies,0.5,2.220446049250313e-16,RECOVERABLE,0.0,1,False,True,UNDECIDED_GT
n3_s03985_d0,n3,418770901,3,MNAR_self,True,acyclic,True,8,"['mean', 1]",0.2149573477466109,UNDETERMINED_RELAXED_FRAGILE,round2:no model witness; relaxation varies,0.5,4.9404924595819466e-15,RECOVERABLE,0.0,1,False,True,UNDECIDED_GT
n3_s04003_d0,n3,420570901,3,MNAR_other,False,acyclic,True,8,"['mean', 0]",0.6408553671593786,UNDETERMINED_RELAXED_FRAGILE,round2:no model witness; relaxation varies,0.5,1.6653345369377348e-15,RECOVERABLE,0.0,1,False,True,UNDECIDED_GT
n3_s04003_d0,n3,420570901,3,MNAR_other,False,acyclic,True,8,"['mean', 1]",0.5057531554337393,UNDETERMINED_RELAXED_FRAGILE,round2:no model witness; relaxation varies,0.5,6.661338147750939e-16,RECOVERABLE,0.0,1,False,True,UNDECIDED_GT
n3_s04022_d0,n3,422470901,3,MNAR_self,True,acyclic,True,8,"['mean', 0]",0.8200069247582521,UNDETERMINED_RELAXED_FRAGILE,round2:no model witness; relaxation varies,0.5,2.1094237467877974e-15,RECOVERABLE,0.0,1,False,True,UNDECIDED_GT
n3_s04022_d0,n3,422470901,3,MNAR_self,True,acyclic,True,8,"['mean', 1]",0.2890180281896658,UNDETERMINED_RELAXED_FRAGILE,round2:no model witness; relaxation varies,0.5,4.107825191113079e-15,RECOVERABLE,0.0,1,False,True,UNDECIDED_GT
n3_s04034_d0,n3,423670901,3,MNAR_self,True,acyclic,True,8,"['mean', 0]",0.5598918386578534,UNRECOVERABLE,model_witness(rootjump) dphi=0.2063 dist=2.2e-16,0.5,0.20629532453331234,UNRECOVERABLE,0.22387392673661977,12,False,True,True
n3_s04034_d0,n3,423670901,3,MNAR_self,True,acyclic,True,8,"['mean', 1]",,RECOVERABLE,formula:anchor_direct,,,RECOVERABLE,1.1102230246251565e-16,12,False,True,True
n3_s04054_d0,n3,425670901,3,MNAR_self,True,acyclic,True,8,"['mean', 0]",0.2732696232935208,UNRECOVERABLE,model_witness(rootjump) dphi=0.2173 dist=2.8e-16,0.5,0.21734256508070077,UNRECOVERABLE,0.2564723427189929,12,False,True,True
n3_s04054_d0,n3,425670901,3,MNAR_self,True,acyclic,True,8,"['mean', 1]",0.40502438296728027,UNDETERMINED_RELAXED_FRAGILE,round2:no model witness; relaxation varies,0.5,9.825473767932635e-15,RECOVERABLE,1.609823385706477e-15,12,False,True,UNDECIDED_GT
n3_s04077_d0,n3,427970901,3,MNAR_self,True,acyclic,True,8,"['mean', 0]",0.22267113106414,UNDETERMINED_RELAXED_FRAGILE,round2:no model witness; relaxation varies,0.5,1.61259894326804e-14,RECOVERABLE,5.551115123125783e-16,12,False,True,UNDECIDED_GT
n3_s04077_d0,n3,427970901,3,MNAR_self,True,acyclic,True,8,"['mean', 1]",0.28137148846980103,UNRECOVERABLE,model_witness(rootjump) dphi=0.0077 dist=1.7e-16,0.5,0.007712822383869888,UNRECOVERABLE,0.007535362273783042,12,False,True,True
named_collider_selection_d2,named,20270903,2,MNAR_self,True,acyclic,True,4,"['mean', 0]",,RECOVERABLE,formula:anchor_direct,,,RECOVERABLE,2.7755575615628914e-16,12,False,True,True
named_collider_selection_d2,named,20270903,2,MNAR_self,True,acyclic,True,4,"['mean', 1]",0.30672422570169,UNRECOVERABLE,model_witness(rootjump) dphi=0.2323 dist=1.1e-16,0.5,0.23230394200610172,UNRECOVERABLE,0.2155637165174189,12,False,True,True
named_mcar_reference_d1,named,20294233,2,MCAR,False,acyclic,True,4,"['mean', 0]",,RECOVERABLE,formula:direct_full_pattern,,,RECOVERABLE,0.0,1,False,False,True
named_mcar_reference_d1,named,20294233,2,MCAR,False,acyclic,True,4,"['mean', 1]",,RECOVERABLE,formula:direct_full_pattern,,,RECOVERABLE,0.0,1,False,False,True
named_mutual_selection_d0,named,20317563,2,MNAR_self,True,acyclic,True,4,"['mean', 0]",,RECOVERABLE,formula:direct_full_pattern,,,RECOVERABLE,2.220446049250313e-16,12,False,False,True
named_mutual_selection_d0,named,20317563,2,MNAR_self,True,acyclic,True,4,"['mean', 1]",0.32599806586427527,UNRECOVERABLE,model_witness(rootjump) dphi=0.1871 dist=5.6e-17,0.5,0.18710739371829901,UNRECOVERABLE,0.12116279553946246,12,False,False,True
named_self_censor_v2_chain_d2,named,20333119,2,MNAR_self,True,acyclic,True,4,"['mean', 0]",,RECOVERABLE,formula:anchor_direct,,,RECOVERABLE,0.0,1,False,True,True
named_self_censor_v2_chain_d2,named,20333119,2,MNAR_self,True,acyclic,True,4,"['mean', 1]",0.7580430318710687,UNDETERMINED_RELAXED_FRAGILE,round2:no model witness; relaxation varies,0.5,8.104628079763643e-15,RECOVERABLE,0.0,1,False,True,UNDECIDED_GT
n4_r0001_d0,n4,25270932,4,MNAR_self,True,acyclic,True,16,"['mean', 0]",0.2380136199638564,UNRECOVERABLE,model_witness(rootjump) dphi=0.1642 dist=2.2e-16,0.5,0.16422301294608976,UNRECOVERABLE,0.24839135320734843,12,False,True,True
n4_r0001_d0,n4,25270932,4,MNAR_self,True,acyclic,True,16,"['mean', 1]",0.6345965064063931,UNDETERMINED_RELAXED_FRAGILE,round2:no model witness; relaxation varies,0.5,4.551914400963142e-15,RECOVERABLE,1.1546319456101628e-14,12,False,True,UNDECIDED_GT
n4_r0009_d0,n4,25271180,4,MNAR_self,True,acyclic,True,16,"['mean', 0]",0.2507214950450659,UNDETERMINED_RELAXED_FRAGILE,round2:no model witness; relaxation varies,0.5000000000000001,3.885780586188048e-16,RECOVERABLE,0.0,1,False,True,UNDECIDED_GT
n4_r0009_d0,n4,25271180,4,MNAR_self,True,acyclic,True,16,"['mean', 1]",0.2804486074922951,UNDETERMINED_RELAXED_FRAGILE,round2:no model witness; relaxation varies,0.5,1.1102230246251565e-15,RECOVERABLE,0.0,1,False,True,UNDECIDED_GT
n4_r0017_d0,n4,25271428,4,MNAR_self,True,acyclic,True,16,"['mean', 0]",,RECOVERABLE,formula:anchor_direct,,,RECOVERABLE,0.0,1,False,True,True
n4_r0017_d0,n4,25271428,4,MNAR_self,True,acyclic,True,16,"['mean', 1]",0.4276319207760932,UNDETERMINED_RELAXED_FRAGILE,round2:no model witness; relaxation varies,0.5,4.013456234019941e-14,RECOVERABLE,0.0,1,False,True,UNDECIDED_GT
n4_r0025_d0,n4,25271676,4,MNAR_self,True,acyclic,True,16,"['mean', 0]",0.18384746040224959,UNDETERMINED_RELAXED_FRAGILE,round2:no model witness; relaxation varies,0.5,3.2557290197132716e-14,RECOVERABLE,0.0,1,False,True,UNDECIDED_GT
n4_r0025_d0,n4,25271676,4,MNAR_self,True,acyclic,True,16,"['mean', 1]",0.2987639747129776,UNDETERMINED_RELAXED_FRAGILE,round2:no model witness; relaxation varies,0.5,2.7755575615628914e-16,RECOVERABLE,0.0,1,False,True,UNDECIDED_GT
n4_r0033_d0,n4,25271924,4,MNAR_self,True,acyclic,True,16,"['mean', 0]",0.6404598200001045,UNDETERMINED_RELAXED_FRAGILE,round2:no model witness; relaxation varies,0.5,2.3203661214665772e-14,RECOVERABLE,0.0,1,False,True,UNDECIDED_GT
n4_r0033_d0,n4,25271924,4,MNAR_self,True,acyclic,True,16,"['mean', 1]",0.40879245392150615,UNDETERMINED_RELAXED_FRAGILE,round2:no model witness; relaxation varies,0.49999999999999994,5.234701561107613e-14,RECOVERABLE,0.0,1,False,True,UNDECIDED_GT
n4_r0041_d0,n4,25272172,4,MNAR_self,True,acyclic,True,16,"['mean', 0]",0.5407696646681975,UNDETERMINED_RELAXED_FRAGILE,round2:no model witness; relaxation varies,0.5,6.661338147750939e-16,RECOVERABLE,0.0,1,False,True,UNDECIDED_GT
n4_r0041_d0,n4,25272172,4,MNAR_self,True,acyclic,True,16,"['mean', 1]",0.6382805819466363,UNDETERMINED_RELAXED_FRAGILE,round2:no model witness; relaxation varies,0.5,3.3306690738754696e-15,RECOVERABLE,0.0,1,False,True,UNDECIDED_GT
n4_r0049_d0,n4,25272420,4,MNAR_self,True,acyclic,True,16,"['mean', 0]",0.40317450534269755,UNDETERMINED_RELAXED_FRAGILE,round2:no model witness; relaxation varies,0.5,5.2735593669694936e-15,RECOVERABLE,0.0,1,False,True,UNDECIDED_GT
n4_r0049_d0,n4,25272420,4,MNAR_self,True,acyclic,True,16,"['mean', 1]",0.5198688186201732,UNDETERMINED_RELAXED_FRAGILE,round2:no model witness; relaxation varies,0.5,6.661338147750939e-15,RECOVERABLE,0.0,1,False,True,UNDECIDED_GT
n4_r0057_d0,n4,25272668,4,MNAR_self,True,acyclic,True,16,"['mean', 0]",0.5095965059822144,UNDETERMINED_RELAXED_FRAGILE,round2:no model witness; relaxation varies,0.5,8.881784197001252e-16,RECOVERABLE,0.0,1,False,True,UNDECIDED_GT
n4_r0057_d0,n4,25272668,4,MNAR_self,True,acyclic,True,16,"['mean', 1]",0.4576381208370878,UNDETERMINED_RELAXED_FRAGILE,round2:no model witness; relaxation varies,0.5,3.3306690738754696e-16,RECOVERABLE,0.0,1,False,True,UNDECIDED_GT
n4_r0065_d0,n4,25272916,4,MNAR_self,True,acyclic,True,16,"['mean', 0]",,RECOVERABLE,formula:anchor_direct,,,RECOVERABLE,0.0,1,False,True,True
n4_r0065_d0,n4,25272916,4,MNAR_self,True,acyclic,True,16,"['mean', 1]",0.24778971895754906,UNDETERMINED_RELAXED_FRAGILE,round2:no model witness; relaxation varies,0.5000000000000001,2.6528779173418116e-13,RECOVERABLE,0.0,1,False,True,UNDECIDED_GT
n4_r0073_d0,n4,25273164,4,MNAR_self,True,acyclic,True,16,"['mean', 0]",0.3001127455335139,UNDETERMINED_RELAXED_FRAGILE,round2:no model witness; relaxation varies,0.5000000000000001,8.165690346118026e-14,RECOVERABLE,0.0,1,False,True,UNDECIDED_GT
n4_r0073_d0,n4,25273164,4,MNAR_self,True,acyclic,True,16,"['mean', 1]",0.7579720254671712,UNDETERMINED_RELAXED_FRAGILE,round2:no model witness; relaxation varies,0.5,4.6629367034256575e-14,RECOVERABLE,0.0,1,False,True,UNDECIDED_GT
n4_r0081_d0,n4,25273412,4,MNAR_self,True,acyclic,True,16,"['mean', 0]",0.3812712001879544,UNDETERMINED_RELAXED_FRAGILE,round2:no model witness; relaxation varies,0.5,2.7755575615628914e-16,RECOVERABLE,0.0,1,False,True,UNDECIDED_GT
n4_r0081_d0,n4,25273412,4,MNAR_self,True,acyclic,True,16,"['mean', 1]",,RECOVERABLE,formula:anchor_direct,,,RECOVERABLE,0.0,1,False,True,True
n4_r0089_d0,n4,25273660,4,MNAR_self,True,acyclic,True,16,"['mean', 0]",0.45182516363089265,UNDETERMINED_RELAXED_FRAGILE,round2:no model witness; relaxation varies,0.5,1.63202784619898e-14,RECOVERABLE,0.0,1,False,True,UNDECIDED_GT
n4_r0089_d0,n4,25273660,4,MNAR_self,True,acyclic,True,16,"['mean', 1]",,RECOVERABLE,formula:anchor_direct,,,RECOVERABLE,0.0,1,False,True,True
n4_r0097_d0,n4,25273908,4,MNAR_self,True,acyclic,True,16,"['mean', 0]",0.6438614885281438,UNDETERMINED_RELAXED_FRAGILE,round2:no model witness; relaxation varies,0.5,5.551115123125783e-16,RECOVERABLE,0.0,1,False,True,UNDECIDED_GT
n4_r0097_d0,n4,25273908,4,MNAR_self,True,acyclic,True,16,"['mean', 1]",0.30224497472884426,UNDETERMINED_RELAXED_FRAGILE,round2:no model witness; relaxation varies,0.5,3.3306690738754696e-16,RECOVERABLE,0.0,1,False,True,UNDECIDED_GT
n4_r0105_d0,n4,25274156,4,MNAR_self,True,acyclic,True,16,"['mean', 0]",0.6791131363194668,UNDETERMINED_RELAXED_FRAGILE,round2:no model witness; relaxation varies,0.5,5.551115123125783e-16,RECOVERABLE,0.0,1,False,True,UNDECIDED_GT
n4_r0105_d0,n4,25274156,4,MNAR_self,True,acyclic,True,16,"['mean', 1]",0.6192236897106802,UNDETERMINED_RELAXED_FRAGILE,round2:no model witness; relaxation varies,0.5,8.659739592076221e-15,RECOVERABLE,0.0,1,False,True,UNDECIDED_GT
n4_r0113_d0,n4,25274404,4,MNAR_self,True,acyclic,True,16,"['mean', 0]",0.5447107482759477,UNDETERMINED_RELAXED_FRAGILE,round2:no model witness; relaxation varies,0.5,1.1102230246251565e-15,RECOVERABLE,0.0,1,False,True,UNDECIDED_GT
n4_r0113_d0,n4,25274404,4,MNAR_self,True,acyclic,True,16,"['mean', 1]",0.5538345683671323,UNDETERMINED_RELAXED_FRAGILE,round2:no model witness; relaxation varies,0.5,5.551115123125783e-16,RECOVERABLE,0.0,1,False,True,UNDECIDED_GT
n4_r0121_d0,n4,25274652,4,MNAR_self,True,acyclic,True,16,"['mean', 0]",0.3953943262704302,UNDETERMINED_RELAXED_FRAGILE,round2:no model witness; relaxation varies,0.5,1.3877787807814457e-15,RECOVERABLE,0.0,1,False,True,UNDECIDED_GT
n4_r0121_d0,n4,25274652,4,MNAR_self,True,acyclic,True,16,"['mean', 1]",0.6623648338437677,UNDETERMINED_RELAXED_FRAGILE,round2:no model witness; relaxation varies,0.5,1.887379141862766e-15,RECOVERABLE,0.0,1,False,True,UNDECIDED_GT
n4_r0129_d0,n4,25274900,4,MNAR_self,True,acyclic,True,16,"['mean', 0]",0.2206648117035724,UNDETERMINED_RELAXED_FRAGILE,round2:no model witness; relaxation varies,0.5000000000000001,7.771561172376096e-16,RECOVERABLE,0.0,1,False,True,UNDECIDED_GT
n4_r0129_d0,n4,25274900,4,MNAR_self,True,acyclic,True,16,"['mean', 1]",0.3930359084809362,UNDETERMINED_RELAXED_FRAGILE,round2:no model witness; relaxation varies,0.5,5.551115123125783e-16,RECOVERABLE,0.0,1,False,True,UNDECIDED_GT
n4_r0137_d0,n4,25275148,4,MNAR_self,True,acyclic,True,16,"['mean', 0]",0.7220450769585649,UNDETERMINED_RELAXED_FRAGILE,round2:no model witness; relaxation varies,0.5,3.3084646133829665e-14,RECOVERABLE,0.0,1,False,True,UNDECIDED_GT
n4_r0137_d0,n4,25275148,4,MNAR_self,True,acyclic,True,16,"['mean', 1]",0.36383204638202665,UNDETERMINED_RELAXED_FRAGILE,round2:no model witness; relaxation varies,0.5,1.9984014443252818e-15,RECOVERABLE,0.0,1,False,True,UNDECIDED_GT
n4_r0145_d0,n4,25275396,4,MNAR_self,True,acyclic,True,16,"['mean', 0]",,RECOVERABLE,formula:anchor_direct,,,RECOVERABLE,0.0,1,False,True,True
n4_r0145_d0,n4,25275396,4,MNAR_self,True,acyclic,True,16,"['mean', 1]",,RECOVERABLE,formula:anchor_direct,,,RECOVERABLE,0.0,1,False,True,True
n4_r0153_d0,n4,25275644,4,MNAR_self,True,acyclic,True,16,"['mean', 0]",0.7752120760749176,UNDETERMINED_RELAXED_FRAGILE,round2:no model witness; relaxation varies,0.5,2.3314683517128287e-15,RECOVERABLE,0.0,1,False,True,UNDECIDED_GT
n4_r0153_d0,n4,25275644,4,MNAR_self,True,acyclic,True,16,"['mean', 1]",0.6957745274392709,UNDETERMINED_RELAXED_FRAGILE,round2:no model witness; relaxation varies,0.5,3.3306690738754696e-16,RECOVERABLE,0.0,1,False,True,UNDECIDED_GT
n4_r0161_d0,n4,25275892,4,MNAR_self,True,acyclic,True,16,"['mean', 0]",0.48872300854323436,UNDETERMINED_RELAXED_FRAGILE,round2:no model witness; relaxation varies,0.5,9.658940314238862e-14,RECOVERABLE,0.0,1,False,True,UNDECIDED_GT
n4_r0161_d0,n4,25275892,4,MNAR_self,True,acyclic,True,16,"['mean', 1]",0.5675645394106159,UNDETERMINED_RELAXED_FRAGILE,round2:no model witness; relaxation varies,0.5,3.3306690738754696e-16,RECOVERABLE,0.0,1,False,True,UNDECIDED_GT
n4_r0169_d0,n4,25276140,4,MNAR_self,True,acyclic,True,16,"['mean', 0]",0.7678168361097049,UNDETERMINED_RELAXED_FRAGILE,round2:no model witness; relaxation varies,0.5,1.5432100042289676e-14,RECOVERABLE,0.0,1,False,True,UNDECIDED_GT
n4_r0169_d0,n4,25276140,4,MNAR_self,True,acyclic,True,16,"['mean', 1]",0.773419667268098,UNDETERMINED_RELAXED_FRAGILE,round2:no model witness; relaxation varies,0.5,2.0050627824730327e-13,RECOVERABLE,0.0,1,False,True,UNDECIDED_GT
n4_r0177_d0,n4,25276388,4,MNAR_self,True,acyclic,True,16,"['mean', 0]",0.7159862529876034,UNDETERMINED_RELAXED_FRAGILE,round2:no model witness; relaxation varies,0.5,3.3306690738754696e-16,RECOVERABLE,0.0,1,False,True,UNDECIDED_GT
n4_r0177_d0,n4,25276388,4,MNAR_self,True,acyclic,True,16,"['mean', 1]",0.7588892914420996,UNDETERMINED_RELAXED_FRAGILE,round2:no model witness; relaxation varies,0.5000000000000001,2.220446049250313e-16,RECOVERABLE,0.0,1,False,True,UNDECIDED_GT
n4_r0185_d0,n4,25276636,4,MNAR_self,True,acyclic,True,16,"['mean', 0]",0.48574872038915107,UNDETERMINED_RELAXED_FRAGILE,round2:no model witness; relaxation varies,0.5,6.106226635438361e-15,RECOVERABLE,0.0,1,False,True,UNDECIDED_GT
n4_r0185_d0,n4,25276636,4,MNAR_self,True,acyclic,True,16,"['mean', 1]",0.6380500585356745,UNDETERMINED_RELAXED_FRAGILE,round2:no model witness; relaxation varies,0.49999999999999994,3.3306690738754696e-16,RECOVERABLE,0.0,1,False,True,UNDECIDED_GT
n4_r0193_d0,n4,25276884,4,MNAR_self,True,acyclic,True,16,"['mean', 0]",0.23752767101952119,UNDETERMINED_RELAXED_FRAGILE,round2:no model witness; relaxation varies,0.5,4.746203430272544e-15,RECOVERABLE,0.0,1,False,True,UNDECIDED_GT
n4_r0193_d0,n4,25276884,4,MNAR_self,True,acyclic,True,16,"['mean', 1]",,RECOVERABLE,formula:anchor_direct,,,RECOVERABLE,0.0,1,False,True,True
n3_s00366_d0,n3,56870901,3,MNAR_self,True,acyclic,True,8,"['mean', 0]",0.35528133812801244,UNDETERMINED_RELAXED_FRAGILE,round2:no model witness; relaxation varies,0.5,1.2989609388114332e-14,RECOVERABLE,0.0,1,False,True,UNDECIDED_GT
n3_s00366_d0,n3,56870901,3,MNAR_self,True,acyclic,True,8,"['mean', 1]",,RECOVERABLE,formula:anchor_direct,,,RECOVERABLE,0.0,1,False,True,True
n3_s00393_d0,n3,59570901,3,MNAR_other,False,acyclic,True,8,"['mean', 0]",,RECOVERABLE,formula:anchor_direct,,,RECOVERABLE,0.0,1,False,True,True
n3_s00393_d0,n3,59570901,3,MNAR_other,False,acyclic,True,8,"['mean', 1]",,RECOVERABLE,formula:anchor_direct,,,RECOVERABLE,0.0,1,False,True,True
n3_s00412_d0,n3,61470901,3,MNAR_self,True,acyclic,True,8,"['mean', 0]",,RECOVERABLE,formula:anchor_direct,,,RECOVERABLE,0.0,1,False,True,True
n3_s00412_d0,n3,61470901,3,MNAR_self,True,acyclic,True,8,"['mean', 1]",0.4815748271763035,UNDETERMINED_RELAXED_FRAGILE,round2:no model witness; relaxation varies,0.5,2.7977620220553945e-14,RECOVERABLE,0.0,1,False,True,UNDECIDED_GT
n3_s00442_d0,n3,64470901,3,MNAR_self,True,acyclic,True,8,"['mean', 0]",,RECOVERABLE,formula:anchor_direct,,,RECOVERABLE,0.0,1,False,True,True
n3_s00442_d0,n3,64470901,3,MNAR_self,True,acyclic,True,8,"['mean', 1]",0.7643862053438978,UNDETERMINED_RELAXED_FRAGILE,round2:no model witness; relaxation varies,0.5,7.438494264988549e-15,RECOVERABLE,0.0,1,False,True,UNDECIDED_GT
n3_s00473_d0,n3,67570901,3,MNAR_self,True,acyclic,True,8,"['mean', 0]",0.40472542403143374,UNDETERMINED_RELAXED_FRAGILE,round2:no model witness; relaxation varies,0.5,1.5543122344752192e-15,RECOVERABLE,0.0,1,False,True,UNDECIDED_GT
n3_s00473_d0,n3,67570901,3,MNAR_self,True,acyclic,True,8,"['mean', 1]",0.15233479135626005,UNDETERMINED_RELAXED_FRAGILE,round2:no model witness; relaxation varies,0.5,1.2906342661267445e-14,RECOVERABLE,0.0,1,False,True,UNDECIDED_GT
n3_s00497_d0,n3,69970901,3,MNAR_self,True,acyclic,True,8,"['mean', 0]",0.7768220808971908,UNDETERMINED_RELAXED_FRAGILE,round2:no model witness; relaxation varies,0.5,1.6431300764452317e-14,RECOVERABLE,0.0,1,False,True,UNDECIDED_GT
n3_s00497_d0,n3,69970901,3,MNAR_self,True,acyclic,True,8,"['mean', 1]",0.692178883572758,UNDETERMINED_RELAXED_FRAGILE,round2:no model witness; relaxation varies,0.5,1.3322676295501878e-15,RECOVERABLE,0.0,1,False,True,UNDECIDED_GT
n3_s00521_d0,n3,72370901,3,MNAR_other,False,acyclic,True,8,"['mean', 0]",,RECOVERABLE,formula:anchor_direct,,,RECOVERABLE,0.0,1,False,True,True
n3_s00521_d0,n3,72370901,3,MNAR_other,False,acyclic,True,8,"['mean', 1]",,RECOVERABLE,formula:direct_full_pattern,,,RECOVERABLE,0.0,1,False,True,True
n3_s00545_d0,n3,74770901,3,MNAR_other,False,acyclic,True,8,"['mean', 0]",,RECOVERABLE,formula:anchor_direct,,,RECOVERABLE,0.0,1,False,True,True
n3_s00545_d0,n3,74770901,3,MNAR_other,False,acyclic,True,8,"['mean', 1]",,RECOVERABLE,formula:direct_full_pattern,,,RECOVERABLE,0.0,1,False,True,True
n3_s00569_d0,n3,77170901,3,MNAR_self,True,acyclic,True,8,"['mean', 0]",,RECOVERABLE,formula:anchor_direct,,,RECOVERABLE,2.220446049250313e-16,12,False,True,True
n3_s00569_d0,n3,77170901,3,MNAR_self,True,acyclic,True,8,"['mean', 1]",0.7988627926072931,UNRECOVERABLE,model_witness(rootjump) dphi=0.2350 dist=1.7e-16,0.5,0.23500767078011942,UNRECOVERABLE,0.3167226964062869,12,False,True,True
n3_s00587_d0,n3,78970901,3,MNAR_self,True,acyclic,True,8,"['mean', 0]",0.6232090409270252,UNDETERMINED_RELAXED_FRAGILE,round2:no model witness; relaxation varies,0.5,1.0880185641326534e-14,RECOVERABLE,0.0,1,False,True,UNDECIDED_GT
n3_s00587_d0,n3,78970901,3,MNAR_self,True,acyclic,True,8,"['mean', 1]",,RECOVERABLE,formula:anchor_direct,,,RECOVERABLE,0.0,1,False,True,True
n3_s00602_d0,n3,80470901,3,MNAR_self,True,acyclic,True,8,"['mean', 0]",0.497826695203181,UNDETERMINED_RELAXED_FRAGILE,round2:no model witness; relaxation varies,0.4999999999999999,3.885780586188048e-16,RECOVERABLE,0.0,1,False,True,UNDECIDED_GT
n3_s00602_d0,n3,80470901,3,MNAR_self,True,acyclic,True,8,"['mean', 1]",0.4606778861811712,UNDETERMINED_RELAXED_FRAGILE,round2:no model witness; relaxation varies,0.5,6.916134331902413e-13,RECOVERABLE,0.0,1,False,True,UNDECIDED_GT
n3_s00618_d0,n3,82070901,3,MNAR_self,True,acyclic,True,8,"['mean', 0]",0.4736607136606179,UNDETERMINED_RELAXED_FRAGILE,round2:no model witness; relaxation varies,0.5,2.4424906541753444e-15,RECOVERABLE,0.0,1,False,True,UNDECIDED_GT
n3_s00618_d0,n3,82070901,3,MNAR_self,True,acyclic,True,8,"['mean', 1]",,RECOVERABLE,formula:anchor_direct,,,RECOVERABLE,0.0,1,False,True,True
n3_s00642_d0,n3,84470901,3,MNAR_other,False,acyclic,True,8,"['mean', 0]",,RECOVERABLE,formula:direct_full_pattern,,,RECOVERABLE,0.0,1,False,True,True
n3_s00642_d0,n3,84470901,3,MNAR_other,False,acyclic,True,8,"['mean', 1]",,RECOVERABLE,formula:anchor_direct,,,RECOVERABLE,0.0,1,False,True,True
n3_s00663_d0,n3,86570901,3,MNAR_self,True,acyclic,True,8,"['mean', 0]",,RECOVERABLE,formula:anchor_direct,,,RECOVERABLE,2.220446049250313e-16,12,False,True,True
n3_s00663_d0,n3,86570901,3,MNAR_self,True,acyclic,True,8,"['mean', 1]",0.7913208888689907,UNDETERMINED_RELAXED_FRAGILE,round2:no model witness; relaxation varies,0.5,3.885780586188048e-15,RECOVERABLE,5.551115123125783e-15,12,False,True,UNDECIDED_GT
n3_s00672_d0,n3,87470901,3,MNAR_other,False,acyclic,True,8,"['mean', 0]",,RECOVERABLE,formula:anchor_direct,,,RECOVERABLE,0.0,1,False,True,True
n3_s00672_d0,n3,87470901,3,MNAR_other,False,acyclic,True,8,"['mean', 1]",,RECOVERABLE,formula:anchor_direct,,,RECOVERABLE,0.0,1,False,True,True
n3_s00685_d0,n3,88770901,3,MNAR_self,True,acyclic,True,8,"['mean', 0]",,RECOVERABLE,formula:anchor_direct,,,RECOVERABLE,0.0,1,False,True,True
n3_s00685_d0,n3,88770901,3,MNAR_self,True,acyclic,True,8,"['mean', 1]",,RECOVERABLE,formula:anchor_direct,,,RECOVERABLE,0.0,1,False,True,True
n3_s00704_d0,n3,90670901,3,MNAR_self,True,acyclic,True,8,"['mean', 0]",0.30458761826960135,UNDETERMINED_RELAXED_FRAGILE,round2:no model witness; relaxation varies,0.4999999999999999,1.887379141862766e-15,RECOVERABLE,0.0,1,False,True,UNDECIDED_GT
n3_s00704_d0,n3,90670901,3,MNAR_self,True,acyclic,True,8,"['mean', 1]",,RECOVERABLE,formula:anchor_direct,,,RECOVERABLE,0.0,1,False,True,True
n3_s00730_d0,n3,93270901,3,MNAR_self,True,acyclic,True,8,"['mean', 0]",0.6261215720831482,UNDETERMINED_RELAXED_FRAGILE,round2:no model witness; relaxation varies,0.5,3.4416913763379853e-15,RECOVERABLE,0.0,1,False,True,UNDECIDED_GT
n3_s00730_d0,n3,93270901,3,MNAR_self,True,acyclic,True,8,"['mean', 1]",0.4852962328987741,UNDETERMINED_RELAXED_FRAGILE,round2:no model witness; relaxation varies,0.5,1.3655743202889425e-14,RECOVERABLE,0.0,1,False,True,UNDECIDED_GT
n3_s00749_d0,n3,95170901,3,MNAR_self,True,acyclic,True,8,"['mean', 0]",0.6730356473880685,UNDETERMINED_RELAXED_FRAGILE,round2:no model witness; relaxation varies,0.5,5.551115123125783e-16,RECOVERABLE,0.0,1,False,True,UNDECIDED_GT
n3_s00749_d0,n3,95170901,3,MNAR_self,True,acyclic,True,8,"['mean', 1]",,RECOVERABLE,formula:anchor_direct,,,RECOVERABLE,0.0,1,False,True,True
n3_s00778_d0,n3,98070901,3,MNAR_other,False,acyclic,True,8,"['mean', 0]",0.8172613621562685,UNDETERMINED_RELAXED_FRAGILE,round2:no model witness; relaxation varies,0.5,1.3322676295501878e-15,RECOVERABLE,0.0,1,False,True,UNDECIDED_GT
n3_s00778_d0,n3,98070901,3,MNAR_other,False,acyclic,True,8,"['mean', 1]",,RECOVERABLE,formula:anchor_direct,,,RECOVERABLE,0.0,1,False,True,True
n3_s00804_d0,n3,100670901,3,MNAR_self,True,acyclic,True,8,"['mean', 0]",0.44076619022768004,UNDETERMINED_RELAXED_FRAGILE,round2:no model witness; relaxation varies,0.5,2.7755575615628914e-16,RECOVERABLE,0.0,1,False,True,UNDECIDED_GT
n3_s00804_d0,n3,100670901,3,MNAR_self,True,acyclic,True,8,"['mean', 1]",,RECOVERABLE,formula:direct_full_pattern,,,RECOVERABLE,0.0,1,False,True,True
n3_s00830_d0,n3,103270901,3,MNAR_self,True,acyclic,True,8,"['mean', 0]",0.6655267562328697,UNDETERMINED_RELAXED_FRAGILE,round2:no model witness; relaxation varies,0.5,1.3322676295501878e-15,RECOVERABLE,0.0,1,False,True,UNDECIDED_GT
n3_s00830_d0,n3,103270901,3,MNAR_self,True,acyclic,True,8,"['mean', 1]",0.6862552840302775,UNDETERMINED_RELAXED_FRAGILE,round2:no model witness; relaxation varies,0.5,3.708144902248023e-14,RECOVERABLE,0.0,1,False,True,UNDECIDED_GT
n3_s00860_d0,n3,106270901,3,MNAR_self,True,acyclic,True,8,"['mean', 0]",0.5304785846391563,UNDETERMINED_RELAXED_FRAGILE,round2:no model witness; relaxation varies,0.5,6.039613253960852e-14,RECOVERABLE,3.3306690738754696e-16,12,False,True,UNDECIDED_GT
n3_s00860_d0,n3,106270901,3,MNAR_self,True,acyclic,True,8,"['mean', 1]",0.303513478490731,UNRECOVERABLE,model_witness(rootjump) dphi=0.1767 dist=2.2e-16,0.5,0.17673274728224858,UNRECOVERABLE,0.2182117696111128,12,False,True,True
n3_s00883_d0,n3,108570901,3,MNAR_self,True,acyclic,True,8,"['mean', 0]",0.3980463985595478,UNDETERMINED_RELAXED_FRAGILE,round2:no model witness; relaxation varies,0.49999999999999994,1.1546319456101628e-14,RECOVERABLE,0.0,1,False,True,UNDECIDED_GT
n3_s00883_d0,n3,108570901,3,MNAR_self,True,acyclic,True,8,"['mean', 1]",0.5263747306038625,UNDETERMINED_RELAXED_FRAGILE,round2:no model witness; relaxation varies,0.5,3.6637359812630166e-15,RECOVERABLE,0.0,1,False,True,UNDECIDED_GT
n3_s00902_d0,n3,110470901,3,MNAR_self,True,acyclic,True,8,"['mean', 0]",0.5351729448226424,UNDETERMINED_RELAXED_FRAGILE,round2:no model witness; relaxation varies,0.5,2.220446049250313e-16,RECOVERABLE,0.0,1,False,True,UNDECIDED_GT
n3_s00902_d0,n3,110470901,3,MNAR_self,True,acyclic,True,8,"['mean', 1]",,RECOVERABLE,formula:anchor_direct,,,RECOVERABLE,0.0,1,False,True,True
n3_s00934_d0,n3,113670901,3,MNAR_self,True,acyclic,True,8,"['mean', 0]",0.2886589185022457,UNDETERMINED_RELAXED_FRAGILE,round2:no model witness; relaxation varies,0.49999999999999994,1.8318679906315083e-15,RECOVERABLE,0.0,1,False,True,UNDECIDED_GT
n3_s00934_d0,n3,113670901,3,MNAR_self,True,acyclic,True,8,"['mean', 1]",,RECOVERABLE,formula:anchor_direct,,,RECOVERABLE,0.0,1,False,True,True
n3_s00960_d0,n3,116270901,3,MNAR_self,True,acyclic,True,8,"['mean', 0]",0.8384464964544516,UNRECOVERABLE,model_witness(rootjump) dphi=0.1932 dist=1.1e-16,0.5,0.19320707472496934,UNRECOVERABLE,0.19282789419720803,12,False,True,True
n3_s00960_d0,n3,116270901,3,MNAR_self,True,acyclic,True,8,"['mean', 1]",,RECOVERABLE,formula:anchor_direct,,,RECOVERABLE,1.1102230246251565e-15,12,False,True,True
n3_s00984_d0,n3,118670901,3,MNAR_self,True,acyclic,True,8,"['mean', 0]",0.4510993577342854,UNDETERMINED_RELAXED_FRAGILE,round2:no model witness; relaxation varies,0.5,2.275957200481571e-15,RECOVERABLE,0.0,1,False,True,UNDECIDED_GT
n3_s00984_d0,n3,118670901,3,MNAR_self,True,acyclic,True,8,"['mean', 1]",0.18257354422695965,UNDETERMINED_RELAXED_FRAGILE,round2:no model witness; relaxation varies,0.5,3.3556490919295356e-14,RECOVERABLE,0.0,1,False,True,UNDECIDED_GT
n3_s00998_d0,n3,120070901,3,MNAR_self,True,acyclic,True,8,"['mean', 0]",0.3478617824798024,UNRECOVERABLE,model_witness(rootjump) dphi=0.1891 dist=2.2e-16,0.5,0.18908956215316453,UNRECOVERABLE,0.22906530152717444,12,False,True,True
n3_s00998_d0,n3,120070901,3,MNAR_self,True,acyclic,True,8,"['mean', 1]",,RECOVERABLE,formula:anchor_direct,,,RECOVERABLE,3.3306690738754696e-16,12,False,True,True
n3_s01013_d0,n3,121570901,3,MNAR_self,True,acyclic,True,8,"['mean', 0]",0.3492093241551404,UNDETERMINED_RELAXED_FRAGILE,round2:no model witness; relaxation varies,0.5,2.0539125955565396e-15,RECOVERABLE,0.0,1,False,True,UNDECIDED_GT
n3_s01013_d0,n3,121570901,3,MNAR_self,True,acyclic,True,8,"['mean', 1]",0.550291069038175,UNDETERMINED_RELAXED_FRAGILE,round2:no model witness; relaxation varies,0.5,8.615330671091215e-14,RECOVERABLE,0.0,1,False,True,UNDECIDED_GT
n3_s01035_d0,n3,123770901,3,MNAR_other,False,acyclic,True,8,"['mean', 0]",,RECOVERABLE,formula:anchor_direct,,,RECOVERABLE,0.0,1,False,True,True
n3_s01035_d0,n3,123770901,3,MNAR_other,False,acyclic,True,8,"['mean', 1]",,RECOVERABLE,formula:anchor_direct,,,RECOVERABLE,0.0,1,False,True,True
n3_s01071_d0,n3,127370901,3,MNAR_self,True,acyclic,True,8,"['mean', 0]",,RECOVERABLE,formula:anchor_direct,,,RECOVERABLE,0.0,1,False,True,True
n3_s01071_d0,n3,127370901,3,MNAR_self,True,acyclic,True,8,"['mean', 1]",0.7443977417900726,UNDETERMINED_RELAXED_FRAGILE,round2:no model witness; relaxation varies,0.5,6.233902283270254e-13,RECOVERABLE,0.0,1,False,True,UNDECIDED_GT
n3_s01092_d0,n3,129470901,3,MNAR_self,True,acyclic,True,8,"['mean', 0]",0.7348149397174838,UNRECOVERABLE,model_witness(rootjump) dphi=0.4875 dist=2.2e-16,0.5,0.4874881539872824,UNRECOVERABLE,0.4857378580365233,12,False,True,True
n3_s01092_d0,n3,129470901,3,MNAR_self,True,acyclic,True,8,"['mean', 1]",,RECOVERABLE,formula:anchor_direct,,,RECOVERABLE,1.1102230246251565e-16,12,False,True,True
n3_s01106_d0,n3,130870901,3,MNAR_self,True,acyclic,True,8,"['mean', 0]",0.7101402745322859,UNRECOVERABLE,model_witness(rootjump) dphi=0.3222 dist=2.8e-16,0.5,0.32219629346470985,UNRECOVERABLE,0.32166948230154213,12,False,True,True
n3_s01106_d0,n3,130870901,3,MNAR_self,True,acyclic,True,8,"['mean', 1]",0.20742992509955172,UNDETERMINED_RELAXED_FRAGILE,round2:no model witness; relaxation varies,0.5,8.215650382226158e-15,RECOVERABLE,4.274358644806853e-15,12,False,True,UNDECIDED_GT
n3_s01131_d0,n3,133370901,3,MNAR_self,True,acyclic,True,8,"['mean', 0]",0.6624656387070527,UNDETERMINED_RELAXED_FRAGILE,round2:no model witness; relaxation varies,0.5,8.104628079763643e-15,RECOVERABLE,0.0,1,False,True,UNDECIDED_GT
n3_s01131_d0,n3,133370901,3,MNAR_self,True,acyclic,True,8,"['mean', 1]",0.2657134460918462,UNDETERMINED_RELAXED_FRAGILE,round2:no model witness; relaxation varies,0.5,1.2212453270876722e-15,RECOVERABLE,0.0,1,False,True,UNDECIDED_GT
n3_s01156_d0,n3,135870901,3,MNAR_self,True,acyclic,True,8,"['mean', 0]",,RECOVERABLE,formula:direct_full_pattern,,,RECOVERABLE,0.0,1,False,True,True
n3_s01156_d0,n3,135870901,3,MNAR_self,True,acyclic,True,8,"['mean', 1]",,RECOVERABLE,formula:anchor_direct,,,RECOVERABLE,0.0,1,False,True,True
n3_s01177_d0,n3,137970901,3,MNAR_self,True,acyclic,True,8,"['mean', 0]",,RECOVERABLE,formula:anchor_direct,,,RECOVERABLE,0.0,1,False,True,True
n3_s01177_d0,n3,137970901,3,MNAR_self,True,acyclic,True,8,"['mean', 1]",0.8260199572463037,UNDETERMINED_RELAXED_FRAGILE,round2:no model witness; relaxation varies,0.5,2.0761170560490427e-14,RECOVERABLE,0.0,1,False,True,UNDECIDED_GT
n3_s01207_d0,n3,140970901,3,MNAR_self,True,acyclic,True,8,"['mean', 0]",,RECOVERABLE,formula:anchor_direct,,,RECOVERABLE,0.0,1,False,True,True
n3_s01207_d0,n3,140970901,3,MNAR_self,True,acyclic,True,8,"['mean', 1]",0.5574664205532606,UNDETERMINED_RELAXED_FRAGILE,round2:no model witness; relaxation varies,0.5,2.853273173286652e-14,RECOVERABLE,0.0,1,False,True,UNDECIDED_GT
n3_s01226_d0,n3,142870901,3,MNAR_self,True,acyclic,True,8,"['mean', 0]",0.1750297954488854,UNDETERMINED_RELAXED_FRAGILE,round2:no model witness; relaxation varies,0.5,3.991251773527438e-14,RECOVERABLE,0.0,1,False,True,UNDECIDED_GT
n3_s01226_d0,n3,142870901,3,MNAR_self,True,acyclic,True,8,"['mean', 1]",,RECOVERABLE,formula:anchor_direct,,,RECOVERABLE,0.0,1,False,True,True
n3_s01246_d0,n3,144870901,3,MNAR_self,True,acyclic,True,8,"['mean', 0]",0.5246598063485155,UNDETERMINED_RELAXED_FRAGILE,round2:no model witness; relaxation varies,0.5,2.220446049250313e-14,RECOVERABLE,4.773959005888173e-15,12,False,True,UNDECIDED_GT
n3_s01246_d0,n3,144870901,3,MNAR_self,True,acyclic,True,8,"['mean', 1]",0.5346544337754568,UNDETERMINED_RELAXED_FRAGILE,round2:no model witness; relaxation varies,0.5,1.3322676295501878e-15,RECOVERABLE,2.220446049250313e-16,12,False,True,UNDECIDED_GT
n3_s01275_d0,n3,147770901,3,MNAR_self,True,acyclic,True,8,"['mean', 0]",0.18640965566778095,UNDETERMINED_RELAXED_FRAGILE,round2:no model witness; relaxation varies,0.5,5.94246873930615e-14,RECOVERABLE,0.0,1,False,True,UNDECIDED_GT
n3_s01275_d0,n3,147770901,3,MNAR_self,True,acyclic,True,8,"['mean', 1]",0.4418312984162004,UNDETERMINED_RELAXED_FRAGILE,round2:no model witness; relaxation varies,0.5,5.4789506265251475e-14,RECOVERABLE,0.0,1,False,True,UNDECIDED_GT
n3_s01308_d0,n3,151070901,3,MNAR_self,True,acyclic,True,8,"['mean', 0]",,RECOVERABLE,formula:anchor_direct,,,RECOVERABLE,0.0,1,False,True,True
n3_s01308_d0,n3,151070901,3,MNAR_self,True,acyclic,True,8,"['mean', 1]",0.41600706365299833,UNDETERMINED_RELAXED_FRAGILE,round2:no model witness; relaxation varies,0.5,2.220446049250313e-15,RECOVERABLE,0.0,1,False,True,UNDECIDED_GT
n3_s01348_d0,n3,155070901,3,MNAR_self,True,acyclic,True,8,"['mean', 0]",0.4530649057642303,UNRECOVERABLE,model_witness(rootjump) dphi=0.1224 dist=2.2e-16,0.5,0.12236460423800655,UNRECOVERABLE,0.2074815378265631,12,False,True,True
n3_s01348_d0,n3,155070901,3,MNAR_self,True,acyclic,True,8,"['mean', 1]",,RECOVERABLE,formula:anchor_direct,,,RECOVERABLE,3.885780586188048e-16,12,False,True,True
n3_s01365_d0,n3,156770901,3,MNAR_self,True,acyclic,True,8,"['mean', 0]",0.4479966470632159,UNDETERMINED_RELAXED_FRAGILE,round2:no model witness; relaxation varies,0.49999999999999994,3.880229471064922e-14,RECOVERABLE,0.0,1,False,True,UNDECIDED_GT
n3_s01365_d0,n3,156770901,3,MNAR_self,True,acyclic,True,8,"['mean', 1]",0.407133672334082,UNDETERMINED_RELAXED_FRAGILE,round2:no model witness; relaxation varies,0.5,8.493206138382448e-15,RECOVERABLE,0.0,1,False,True,UNDECIDED_GT
n3_s01384_d0,n3,158670901,3,MNAR_self,True,acyclic,True,8,"['mean', 0]",0.5967823751488693,UNDETERMINED_RELAXED_FRAGILE,round2:no model witness; relaxation varies,0.5,1.509903313490213e-14,RECOVERABLE,0.0,1,False,True,UNDECIDED_GT
n3_s01384_d0,n3,158670901,3,MNAR_self,True,acyclic,True,8,"['mean', 1]",0.2596747129108568,UNDETERMINED_RELAXED_FRAGILE,round2:no model witness; relaxation varies,0.5,5.551115123125783e-16,RECOVERABLE,0.0,1,False,True,UNDECIDED_GT
n3_s01413_d0,n3,161570901,3,MNAR_self,True,acyclic,True,8,"['mean', 0]",,RECOVERABLE,formula:anchor_direct,,,RECOVERABLE,0.0,1,False,True,True
n3_s01413_d0,n3,161570901,3,MNAR_self,True,acyclic,True,8,"['mean', 1]",,RECOVERABLE,formula:anchor_direct,,,RECOVERABLE,0.0,1,False,True,True
n3_s01432_d0,n3,163470901,3,MNAR_self,True,acyclic,True,8,"['mean', 0]",,RECOVERABLE,formula:anchor_direct,,,RECOVERABLE,0.0,1,False,True,True
n3_s01432_d0,n3,163470901,3,MNAR_self,True,acyclic,True,8,"['mean', 1]",0.6087998657582677,UNDETERMINED_RELAXED_FRAGILE,round2:no model witness; relaxation varies,0.5,2.1793677973391823e-13,RECOVERABLE,0.0,1,False,True,UNDECIDED_GT
n3_s01447_d0,n3,164970901,3,MNAR_self,True,acyclic,True,8,"['mean', 0]",,RECOVERABLE,formula:anchor_direct,,,RECOVERABLE,0.0,1,False,True,True
n3_s01447_d0,n3,164970901,3,MNAR_self,True,acyclic,True,8,"['mean', 1]",0.3627958162029479,UNDETERMINED_RELAXED_FRAGILE,round2:no model witness; relaxation varies,0.5,2.708944180085382e-14,RECOVERABLE,0.0,1,False,True,UNDECIDED_GT
n3_s01468_d0,n3,167070901,3,MNAR_self,True,acyclic,True,8,"['mean', 0]",,RECOVERABLE,formula:anchor_direct,,,RECOVERABLE,0.0,1,False,True,True
n3_s01468_d0,n3,167070901,3,MNAR_self,True,acyclic,True,8,"['mean', 1]",0.24847960481141376,UNDETERMINED_RELAXED_FRAGILE,round2:no model witness; relaxation varies,0.5,5.54833956556422e-14,RECOVERABLE,0.0,1,False,True,UNDECIDED_GT
n3_s01494_d0,n3,169670901,3,MNAR_self,True,acyclic,True,8,"['mean', 0]",0.28455557759007455,UNRECOVERABLE,model_witness(rootjump) dphi=0.2330 dist=1.1e-16,0.49999999999999994,0.23297835848649873,UNRECOVERABLE,0.2531633579336968,12,False,True,True
n3_s01494_d0,n3,169670901,3,MNAR_self,True,acyclic,True,8,"['mean', 1]",0.6971453574651627,UNDETERMINED_RELAXED_FRAGILE,round2:no model witness; relaxation varies,0.5,1.2212453270876722e-15,RECOVERABLE,2.220446049250313e-16,12,False,True,UNDECIDED_GT
n3_s01512_d0,n3,171470901,3,MNAR_self,True,acyclic,True,8,"['mean', 0]",0.8011590133140007,UNDETERMINED_RELAXED_FRAGILE,round2:no model witness; relaxation varies,0.5,3.219646771412954e-14,RECOVERABLE,0.0,1,False,True,UNDECIDED_GT
n3_s01512_d0,n3,171470901,3,MNAR_self,True,acyclic,True,8,"['mean', 1]",0.7240489407300856,UNDETERMINED_RELAXED_FRAGILE,round2:no model witness; relaxation varies,0.5,2.220446049250313e-16,RECOVERABLE,0.0,1,False,True,UNDECIDED_GT
n3_s01529_d0,n3,173170901,3,MNAR_self,True,acyclic,True,8,"['mean', 0]",0.7454523732728218,UNDETERMINED_RELAXED_FRAGILE,round2:no model witness; relaxation varies,0.5,3.8846703631634227e-13,RECOVERABLE,3.4416913763379853e-15,2,False,True,UNDECIDED_GT
n3_s01529_d0,n3,173170901,3,MNAR_self,True,acyclic,True,8,"['mean', 1]",0.8006468565767145,UNRECOVERABLE,model_witness(rootjump) dphi=0.0145 dist=2.2e-16,0.5,0.014476814442341834,UNRECOVERABLE,0.014476814442127228,2,False,True,True
n3_s01549_d0,n3,175170901,3,MNAR_self,True,acyclic,True,8,"['mean', 0]",,RECOVERABLE,formula:anchor_direct,,,RECOVERABLE,0.0,1,False,True,True
n3_s01549_d0,n3,175170901,3,MNAR_self,True,acyclic,True,8,"['mean', 1]",,RECOVERABLE,formula:anchor_direct,,,RECOVERABLE,0.0,1,False,True,True
n3_s01576_d0,n3,177870901,3,MNAR_other,False,acyclic,True,8,"['mean', 0]",,RECOVERABLE,formula:anchor_direct,,,RECOVERABLE,0.0,1,False,True,True
n3_s01576_d0,n3,177870901,3,MNAR_other,False,acyclic,True,8,"['mean', 1]",0.387212219977273,UNDETERMINED_RELAXED_FRAGILE,round2:no model witness; relaxation varies,0.5,3.885780586188048e-16,RECOVERABLE,0.0,1,False,True,UNDECIDED_GT
n3_s01596_d0,n3,179870901,3,MNAR_self,True,acyclic,True,8,"['mean', 0]",,RECOVERABLE,formula:anchor_direct,,,RECOVERABLE,4.440892098500626e-16,12,False,True,True
n3_s01596_d0,n3,179870901,3,MNAR_self,True,acyclic,True,8,"['mean', 1]",0.572678724873741,UNRECOVERABLE,model_witness(rootjump) dphi=0.1267 dist=2.2e-16,0.5,0.12672211824434398,UNRECOVERABLE,0.15820609346563141,12,False,True,True
n3_s01627_d0,n3,182970901,3,MNAR_self,True,acyclic,True,8,"['mean', 0]",0.7607929368434833,UNDETERMINED_RELAXED_FRAGILE,round2:no model witness; relaxation varies,0.5,3.3306690738754696e-16,RECOVERABLE,0.0,1,False,True,UNDECIDED_GT
n3_s01627_d0,n3,182970901,3,MNAR_self,True,acyclic,True,8,"['mean', 1]",0.24710424285945032,UNDETERMINED_RELAXED_FRAGILE,round2:no model witness; relaxation varies,0.5,2.6645352591003757e-14,RECOVERABLE,0.0,1,False,True,UNDECIDED_GT
n3_s01660_d0,n3,186270901,3,MNAR_self,True,acyclic,True,8,"['mean', 0]",0.35237399102451666,UNDETERMINED_RELAXED_FRAGILE,round2:no model witness; relaxation varies,0.5,2.0372592501871623e-14,RECOVERABLE,6.994405055138486e-15,12,False,True,UNDECIDED_GT
n3_s01660_d0,n3,186270901,3,MNAR_self,True,acyclic,True,8,"['mean', 1]",0.24826601212161709,UNRECOVERABLE,model_witness(rootjump) dphi=0.1891 dist=3.3e-16,0.5,0.1890610846710451,UNRECOVERABLE,0.21723844480310572,12,False,True,True
n3_s01684_d0,n3,188670901,3,MNAR_self,True,acyclic,True,8,"['mean', 0]",,RECOVERABLE,formula:anchor_direct,,,RECOVERABLE,0.0,1,False,True,True
n3_s01684_d0,n3,188670901,3,MNAR_self,True,acyclic,True,8,"['mean', 1]",0.31799141383725105,UNDETERMINED_RELAXED_FRAGILE,round2:no model witness; relaxation varies,0.5,6.106226635438361e-15,RECOVERABLE,0.0,1,False,True,UNDECIDED_GT
n3_s01722_d0,n3,192470901,3,MNAR_self,True,acyclic,True,8,"['mean', 0]",,RECOVERABLE,formula:anchor_direct,,,RECOVERABLE,1.1102230246251565e-16,12,False,True,True
n3_s01722_d0,n3,192470901,3,MNAR_self,True,acyclic,True,8,"['mean', 1]",0.17199505063200984,UNDETERMINED_RELAXED_FRAGILE,round2:no model witness; relaxation varies,0.5,2.858824288409778e-14,RECOVERABLE,6.938893903907228e-16,12,False,True,UNDECIDED_GT
n3_s01745_d0,n3,194770901,3,MNAR_self,True,acyclic,True,8,"['mean', 0]",0.3839085496013557,UNDETERMINED_RELAXED_FRAGILE,round2:no model witness; relaxation varies,0.5,5.495603971894525e-15,RECOVERABLE,0.0,1,False,True,UNDECIDED_GT
n3_s01745_d0,n3,194770901,3,MNAR_self,True,acyclic,True,8,"['mean', 1]",0.32238300921929286,UNDETERMINED_RELAXED_FRAGILE,round2:no model witness; relaxation varies,0.5,2.9976021664879227e-15,RECOVERABLE,0.0,1,False,True,UNDECIDED_GT
n3_s01779_d0,n3,198170901,3,MNAR_self,True,acyclic,True,8,"['mean', 0]",0.17221608511990075,UNDETERMINED_RELAXED_FRAGILE,round2:no model witness; relaxation varies,0.5,3.941291737419306e-15,RECOVERABLE,0.0,1,False,True,UNDECIDED_GT
n3_s01779_d0,n3,198170901,3,MNAR_self,True,acyclic,True,8,"['mean', 1]",0.4930720527611627,UNDETERMINED_RELAXED_FRAGILE,round2:no model witness; relaxation varies,0.5,8.881784197001252e-15,RECOVERABLE,0.0,1,False,True,UNDECIDED_GT
n3_s01810_d0,n3,201270901,3,MNAR_self,True,acyclic,True,8,"['mean', 0]",0.28755294467395404,UNDETERMINED_RELAXED_FRAGILE,round2:no model witness; relaxation varies,0.5,4.440892098500626e-16,RECOVERABLE,0.0,1,False,True,UNDECIDED_GT
n3_s01810_d0,n3,201270901,3,MNAR_self,True,acyclic,True,8,"['mean', 1]",0.34082930644932014,UNDETERMINED_RELAXED_FRAGILE,round2:no model witness; relaxation varies,0.5,5.662137425588298e-15,RECOVERABLE,0.0,1,False,True,UNDECIDED_GT
n3_s01831_d0,n3,203370901,3,MNAR_self,True,acyclic,True,8,"['mean', 0]",0.3195369763113061,UNDETERMINED_RELAXED_FRAGILE,round2:no model witness; relaxation varies,0.5,9.992007221626409e-16,RECOVERABLE,0.0,1,False,True,UNDECIDED_GT
n3_s01831_d0,n3,203370901,3,MNAR_self,True,acyclic,True,8,"['mean', 1]",0.3365234790275119,UNDETERMINED_RELAXED_FRAGILE,round2:no model witness; relaxation varies,0.5,1.1657341758564144e-15,RECOVERABLE,0.0,1,False,True,UNDECIDED_GT
n3_s01848_d0,n3,205070901,3,MNAR_self,True,acyclic,True,8,"['mean', 0]",0.581623552960675,UNDETERMINED_RELAXED_FRAGILE,round2:no model witness; relaxation varies,0.5,1.9984014443252818e-15,RECOVERABLE,2.220446049250313e-16,12,False,True,UNDECIDED_GT
n3_s01848_d0,n3,205070901,3,MNAR_self,True,acyclic,True,8,"['mean', 1]",0.6589353093525915,UNRECOVERABLE,model_witness(rootjump) dphi=0.2747 dist=1.1e-16,0.5,0.27466575563758877,UNRECOVERABLE,0.2979390356046038,12,False,True,True
n3_s01871_d0,n3,207370901,3,MNAR_self,True,acyclic,True,8,"['mean', 0]",0.2520215206087781,UNDETERMINED_RELAXED_FRAGILE,round2:no model witness; relaxation varies,0.5,2.7200464103316335e-15,RECOVERABLE,0.0,1,False,True,UNDECIDED_GT
n3_s01871_d0,n3,207370901,3,MNAR_self,True,acyclic,True,8,"['mean', 1]",,RECOVERABLE,formula:anchor_direct,,,RECOVERABLE,0.0,1,False,True,True
n3_s01895_d0,n3,209770901,3,MNAR_self,True,acyclic,True,8,"['mean', 0]",0.2254141001377698,UNDETERMINED_RELAXED_FRAGILE,round2:no model witness; relaxation varies,0.5,2.220446049250313e-15,RECOVERABLE,0.0,1,False,True,UNDECIDED_GT
n3_s01895_d0,n3,209770901,3,MNAR_self,True,acyclic,True,8,"['mean', 1]",0.4737628143692414,UNDETERMINED_RELAXED_FRAGILE,round2:no model witness; relaxation varies,0.5,3.0031532816110484e-14,RECOVERABLE,0.0,1,False,True,UNDECIDED_GT
n3_s01911_d0,n3,211370901,3,MNAR_self,True,acyclic,True,8,"['mean', 0]",0.7886446062872554,UNDETERMINED_RELAXED_FRAGILE,round2:no model witness; relaxation varies,0.5,1.315947351088198e-11,RECOVERABLE,0.0,1,False,True,UNDECIDED_GT
n3_s01911_d0,n3,211370901,3,MNAR_self,True,acyclic,True,8,"['mean', 1]",0.7699227912974415,UNDETERMINED_RELAXED_FRAGILE,round2:no model witness; relaxation varies,0.5,2.7106095146223197e-12,RECOVERABLE,0.0,1,False,True,UNDECIDED_GT
n3_s01943_d0,n3,214570901,3,MNAR_self,True,acyclic,True,8,"['mean', 0]",0.2535602873119087,UNRECOVERABLE,model_witness(rootjump) dphi=0.0357 dist=2.2e-16,0.5,0.03566292465129062,UNRECOVERABLE,0.039330318371704726,12,False,True,True
n3_s01943_d0,n3,214570901,3,MNAR_self,True,acyclic,True,8,"['mean', 1]",0.5942541910804702,UNDETERMINED_RELAXED_FRAGILE,round2:no model witness; relaxation varies,0.5,6.661338147750939e-16,RECOVERABLE,4.440892098500626e-16,12,False,True,UNDECIDED_GT
n3_s01959_d0,n3,216170901,3,MNAR_self,True,acyclic,True,8,"['mean', 0]",0.7254628208956166,UNDETERMINED_RELAXED_FRAGILE,round2:no model witness; relaxation varies,0.5,1.5543122344752192e-15,RECOVERABLE,0.0,1,False,True,UNDECIDED_GT
n3_s01959_d0,n3,216170901,3,MNAR_self,True,acyclic,True,8,"['mean', 1]",0.480317360419975,UNDETERMINED_RELAXED_FRAGILE,round2:no model witness; relaxation varies,0.5,2.6478819137309983e-14,RECOVERABLE,0.0,1,False,True,UNDECIDED_GT
n3_s01985_d0,n3,218770901,3,MNAR_self,True,acyclic,True,8,"['mean', 0]",0.6819406939457873,UNDETERMINED_RELAXED_FRAGILE,round2:no model witness; relaxation varies,0.5,4.551914400963142e-15,RECOVERABLE,1.2212453270876722e-15,12,False,True,UNDECIDED_GT
n3_s01985_d0,n3,218770901,3,MNAR_self,True,acyclic,True,8,"['mean', 1]",,RECOVERABLE,formula:anchor_direct,,,RECOVERABLE,1.1102230246251565e-16,12,False,True,True
n3_s02001_d0,n3,220370901,3,MNAR_self,True,acyclic,True,8,"['mean', 0]",0.24248975307132464,UNDETERMINED_RELAXED_FRAGILE,round2:no model witness; relaxation varies,0.5,2.1760371282653068e-14,RECOVERABLE,7.216449660063518e-16,12,False,True,UNDECIDED_GT
n3_s02001_d0,n3,220370901,3,MNAR_self,True,acyclic,True,8,"['mean', 1]",0.638764187287291,UNDETERMINED_RELAXED_FRAGILE,round2:no model witness; relaxation varies,0.5,1.6653345369377348e-15,RECOVERABLE,2.220446049250313e-16,12,False,True,UNDECIDED_GT
n3_s02042_d0,n3,224470901,3,MNAR_self,True,acyclic,True,8,"['mean', 0]",0.6647060522933493,UNRECOVERABLE,model_witness(rootjump) dphi=0.1014 dist=2.6e-16,0.5,0.10141958280231955,UNRECOVERABLE,0.13000767342882935,12,False,True,True
n3_s02042_d0,n3,224470901,3,MNAR_self,True,acyclic,True,8,"['mean', 1]",0.6637651662884144,UNDETERMINED_RELAXED_FRAGILE,round2:no model witness; relaxation varies,0.5,1.033329240673897e-05,RECOVERABLE,3.387578242364242e-07,12,False,True,UNDECIDED_GT
n3_s02071_d0,n3,227370901,3,MNAR_self,True,acyclic,True,8,"['mean', 0]",,RECOVERABLE,formula:anchor_direct,,,RECOVERABLE,2.220446049250313e-16,12,False,True,True
n3_s02071_d0,n3,227370901,3,MNAR_self,True,acyclic,True,8,"['mean', 1]",0.6159797464326924,UNDETERMINED_RELAXED_FRAGILE,round2:no model witness; relaxation varies,0.5,7.993605777301127e-15,RECOVERABLE,1.4432899320127035e-15,12,False,True,UNDECIDED_GT
n3_s02093_d0,n3,229570901,3,MNAR_self,True,acyclic,True,8,"['mean', 0]",,RECOVERABLE,formula:anchor_direct,,,RECOVERABLE,0.0,1,False,True,True
n3_s02093_d0,n3,229570901,3,MNAR_self,True,acyclic,True,8,"['mean', 1]",0.7604373642813452,UNDETERMINED_RELAXED_FRAGILE,round2:no model witness; relaxation varies,0.5,2.220446049250313e-16,RECOVERABLE,0.0,1,False,True,UNDECIDED_GT
n3_s02116_d0,n3,231870901,3,MNAR_self,True,acyclic,True,8,"['mean', 0]",0.6581605259373726,UNDETERMINED_RELAXED_FRAGILE,round2:no model witness; relaxation varies,0.5000000000000001,6.23945339839338e-14,RECOVERABLE,5.88418203051333e-15,12,False,True,UNDECIDED_GT
n3_s02116_d0,n3,231870901,3,MNAR_self,True,acyclic,True,8,"['mean', 1]",,RECOVERABLE,formula:anchor_direct,,,RECOVERABLE,2.220446049250313e-16,12,False,True,True
n3_s02138_d0,n3,234070901,3,MNAR_self,True,acyclic,True,8,"['mean', 0]",0.8460309796228167,UNDETERMINED_RELAXED_FRAGILE,round2:no model witness; relaxation varies,0.5,1.887379141862766e-15,RECOVERABLE,0.0,1,False,True,UNDECIDED_GT
n3_s02138_d0,n3,234070901,3,MNAR_self,True,acyclic,True,8,"['mean', 1]",0.32279039013654004,UNDETERMINED_RELAXED_FRAGILE,round2:no model witness; relaxation varies,0.5,3.552713678800501e-15,RECOVERABLE,0.0,1,False,True,UNDECIDED_GT
n3_s02171_d0,n3,237370901,3,MNAR_self,True,acyclic,True,8,"['mean', 0]",0.35975880196242616,UNDETERMINED_RELAXED_FRAGILE,round2:no model witness; relaxation varies,0.5000000000000001,5.384581669432009e-15,RECOVERABLE,0.0,1,False,True,UNDECIDED_GT
n3_s02171_d0,n3,237370901,3,MNAR_self,True,acyclic,True,8,"['mean', 1]",0.5919004162780643,UNDETERMINED_RELAXED_FRAGILE,round2:no model witness; relaxation varies,0.5,8.215650382226158e-15,RECOVERABLE,0.0,1,False,True,UNDECIDED_GT
n3_s02196_d0,n3,239870901,3,MNAR_self,True,acyclic,True,8,"['mean', 0]",0.2931491637570557,UNDETERMINED_RELAXED_FRAGILE,round2:no model witness; relaxation varies,0.5,2.1094237467877974e-15,RECOVERABLE,2.7200464103316335e-15,12,False,True,UNDECIDED_GT
n3_s02196_d0,n3,239870901,3,MNAR_self,True,acyclic,True,8,"['mean', 1]",0.47064951961979856,UNDETERMINED_RELAXED_FRAGILE,round2:no model witness; relaxation varies,0.5,7.494005416219807e-15,RECOVERABLE,6.439293542825908e-15,12,False,True,UNDECIDED_GT
n3_s02227_d0,n3,242970901,3,MNAR_self,True,acyclic,True,8,"['mean', 0]",0.737359286665604,UNDETERMINED_RELAXED_FRAGILE,round2:no model witness; relaxation varies,0.5,2.886579864025407e-15,RECOVERABLE,0.0,1,False,True,UNDECIDED_GT
n3_s02227_d0,n3,242970901,3,MNAR_self,True,acyclic,True,8,"['mean', 1]",0.6338546183449489,UNDETERMINED_RELAXED_FRAGILE,round2:no model witness; relaxation varies,0.5,3.9968028886505635e-15,RECOVERABLE,0.0,1,False,True,UNDECIDED_GT
n3_s02258_d0,n3,246070901,3,MNAR_self,True,acyclic,True,8,"['mean', 0]",0.6066599237090208,UNRECOVERABLE,model_witness(rootjump) dphi=0.2027 dist=2.2e-16,0.5,0.20267644669078788,UNRECOVERABLE,0.34943159720332334,12,False,True,True
n3_s02258_d0,n3,246070901,3,MNAR_self,True,acyclic,True,8,"['mean', 1]",0.3589691864500455,UNDETERMINED_RELAXED_FRAGILE,round2:no model witness; relaxation varies,0.5,2.225997164373439e-14,RECOVERABLE,6.661338147750939e-16,12,False,True,UNDECIDED_GT
n3_s02283_d0,n3,248570901,3,MNAR_self,True,acyclic,True,8,"['mean', 0]",0.47906375535203904,UNDETERMINED_RELAXED_FRAGILE,round2:no model witness; relaxation varies,0.5,7.666089985036706e-14,RECOVERABLE,0.0,1,False,True,UNDECIDED_GT
n3_s02283_d0,n3,248570901,3,MNAR_self,True,acyclic,True,8,"['mean', 1]",0.5911248068366035,UNDETERMINED_RELAXED_FRAGILE,round2:no model witness; relaxation varies,0.5,3.3306690738754696e-15,RECOVERABLE,0.0,1,False,True,UNDECIDED_GT
n3_s02306_d0,n3,250870901,3,MNAR_other,False,acyclic,True,8,"['mean', 0]",,RECOVERABLE,formula:anchor_direct,,,RECOVERABLE,0.0,1,False,True,True
n3_s02306_d0,n3,250870901,3,MNAR_other,False,acyclic,True,8,"['mean', 1]",,RECOVERABLE,formula:anchor_direct,,,RECOVERABLE,0.0,1,False,True,True
n3_s02328_d0,n3,253070901,3,MNAR_self,True,acyclic,True,8,"['mean', 0]",,RECOVERABLE,formula:anchor_direct,,,RECOVERABLE,2.220446049250313e-16,12,False,True,True
n3_s02328_d0,n3,253070901,3,MNAR_self,True,acyclic,True,8,"['mean', 1]",0.26080829122870053,UNRECOVERABLE,model_witness(rootjump) dphi=0.1976 dist=2.2e-16,0.5,0.197584208189316,UNRECOVERABLE,0.21655313020276004,12,False,True,True
n3_s02357_d0,n3,255970901,3,MNAR_self,True,acyclic,True,8,"['mean', 0]",,RECOVERABLE,formula:anchor_direct,,,RECOVERABLE,0.0,1,False,True,True
n3_s02357_d0,n3,255970901,3,MNAR_self,True,acyclic,True,8,"['mean', 1]",0.41446500171207723,UNDETERMINED_RELAXED_FRAGILE,round2:no model witness; relaxation varies,0.5,4.440892098500626e-14,RECOVERABLE,0.0,1,False,True,UNDECIDED_GT
n3_s02387_d0,n3,258970901,3,MNAR_self,True,acyclic,True,8,"['mean', 0]",0.6804915117351625,UNDETERMINED_RELAXED_FRAGILE,round2:no model witness; relaxation varies,0.5,7.66053886991358e-15,RECOVERABLE,0.0,1,False,True,UNDECIDED_GT
n3_s02387_d0,n3,258970901,3,MNAR_self,True,acyclic,True,8,"['mean', 1]",0.6274535596041553,UNDETERMINED_RELAXED_FRAGILE,round2:no model witness; relaxation varies,0.5,8.215650382226158e-15,RECOVERABLE,0.0,1,False,True,UNDECIDED_GT
n3_s02405_d0,n3,260770901,3,MNAR_self,True,acyclic,True,8,"['mean', 0]",0.5111574523706197,UNDETERMINED_RELAXED_FRAGILE,round2:no model witness; relaxation varies,0.5,2.9765079290200447e-13,RECOVERABLE,0.0,1,False,True,UNDECIDED_GT
n3_s02405_d0,n3,260770901,3,MNAR_self,True,acyclic,True,8,"['mean', 1]",,RECOVERABLE,formula:anchor_direct,,,RECOVERABLE,0.0,1,False,True,True
n3_s02435_d0,n3,263770901,3,MNAR_other,False,acyclic,True,8,"['mean', 0]",0.49877158268307764,UNDETERMINED_RELAXED_FRAGILE,round2:no model witness; relaxation varies,0.5,1.7763568394002505e-15,RECOVERABLE,0.0,1,False,True,UNDECIDED_GT
n3_s02435_d0,n3,263770901,3,MNAR_other,False,acyclic,True,8,"['mean', 1]",,RECOVERABLE,formula:anchor_direct,,,RECOVERABLE,0.0,1,False,True,True
n3_s02448_d0,n3,265070901,3,MNAR_self,True,acyclic,True,8,"['mean', 0]",0.2522515208899456,UNDETERMINED_RELAXED_FRAGILE,round2:no model witness; relaxation varies,0.5,2.7755575615628914e-16,RECOVERABLE,0.0,1,False,True,UNDECIDED_GT
n3_s02448_d0,n3,265070901,3,MNAR_self,True,acyclic,True,8,"['mean', 1]",0.7886043907362347,UNDETERMINED_RELAXED_FRAGILE,round2:no model witness; relaxation varies,0.5,5.218048215738236e-15,RECOVERABLE,0.0,1,False,True,UNDECIDED_GT
n3_s02476_d0,n3,267870901,3,MNAR_self,True,acyclic,True,8,"['mean', 0]",0.4264874082840071,UNDETERMINED_RELAXED_FRAGILE,round2:no model witness; relaxation varies,0.49999999999999994,1.1102230246251565e-16,RECOVERABLE,0.0,1,False,True,UNDECIDED_GT
n3_s02476_d0,n3,267870901,3,MNAR_self,True,acyclic,True,8,"['mean', 1]",0.6042142407282987,UNDETERMINED_RELAXED_FRAGILE,round2:no model witness; relaxation varies,0.5,2.220446049250313e-16,RECOVERABLE,0.0,1,False,True,UNDECIDED_GT
n3_s02508_d0,n3,271070901,3,MNAR_self,True,acyclic,True,8,"['mean', 0]",0.2570225263421659,UNDETERMINED_RELAXED_FRAGILE,round2:no model witness; relaxation varies,0.5,3.169686735304822e-14,RECOVERABLE,4.496403249731884e-15,12,False,True,UNDECIDED_GT
n3_s02508_d0,n3,271070901,3,MNAR_self,True,acyclic,True,8,"['mean', 1]",0.6083632186220251,UNRECOVERABLE,model_witness(rootjump) dphi=0.0157 dist=1.1e-16,0.5,0.015696605990991763,UNRECOVERABLE,0.01906861008878502,12,False,True,True
n3_s02527_d0,n3,272970901,3,MNAR_self,True,acyclic,True,8,"['mean', 0]",0.805239096409246,UNRECOVERABLE,model_witness(rootjump) dphi=0.0010 dist=1.2e-16,0.5,0.0009604781458886213,UNRECOVERABLE,0.0009604781458882883,2,False,True,True
n3_s02527_d0,n3,272970901,3,MNAR_self,True,acyclic,True,8,"['mean', 1]",0.22388322690413012,UNRECOVERABLE,model_witness(rootjump) dphi=0.0009 dist=2.1e-16,0.5,0.0008588322324344644,UNRECOVERABLE,0.0008588322324337427,2,False,True,True
n3_s02544_d0,n3,274670901,3,MNAR_self,True,acyclic,True,8,"['mean', 0]",0.8176510929767024,UNRECOVERABLE,model_witness(rootjump) dphi=0.2337 dist=1.2e-15,0.5,0.23366681919815924,UNRECOVERABLE,0.1880832887870959,12,False,True,True
n3_s02544_d0,n3,274670901,3,MNAR_self,True,acyclic,True,8,"['mean', 1]",0.3133659168259143,UNDETERMINED_RELAXED_FRAGILE,round2:no model witness; relaxation varies,0.5,1.532107773982716e-14,RECOVERABLE,2.0539125955565396e-15,12,False,True,UNDECIDED_GT
n3_s02563_d0,n3,276570901,3,MNAR_other,False,acyclic,True,8,"['mean', 0]",,RECOVERABLE,formula:anchor_direct,,,RECOVERABLE,0.0,1,False,True,True
n3_s02563_d0,n3,276570901,3,MNAR_other,False,acyclic,True,8,"['mean', 1]",,RECOVERABLE,formula:anchor_direct,,,RECOVERABLE,0.0,1,False,True,True
n3_s02582_d0,n3,278470901,3,MNAR_self,True,acyclic,True,8,"['mean', 0]",,RECOVERABLE,formula:anchor_direct,,,RECOVERABLE,0.0,1,False,True,True
n3_s02582_d0,n3,278470901,3,MNAR_self,True,acyclic,True,8,"['mean', 1]",0.4876153121830107,UNDETERMINED_RELAXED_FRAGILE,round2:no model witness; relaxation varies,0.5,5.828670879282072e-15,RECOVERABLE,0.0,1,False,True,UNDECIDED_GT
n3_s02612_d0,n3,281470901,3,MNAR_self,True,acyclic,True,8,"['mean', 0]",,RECOVERABLE,formula:anchor_direct,,,RECOVERABLE,0.0,1,False,True,True
n3_s02612_d0,n3,281470901,3,MNAR_self,True,acyclic,True,8,"['mean', 1]",0.4830799376953414,UNDETERMINED_RELAXED_FRAGILE,round2:no model witness; relaxation varies,0.5,1.4988010832439613e-13,RECOVERABLE,0.0,1,False,True,UNDECIDED_GT
n3_s02630_d0,n3,283270901,3,MNAR_self,True,acyclic,True,8,"['mean', 0]",0.2991506008382315,UNDETERMINED_RELAXED_FRAGILE,round2:no model witness; relaxation varies,0.5,1.7208456881689926e-15,RECOVERABLE,0.0,1,False,True,UNDECIDED_GT
n3_s02630_d0,n3,283270901,3,MNAR_self,True,acyclic,True,8,"['mean', 1]",,RECOVERABLE,formula:anchor_direct,,,RECOVERABLE,0.0,1,False,True,True
n3_s02670_d0,n3,287270901,3,MNAR_self,True,acyclic,True,8,"['mean', 0]",0.7993646495136919,UNDETERMINED_RELAXED_FRAGILE,round2:no model witness; relaxation varies,0.5,1.5543122344752192e-15,RECOVERABLE,0.0,1,False,True,UNDECIDED_GT
n3_s02670_d0,n3,287270901,3,MNAR_self,True,acyclic,True,8,"['mean', 1]",0.809546299003894,UNDETERMINED_RELAXED_FRAGILE,round2:no model witness; relaxation varies,0.5,6.661338147750939e-16,RECOVERABLE,0.0,1,False,True,UNDECIDED_GT
n3_s02705_d0,n3,290770901,3,MNAR_self,True,acyclic,True,8,"['mean', 0]",0.3456124292452212,UNDETERMINED_RELAXED_FRAGILE,round2:no model witness; relaxation varies,0.5,1.6653345369377348e-16,RECOVERABLE,0.0,1,False,True,UNDECIDED_GT
n3_s02705_d0,n3,290770901,3,MNAR_self,True,acyclic,True,8,"['mean', 1]",0.3140954726716527,UNDETERMINED_RELAXED_FRAGILE,round2:no model witness; relaxation varies,0.5,3.608224830031759e-15,RECOVERABLE,0.0,1,False,True,UNDECIDED_GT
n3_s02724_d0,n3,292670901,3,MNAR_self,True,acyclic,True,8,"['mean', 0]",0.4738389194402859,UNDETERMINED_RELAXED_FRAGILE,round2:no model witness; relaxation varies,0.5000000000000001,4.996003610813204e-16,RECOVERABLE,0.0,1,False,True,UNDECIDED_GT
n3_s02724_d0,n3,292670901,3,MNAR_self,True,acyclic,True,8,"['mean', 1]",0.7979818459268236,UNDETERMINED_RELAXED_FRAGILE,round2:no model witness; relaxation varies,0.5,3.3306690738754696e-16,RECOVERABLE,0.0,1,False,True,UNDECIDED_GT
n3_s02749_d0,n3,295170901,3,MNAR_self,True,acyclic,True,8,"['mean', 0]",0.4919649253130793,UNDETERMINED_RELAXED_FRAGILE,round2:no model witness; relaxation varies,0.5,1.1363132657038477e-13,RECOVERABLE,0.0,1,False,True,UNDECIDED_GT
n3_s02749_d0,n3,295170901,3,MNAR_self,True,acyclic,True,8,"['mean', 1]",0.19766310594766667,UNDETERMINED_RELAXED_FRAGILE,round2:no model witness; relaxation varies,0.5,5.84404746817313e-12,RECOVERABLE,0.0,1,False,True,UNDECIDED_GT
n3_s02771_d0,n3,297370901,3,MNAR_self,True,acyclic,True,8,"['mean', 0]",0.7020341247552233,UNDETERMINED_RELAXED_FRAGILE,round2:no model witness; relaxation varies,0.5,2.4424906541753444e-15,RECOVERABLE,0.0,1,False,True,UNDECIDED_GT
n3_s02771_d0,n3,297370901,3,MNAR_self,True,acyclic,True,8,"['mean', 1]",0.6127981465486907,UNDETERMINED_RELAXED_FRAGILE,round2:no model witness; relaxation varies,0.5,9.103828801926284e-15,RECOVERABLE,0.0,1,False,True,UNDECIDED_GT
n3_s02790_d0,n3,299270901,3,MNAR_self,True,acyclic,True,8,"['mean', 0]",0.27586901258080493,UNDETERMINED_RELAXED_FRAGILE,round2:no model witness; relaxation varies,0.5,1.27675647831893e-15,RECOVERABLE,0.0,1,False,True,UNDECIDED_GT
n3_s02790_d0,n3,299270901,3,MNAR_self,True,acyclic,True,8,"['mean', 1]",0.30262127891380475,UNDETERMINED_RELAXED_FRAGILE,round2:no model witness; relaxation varies,0.5,2.7755575615628914e-16,RECOVERABLE,0.0,1,False,True,UNDECIDED_GT
n3_s02808_d0,n3,301070901,3,MNAR_self,True,acyclic,True,8,"['mean', 0]",0.6980337438620019,UNDETERMINED_RELAXED_FRAGILE,round2:no model witness; relaxation varies,0.5,1.27675647831893e-14,RECOVERABLE,0.0,1,False,True,UNDECIDED_GT
n3_s02808_d0,n3,301070901,3,MNAR_self,True,acyclic,True,8,"['mean', 1]",0.6377779291255679,UNDETERMINED_RELAXED_FRAGILE,round2:no model witness; relaxation varies,0.5,3.063105324940807e-13,RECOVERABLE,0.0,1,False,True,UNDECIDED_GT
n3_s02832_d0,n3,303470901,3,MNAR_self,True,acyclic,True,8,"['mean', 0]",0.7881560453190468,UNDETERMINED_RELAXED_FRAGILE,round2:no model witness; relaxation varies,0.5,6.661338147750939e-16,RECOVERABLE,0.0,1,False,True,UNDECIDED_GT
n3_s02832_d0,n3,303470901,3,MNAR_self,True,acyclic,True,8,"['mean', 1]",0.27621665044755056,UNDETERMINED_RELAXED_FRAGILE,round2:no model witness; relaxation varies,0.5,1.9761969838327786e-14,RECOVERABLE,0.0,1,False,True,UNDECIDED_GT
n3_s02865_d0,n3,306770901,3,MNAR_self,True,acyclic,True,8,"['mean', 0]",0.3174129516777509,UNDETERMINED_RELAXED_FRAGILE,round2:no model witness; relaxation varies,0.49999999999999994,3.6637359812630166e-15,RECOVERABLE,0.0,1,False,True,UNDECIDED_GT
n3_s02865_d0,n3,306770901,3,MNAR_self,True,acyclic,True,8,"['mean', 1]",0.49358589215999815,UNDETERMINED_RELAXED_FRAGILE,round2:no model witness; relaxation varies,0.5,1.1601830607332886e-14,RECOVERABLE,0.0,1,False,True,UNDECIDED_GT
n3_s02880_d0,n3,308270901,3,MNAR_self,True,acyclic,True,8,"['mean', 0]",0.3378467091541328,UNDETERMINED_RELAXED_FRAGILE,round2:no model witness; relaxation varies,0.5,3.425038030968608e-14,RECOVERABLE,0.0,1,False,True,UNDECIDED_GT
n3_s02880_d0,n3,308270901,3,MNAR_self,True,acyclic,True,8,"['mean', 1]",,RECOVERABLE,formula:anchor_direct,,,RECOVERABLE,0.0,1,False,True,True
n3_s02895_d0,n3,309770901,3,MNAR_self,True,acyclic,True,8,"['mean', 0]",0.7651827714860996,UNDETERMINED_RELAXED_FRAGILE,round2:no model witness; relaxation varies,0.49999999999999994,4.218847493575595e-15,RECOVERABLE,0.0,1,False,True,UNDECIDED_GT
n3_s02895_d0,n3,309770901,3,MNAR_self,True,acyclic,True,8,"['mean', 1]",0.35591017229020416,UNDETERMINED_RELAXED_FRAGILE,round2:no model witness; relaxation varies,0.5,3.3306690738754696e-16,RECOVERABLE,0.0,1,False,True,UNDECIDED_GT
n3_s02923_d0,n3,312570901,3,MNAR_self,True,acyclic,True,8,"['mean', 0]",0.36810645812435383,UNDETERMINED_RELAXED_FRAGILE,round2:no model witness; relaxation varies,0.5,2.275957200481571e-15,RECOVERABLE,0.0,1,False,True,UNDECIDED_GT
n3_s02923_d0,n3,312570901,3,MNAR_self,True,acyclic,True,8,"['mean', 1]",0.7563652958081503,UNDETERMINED_RELAXED_FRAGILE,round2:no model witness; relaxation varies,0.5,9.992007221626409e-16,RECOVERABLE,0.0,1,False,True,UNDECIDED_GT
n3_s02954_d0,n3,315670901,3,MNAR_other,False,acyclic,True,8,"['mean', 0]",0.2711845625741583,UNDETERMINED_RELAXED_FRAGILE,round2:no model witness; relaxation varies,0.4999999999999999,3.885780586188048e-16,RECOVERABLE,0.0,1,False,True,UNDECIDED_GT
n3_s02954_d0,n3,315670901,3,MNAR_other,False,acyclic,True,8,"['mean', 1]",0.727868919212786,UNDETERMINED_RELAXED_FRAGILE,round2:no model witness; relaxation varies,0.5,1.4432899320127035e-15,RECOVERABLE,0.0,1,False,True,UNDECIDED_GT
n3_s02977_d0,n3,317970901,3,MNAR_other,False,acyclic,True,8,"['mean', 0]",0.8372234687029807,UNDETERMINED_RELAXED_FRAGILE,round2:no model witness; relaxation varies,0.5,2.886579864025407e-15,RECOVERABLE,0.0,1,False,True,UNDECIDED_GT
n3_s02977_d0,n3,317970901,3,MNAR_other,False,acyclic,True,8,"['mean', 1]",0.700966756032652,UNDETERMINED_RELAXED_FRAGILE,round2:no model witness; relaxation varies,0.5,2.220446049250313e-16,RECOVERABLE,0.0,1,False,True,UNDECIDED_GT
n3_s03002_d0,n3,320470901,3,MNAR_self,True,acyclic,True,8,"['mean', 0]",0.49341342941940924,UNDETERMINED_RELAXED_FRAGILE,round2:no model witness; relaxation varies,0.5,4.440892098500626e-16,RECOVERABLE,0.0,1,False,True,UNDECIDED_GT
n3_s03002_d0,n3,320470901,3,MNAR_self,True,acyclic,True,8,"['mean', 1]",0.5414896387032921,UNDETERMINED_RELAXED_FRAGILE,round2:no model witness; relaxation varies,0.5,7.072120666862247e-14,RECOVERABLE,0.0,1,False,True,UNDECIDED_GT
n3_s03025_d0,n3,322770901,3,MNAR_self,True,acyclic,True,8,"['mean', 0]",0.6091545130927645,UNDETERMINED_RELAXED_FRAGILE,round2:no model witness; relaxation varies,0.5000000000000001,9.444667270486207e-13,RECOVERABLE,0.0,1,False,True,UNDECIDED_GT
n3_s03025_d0,n3,322770901,3,MNAR_self,True,acyclic,True,8,"['mean', 1]",0.6428340430750968,UNDETERMINED_RELAXED_FRAGILE,round2:no model witness; relaxation varies,0.5,1.4432899320127035e-15,RECOVERABLE,0.0,1,False,True,UNDECIDED_GT
n3_s03044_d0,n3,324670901,3,MNAR_self,True,acyclic,True,8,"['mean', 0]",0.8302073646838148,UNRECOVERABLE,model_witness(rootjump) dphi=0.2784 dist=1.1e-16,0.5,0.27840371662860075,UNRECOVERABLE,0.16710475088060373,12,False,True,True
n3_s03044_d0,n3,324670901,3,MNAR_self,True,acyclic,True,8,"['mean', 1]",0.807202332016602,UNDETERMINED_RELAXED_FRAGILE,round2:no model witness; relaxation varies,0.5,3.3306690738754696e-16,RECOVERABLE,2.220446049250313e-16,12,False,True,UNDECIDED_GT
n3_s03081_d0,n3,328370901,3,MNAR_other,False,acyclic,True,8,"['mean', 0]",,RECOVERABLE,formula:anchor_direct,,,RECOVERABLE,0.0,1,False,True,True
n3_s03081_d0,n3,328370901,3,MNAR_other,False,acyclic,True,8,"['mean', 1]",0.21683892115020068,UNDETERMINED_RELAXED_FRAGILE,round2:no model witness; relaxation varies,0.5,1.1102230246251565e-15,RECOVERABLE,0.0,1,False,True,UNDECIDED_GT
n3_s03104_d0,n3,330670901,3,MNAR_other,False,acyclic,True,8,"['mean', 0]",,RECOVERABLE,formula:anchor_direct,,,RECOVERABLE,0.0,1,False,True,True
n3_s03104_d0,n3,330670901,3,MNAR_other,False,acyclic,True,8,"['mean', 1]",0.7939155056103334,UNDETERMINED_RELAXED_FRAGILE,round2:no model witness; relaxation varies,0.5,2.3314683517128287e-15,RECOVERABLE,0.0,1,False,True,UNDECIDED_GT
n3_s03139_d0,n3,334170901,3,MNAR_self,True,acyclic,True,8,"['mean', 0]",0.6608678045528451,UNDETERMINED_RELAXED_FRAGILE,round2:no model witness; relaxation varies,0.5,6.361577931102147e-14,RECOVERABLE,0.0,1,False,True,UNDECIDED_GT
n3_s03139_d0,n3,334170901,3,MNAR_self,True,acyclic,True,8,"['mean', 1]",,RECOVERABLE,formula:anchor_direct,,,RECOVERABLE,0.0,1,False,True,True
n3_s03155_d0,n3,335770901,3,MNAR_self,True,acyclic,True,8,"['mean', 0]",0.17053030132281308,UNDETERMINED_RELAXED_FRAGILE,round2:no model witness; relaxation varies,0.5,8.132383655379272e-15,RECOVERABLE,0.0,1,False,True,UNDECIDED_GT
n3_s03155_d0,n3,335770901,3,MNAR_self,True,acyclic,True,8,"['mean', 1]",0.7675744645362909,UNDETERMINED_RELAXED_FRAGILE,round2:no model witness; relaxation varies,0.5,1.4432899320127035e-15,RECOVERABLE,0.0,1,False,True,UNDECIDED_GT
n3_s03166_d0,n3,336870901,3,MNAR_self,True,acyclic,True,8,"['mean', 0]",0.2253342174452895,UNDETERMINED_RELAXED_FRAGILE,round2:no model witness; relaxation varies,0.5,5.023759186428833e-15,RECOVERABLE,3.3306690738754696e-16,12,False,True,UNDECIDED_GT
n3_s03166_d0,n3,336870901,3,MNAR_self,True,acyclic,True,8,"['mean', 1]",0.4334162248161653,UNDETERMINED_RELAXED_FRAGILE,round2:no model witness; relaxation varies,0.5,4.385380947269368e-15,RECOVERABLE,3.885780586188048e-16,12,False,True,UNDECIDED_GT
n3_s03188_d0,n3,339070901,3,MNAR_self,True,acyclic,True,8,"['mean', 0]",0.7232273176213831,UNDETERMINED_RELAXED_FRAGILE,round2:no model witness; relaxation varies,0.5,1.587618925213974e-14,RECOVERABLE,0.0,1,False,True,UNDECIDED_GT
n3_s03188_d0,n3,339070901,3,MNAR_self,True,acyclic,True,8,"['mean', 1]",0.4915997108235213,UNDETERMINED_RELAXED_FRAGILE,round2:no model witness; relaxation varies,0.5,1.4099832412739488e-14,RECOVERABLE,0.0,1,False,True,UNDECIDED_GT
n3_s03213_d0,n3,341570901,3,MNAR_self,True,acyclic,True,8,"['mean', 0]",0.33587335756282866,UNDETERMINED_RELAXED_FRAGILE,round2:no model witness; relaxation varies,0.49999999999999994,1.6653345369377348e-16,RECOVERABLE,0.0,1,False,True,UNDECIDED_GT
n3_s03213_d0,n3,341570901,3,MNAR_self,True,acyclic,True,8,"['mean', 1]",0.38647859672487467,UNDETERMINED_RELAXED_FRAGILE,round2:no model witness; relaxation varies,0.5,1.6653345369377348e-16,RECOVERABLE,0.0,1,False,True,UNDECIDED_GT
n3_s03232_d0,n3,343470901,3,MNAR_other,False,acyclic,True,8,"['mean', 0]",0.6115880049237836,UNDETERMINED_RELAXED_FRAGILE,round2:no model witness; relaxation varies,0.49999999999999994,2.220446049250313e-15,RECOVERABLE,0.0,1,False,True,UNDECIDED_GT
n3_s03232_d0,n3,343470901,3,MNAR_other,False,acyclic,True,8,"['mean', 1]",0.7156789607831855,UNDETERMINED_RELAXED_FRAGILE,round2:no model witness; relaxation varies,0.5,2.4424906541753444e-15,RECOVERABLE,0.0,1,False,True,UNDECIDED_GT
n3_s03258_d0,n3,346070901,3,MNAR_self,True,acyclic,True,8,"['mean', 0]",0.6205201202971269,UNDETERMINED_RELAXED_FRAGILE,round2:no model witness; relaxation varies,0.5,2.220446049250313e-16,RECOVERABLE,0.0,1,False,True,UNDECIDED_GT
n3_s03258_d0,n3,346070901,3,MNAR_self,True,acyclic,True,8,"['mean', 1]",0.3937928036742073,UNDETERMINED_RELAXED_FRAGILE,round2:no model witness; relaxation varies,0.5,3.7470027081099033e-14,RECOVERABLE,0.0,1,False,True,UNDECIDED_GT
n3_s03277_d0,n3,347970901,3,MNAR_self,True,acyclic,True,8,"['mean', 0]",0.49338943433447524,UNDETERMINED_RELAXED_FRAGILE,round2:no model witness; relaxation varies,0.5000000000000001,1.099120794378905e-14,RECOVERABLE,0.0,1,False,True,UNDECIDED_GT
n3_s03277_d0,n3,347970901,3,MNAR_self,True,acyclic,True,8,"['mean', 1]",0.43232136461599513,UNDETERMINED_RELAXED_FRAGILE,round2:no model witness; relaxation varies,0.5,5.551115123125783e-16,RECOVERABLE,0.0,1,False,True,UNDECIDED_GT
n3_s03301_d0,n3,350370901,3,MNAR_self,True,acyclic,True,8,"['mean', 0]",0.5293769927399512,UNDETERMINED_RELAXED_FRAGILE,round2:no model witness; relaxation varies,0.5,7.993605777301127e-15,RECOVERABLE,0.0,1,False,True,UNDECIDED_GT
n3_s03301_d0,n3,350370901,3,MNAR_self,True,acyclic,True,8,"['mean', 1]",0.5462287540621299,UNDETERMINED_RELAXED_FRAGILE,round2:no model witness; relaxation varies,0.5,3.3306690738754696e-16,RECOVERABLE,0.0,1,False,True,UNDECIDED_GT
n3_s03326_d0,n3,352870901,3,MNAR_self,True,acyclic,True,8,"['mean', 0]",0.4253491408157698,UNDETERMINED_RELAXED_FRAGILE,round2:no model witness; relaxation varies,0.5,3.6193270602780103e-14,RECOVERABLE,0.0,1,False,True,UNDECIDED_GT
n3_s03326_d0,n3,352870901,3,MNAR_self,True,acyclic,True,8,"['mean', 1]",0.5564970115106824,UNDETERMINED_RELAXED_FRAGILE,round2:no model witness; relaxation varies,0.5,4.7628567756419216e-14,RECOVERABLE,0.0,1,False,True,UNDECIDED_GT
n3_s03353_d0,n3,355570901,3,MNAR_self,True,acyclic,True,8,"['mean', 0]",0.36523056335552706,UNDETERMINED_RELAXED_FRAGILE,round2:no model witness; relaxation varies,0.5,3.885780586188048e-16,RECOVERABLE,0.0,1,False,True,UNDECIDED_GT
n3_s03353_d0,n3,355570901,3,MNAR_self,True,acyclic,True,8,"['mean', 1]",0.7128649882629015,UNDETERMINED_RELAXED_FRAGILE,round2:no model witness; relaxation varies,0.5,1.1102230246251565e-14,RECOVERABLE,0.0,1,False,True,UNDECIDED_GT
n3_s03370_d0,n3,357270901,3,MNAR_other,False,acyclic,True,8,"['mean', 0]",0.22687438243430846,UNDETERMINED_RELAXED_FRAGILE,round2:no model witness; relaxation varies,0.5,1.0269562977782698e-15,RECOVERABLE,0.0,1,False,True,UNDECIDED_GT
n3_s03370_d0,n3,357270901,3,MNAR_other,False,acyclic,True,8,"['mean', 1]",0.6914563302144894,UNDETERMINED_RELAXED_FRAGILE,round2:no model witness; relaxation varies,0.5,2.6645352591003757e-15,RECOVERABLE,0.0,1,False,True,UNDECIDED_GT
n3_s03394_d0,n3,359670901,3,MNAR_self,True,acyclic,True,8,"['mean', 0]",0.5955201864523155,UNDETERMINED_RELAXED_FRAGILE,round2:no model witness; relaxation varies,0.49999999999999994,5.10702591327572e-15,RECOVERABLE,0.0,1,False,True,UNDECIDED_GT
n3_s03394_d0,n3,359670901,3,MNAR_self,True,acyclic,True,8,"['mean', 1]",,RECOVERABLE,formula:anchor_direct,,,RECOVERABLE,0.0,1,False,True,True
n3_s03409_d0,n3,361170901,3,MNAR_self,True,acyclic,True,8,"['mean', 0]",0.454189018258882,UNDETERMINED_RELAXED_FRAGILE,round2:no model witness; relaxation varies,0.5,1.9817480989559044e-14,RECOVERABLE,0.0,1,False,True,UNDECIDED_GT
n3_s03409_d0,n3,361170901,3,MNAR_self,True,acyclic,True,8,"['mean', 1]",0.7579661393366943,UNDETERMINED_RELAXED_FRAGILE,round2:no model witness; relaxation varies,0.5,7.771561172376096e-16,RECOVERABLE,0.0,1,False,True,UNDECIDED_GT
n3_s03433_d0,n3,363570901,3,MNAR_self,True,acyclic,True,8,"['mean', 0]",0.2440918878127221,UNDETERMINED_RELAXED_FRAGILE,round2:no model witness; relaxation varies,0.5,1.784683512084939e-14,RECOVERABLE,0.0,1,False,True,UNDECIDED_GT
n3_s03433_d0,n3,363570901,3,MNAR_self,True,acyclic,True,8,"['mean', 1]",0.6149478111132884,UNDETERMINED_RELAXED_FRAGILE,round2:no model witness; relaxation varies,0.5,3.3306690738754696e-16,RECOVERABLE,0.0,1,False,True,UNDECIDED_GT
n3_s03448_d0,n3,365070901,3,MNAR_self,True,acyclic,True,8,"['mean', 0]",0.3731391034730357,UNDETERMINED_RELAXED_FRAGILE,round2:no model witness; relaxation varies,0.5,1.811328864675943e-13,RECOVERABLE,3.6637359812630166e-15,12,False,True,UNDECIDED_GT
n3_s03448_d0,n3,365070901,3,MNAR_self,True,acyclic,True,8,"['mean', 1]",0.33294733124511827,UNRECOVERABLE,model_witness(rootjump) dphi=0.1655 dist=1.9e-16,0.5,0.1654819536025996,UNRECOVERABLE,0.2305940802493452,12,False,True,True
n3_s03468_d0,n3,367070901,3,MNAR_self,True,acyclic,True,8,"['mean', 0]",0.5995849523799216,UNDETERMINED_RELAXED_FRAGILE,round2:no model witness; relaxation varies,0.5,2.220446049250313e-16,RECOVERABLE,0.0,1,False,True,UNDECIDED_GT
n3_s03468_d0,n3,367070901,3,MNAR_self,True,acyclic,True,8,"['mean', 1]",0.5532034068032223,UNDETERMINED_RELAXED_FRAGILE,round2:no model witness; relaxation varies,0.5,3.3306690738754696e-16,RECOVERABLE,0.0,1,False,True,UNDECIDED_GT
n3_s03491_d0,n3,369370901,3,MNAR_other,False,acyclic,True,8,"['mean', 0]",0.6220175694222603,UNDETERMINED_RELAXED_FRAGILE,round2:no model witness; relaxation varies,0.5,4.551914400963142e-15,RECOVERABLE,0.0,1,False,True,UNDECIDED_GT
n3_s03491_d0,n3,369370901,3,MNAR_other,False,acyclic,True,8,"['mean', 1]",0.45971661271147035,UNDETERMINED_RELAXED_FRAGILE,round2:no model witness; relaxation varies,0.5,5.218048215738236e-15,RECOVERABLE,0.0,1,False,True,UNDECIDED_GT
n3_s03515_d0,n3,371770901,3,MNAR_self,True,acyclic,True,8,"['mean', 0]",0.3295155697623927,UNDETERMINED_RELAXED_FRAGILE,round2:no model witness; relaxation varies,0.5,5.551115123125783e-15,RECOVERABLE,0.0,1,False,True,UNDECIDED_GT
n3_s03515_d0,n3,371770901,3,MNAR_self,True,acyclic,True,8,"['mean', 1]",0.4630332204671701,UNDETERMINED_RELAXED_FRAGILE,round2:no model witness; relaxation varies,0.5,9.481304630298837e-14,RECOVERABLE,0.0,1,False,True,UNDECIDED_GT
n3_s03528_d0,n3,373070901,3,MNAR_self,True,acyclic,True,8,"['mean', 0]",0.1770595582897762,UNDETERMINED_RELAXED_FRAGILE,round2:no model witness; relaxation varies,0.49999999999999994,3.1646907316940087e-13,RECOVERABLE,0.0,1,False,True,UNDECIDED_GT
n3_s03528_d0,n3,373070901,3,MNAR_self,True,acyclic,True,8,"['mean', 1]",0.5353519034439537,UNDETERMINED_RELAXED_FRAGILE,round2:no model witness; relaxation varies,0.5,2.7755575615628914e-15,RECOVERABLE,0.0,1,False,True,UNDECIDED_GT
n3_s03542_d0,n3,374470901,3,MNAR_self,True,acyclic,True,8,"['mean', 0]",0.5511078412025376,UNRECOVERABLE,model_witness(rootjump) dphi=0.2066 dist=1.7e-16,0.5,0.20663132236174114,UNRECOVERABLE,0.2077324398181335,12,False,True,True
n3_s03542_d0,n3,374470901,3,MNAR_self,True,acyclic,True,8,"['mean', 1]",0.4595952457769739,UNDETERMINED_RELAXED_FRAGILE,round2:no model witness; relaxation varies,0.5,9.43689570931383e-16,RECOVERABLE,1.6653345369377348e-16,12,False,True,UNDECIDED_GT
n3_s03569_d0,n3,377170901,3,MNAR_self,True,acyclic,True,8,"['mean', 0]",0.31858893799957294,UNDETERMINED_RELAXED_FRAGILE,round2:no model witness; relaxation varies,0.4999999999999999,3.297362383136715e-14,RECOVERABLE,0.0,1,False,True,UNDECIDED_GT
n3_s03569_d0,n3,377170901,3,MNAR_self,True,acyclic,True,8,"['mean', 1]",0.40285090890242775,UNDETERMINED_RELAXED_FRAGILE,round2:no model witness; relaxation varies,0.5,2.2370993946196904e-14,RECOVERABLE,0.0,1,False,True,UNDECIDED_GT
n3_s03590_d0,n3,379270901,3,MNAR_self,True,acyclic,True,8,"['mean', 0]",,RECOVERABLE,formula:anchor_direct,,,RECOVERABLE,0.0,1,False,True,True
n3_s03590_d0,n3,379270901,3,MNAR_self,True,acyclic,True,8,"['mean', 1]",,RECOVERABLE,formula:anchor_direct,,,RECOVERABLE,0.0,1,False,True,True
n3_s03612_d0,n3,381470901,3,MNAR_self,True,acyclic,True,8,"['mean', 0]",,RECOVERABLE,formula:anchor_direct,,,RECOVERABLE,0.0,1,False,True,True
n3_s03612_d0,n3,381470901,3,MNAR_self,True,acyclic,True,8,"['mean', 1]",0.6250882163040912,UNDETERMINED_RELAXED_FRAGILE,round2:no model witness; relaxation varies,0.5,3.730349362740526e-14,RECOVERABLE,0.0,1,False,True,UNDECIDED_GT
n3_s03644_d0,n3,384670901,3,MNAR_self,True,acyclic,True,8,"['mean', 0]",,RECOVERABLE,formula:anchor_direct,,,RECOVERABLE,3.885780586188048e-16,12,False,True,True
n3_s03644_d0,n3,384670901,3,MNAR_self,True,acyclic,True,8,"['mean', 1]",0.29196267759198036,UNRECOVERABLE,model_witness(rootjump) dphi=0.1910 dist=2.2e-16,0.5,0.19102186227328372,UNRECOVERABLE,0.2516513042908149,12,False,True,True
n3_s03673_d0,n3,387570901,3,MNAR_self,True,acyclic,True,8,"['mean', 0]",0.24243973176315686,UNDETERMINED_RELAXED_FRAGILE,round2:no model witness; relaxation varies,0.49999999999999994,2.4980018054066022e-15,RECOVERABLE,0.0,1,False,True,UNDECIDED_GT
n3_s03673_d0,n3,387570901,3,MNAR_self,True,acyclic,True,8,"['mean', 1]",0.6385596234803543,UNDETERMINED_RELAXED_FRAGILE,round2:no model witness; relaxation varies,0.5,5.551115123125783e-15,RECOVERABLE,0.0,1,False,True,UNDECIDED_GT
n3_s03689_d0,n3,389170901,3,MNAR_self,True,acyclic,True,8,"['mean', 0]",0.8103639403294353,UNDETERMINED_RELAXED_FRAGILE,round2:no model witness; relaxation varies,0.49999999999999994,1.7430501486614958e-14,RECOVERABLE,0.0,1,False,True,UNDECIDED_GT
n3_s03689_d0,n3,389170901,3,MNAR_self,True,acyclic,True,8,"['mean', 1]",0.46632849671336174,UNDETERMINED_RELAXED_FRAGILE,round2:no model witness; relaxation varies,0.5,7.771561172376096e-16,RECOVERABLE,0.0,1,False,True,UNDECIDED_GT
n3_s03721_d0,n3,392370901,3,MNAR_other,False,acyclic,True,8,"['mean', 0]",0.35526065138081453,UNDETERMINED_RELAXED_FRAGILE,round2:no model witness; relaxation varies,0.5,2.7200464103316335e-15,RECOVERABLE,0.0,1,False,True,UNDECIDED_GT
n3_s03721_d0,n3,392370901,3,MNAR_other,False,acyclic,True,8,"['mean', 1]",0.5566160539151023,UNDETERMINED_RELAXED_FRAGILE,round2:no model witness; relaxation varies,0.5,1.4432899320127035e-15,RECOVERABLE,0.0,1,False,True,UNDECIDED_GT
n3_s03736_d0,n3,393870901,3,MNAR_self,True,acyclic,True,8,"['mean', 0]",0.8399615026654546,UNDETERMINED_RELAXED_FRAGILE,round2:no model witness; relaxation varies,0.5,1.8096635301390052e-14,RECOVERABLE,0.0,1,False,True,UNDECIDED_GT
n3_s03736_d0,n3,393870901,3,MNAR_self,True,acyclic,True,8,"['mean', 1]",0.35219166285717324,UNDETERMINED_RELAXED_FRAGILE,round2:no model witness; relaxation varies,0.5,1.340039190722564e-13,RECOVERABLE,0.0,1,False,True,UNDECIDED_GT
n3_s03763_d0,n3,396570901,3,MNAR_self,True,acyclic,True,8,"['mean', 0]",0.5821941782151062,UNDETERMINED_RELAXED_FRAGILE,round2:no model witness; relaxation varies,0.5,3.3306690738754696e-16,RECOVERABLE,0.0,1,False,True,UNDECIDED_GT
n3_s03763_d0,n3,396570901,3,MNAR_self,True,acyclic,True,8,"['mean', 1]",0.28356280531823275,UNDETERMINED_RELAXED_FRAGILE,round2:no model witness; relaxation varies,0.5,2.6256774532384952e-14,RECOVERABLE,0.0,1,False,True,UNDECIDED_GT
n3_s03779_d0,n3,398170901,3,MNAR_self,True,acyclic,True,8,"['mean', 0]",0.6992148063987649,UNDETERMINED_RELAXED_FRAGILE,round2:no model witness; relaxation varies,0.5,4.884981308350689e-15,RECOVERABLE,0.0,1,False,True,UNDECIDED_GT
n3_s03779_d0,n3,398170901,3,MNAR_self,True,acyclic,True,8,"['mean', 1]",,RECOVERABLE,formula:anchor_direct,,,RECOVERABLE,0.0,1,False,True,True
n3_s03813_d0,n3,401570901,3,MNAR_self,True,acyclic,True,8,"['mean', 0]",0.31463050542281334,UNDETERMINED_RELAXED_FRAGILE,round2:no model witness; relaxation varies,0.5,9.492406860545088e-15,RECOVERABLE,0.0,1,False,True,UNDECIDED_GT
n3_s03813_d0,n3,401570901,3,MNAR_self,True,acyclic,True,8,"['mean', 1]",0.618647398119898,UNDETERMINED_RELAXED_FRAGILE,round2:no model witness; relaxation varies,0.5,5.551115123125783e-16,RECOVERABLE,0.0,1,False,True,UNDECIDED_GT
n3_s03825_d0,n3,402770901,3,MNAR_self,True,acyclic,True,8,"['mean', 0]",0.5758060694939146,UNDETERMINED_RELAXED_FRAGILE,round2:no model witness; relaxation varies,0.5,8.515410598874951e-14,RECOVERABLE,0.0,1,False,True,UNDECIDED_GT
n3_s03825_d0,n3,402770901,3,MNAR_self,True,acyclic,True,8,"['mean', 1]",0.2642773403733685,UNDETERMINED_RELAXED_FRAGILE,round2:no model witness; relaxation varies,0.5,3.674838211509268e-14,RECOVERABLE,0.0,1,False,True,UNDECIDED_GT
n3_s03848_d0,n3,405070901,3,MNAR_other,False,acyclic,True,8,"['mean', 0]",0.7920919111360173,UNDETERMINED_RELAXED_FRAGILE,round2:no model witness; relaxation varies,0.5,6.661338147750939e-16,RECOVERABLE,0.0,1,False,True,UNDECIDED_GT
n3_s03848_d0,n3,405070901,3,MNAR_other,False,acyclic,True,8,"['mean', 1]",0.7640922765321918,UNDETERMINED_RELAXED_FRAGILE,round2:no model witness; relaxation varies,0.5,4.440892098500626e-16,RECOVERABLE,0.0,1,False,True,UNDECIDED_GT
n3_s03871_d0,n3,407370901,3,MNAR_self,True,acyclic,True,8,"['mean', 0]",0.2953164632298326,UNRECOVERABLE,model_witness(rootjump) dphi=0.0018 dist=2.2e-16,0.5,0.0017986502840239837,UNRECOVERABLE,0.0025417732033450324,12,False,True,True
n3_s03871_d0,n3,407370901,3,MNAR_self,True,acyclic,True,8,"['mean', 1]",0.7684002170856103,UNRECOVERABLE,model_witness(rootjump) dphi=0.0002 dist=2.2e-16,0.5,0.00016067758511506547,UNRECOVERABLE,0.00022706247226134124,12,False,True,True
n3_s03895_d0,n3,409770901,3,MNAR_self,True,acyclic,True,8,"['mean', 0]",0.7278495433225018,UNRECOVERABLE,model_witness(rootjump) dphi=0.0045 dist=1.7e-16,0.5,0.004479033242584141,UNRECOVERABLE,0.004719286006183321,12,False,True,True
n3_s03895_d0,n3,409770901,3,MNAR_self,True,acyclic,True,8,"['mean', 1]",0.6527614271344,UNDETERMINED_RELAXED_FRAGILE,round2:no model witness; relaxation varies,0.5,4.6851411639181606e-14,RECOVERABLE,6.661338147750939e-16,12,False,True,UNDECIDED_GT
n3_s03913_d0,n3,411570901,3,MNAR_self,True,acyclic,True,8,"['mean', 0]",0.24926858533540314,UNDETERMINED_RELAXED_FRAGILE,round2:no model witness; relaxation varies,0.5000000000000001,5.856426454897701e-15,RECOVERABLE,0.0,1,False,True,UNDECIDED_GT
n3_s03913_d0,n3,411570901,3,MNAR_self,True,acyclic,True,8,"['mean', 1]",0.3290189143566509,UNDETERMINED_RELAXED_FRAGILE,round2:no model witness; relaxation varies,0.5,6.106226635438361e-16,RECOVERABLE,0.0,1,False,True,UNDECIDED_GT
n3_s03928_d0,n3,413070901,3,MNAR_self,True,acyclic,True,8,"['mean', 0]",0.37730687879516805,UNDETERMINED_RELAXED_FRAGILE,round2:no model witness; relaxation varies,0.5,9.825473767932635e-15,RECOVERABLE,0.0,1,False,True,UNDECIDED_GT
n3_s03928_d0,n3,413070901,3,MNAR_self,True,acyclic,True,8,"['mean', 1]",0.7061480993692445,UNDETERMINED_RELAXED_FRAGILE,round2:no model witness; relaxation varies,0.5,2.552402733613235e-13,RECOVERABLE,0.0,1,False,True,UNDECIDED_GT
n3_s03946_d0,n3,414870901,3,MNAR_self,True,acyclic,True,8,"['mean', 0]",0.5757883837108334,UNDETERMINED_RELAXED_FRAGILE,round2:no model witness; relaxation varies,0.5,7.771561172376096e-15,RECOVERABLE,0.0,1,False,True,UNDECIDED_GT
n3_s03946_d0,n3,414870901,3,MNAR_self,True,acyclic,True,8,"['mean', 1]",0.5220333713889929,UNDETERMINED_RELAXED_FRAGILE,round2:no model witness; relaxation varies,0.5,5.329070518200751e-15,RECOVERABLE,0.0,1,False,True,UNDECIDED_GT
n3_s03968_d0,n3,417070901,3,MNAR_other,False,acyclic,True,8,"['mean', 0]",0.5528303109542991,UNDETERMINED_RELAXED_FRAGILE,round2:no model witness; relaxation varies,0.5,7.771561172376096e-16,RECOVERABLE,0.0,1,False,True,UNDECIDED_GT
n3_s03968_d0,n3,417070901,3,MNAR_other,False,acyclic,True,8,"['mean', 1]",,RECOVERABLE,formula:anchor_direct,,,RECOVERABLE,0.0,1,False,True,True
n3_s03987_d0,n3,418970901,3,MNAR_self,True,acyclic,True,8,"['mean', 0]",0.4812243524406614,UNDETERMINED_RELAXED_FRAGILE,round2:no model witness; relaxation varies,0.5,8.881784197001252e-16,RECOVERABLE,0.0,1,False,True,UNDECIDED_GT
n3_s03987_d0,n3,418970901,3,MNAR_self,True,acyclic,True,8,"['mean', 1]",0.4455833343025161,UNDETERMINED_RELAXED_FRAGILE,round2:no model witness; relaxation varies,0.5,6.38378239159465e-15,RECOVERABLE,0.0,1,False,True,UNDECIDED_GT
n3_s04004_d0,n3,420670901,3,MNAR_self,True,acyclic,True,8,"['mean', 0]",0.554885224908443,UNDETERMINED_RELAXED_FRAGILE,round2:no model witness; relaxation varies,0.5,3.219646771412954e-15,RECOVERABLE,0.0,1,False,True,UNDECIDED_GT
n3_s04004_d0,n3,420670901,3,MNAR_self,True,acyclic,True,8,"['mean', 1]",0.747748432939261,UNDETERMINED_RELAXED_FRAGILE,round2:no model witness; relaxation varies,0.5,8.881784197001252e-16,RECOVERABLE,0.0,1,False,True,UNDECIDED_GT
n3_s04023_d0,n3,422570901,3,MNAR_self,True,acyclic,True,8,"['mean', 0]",0.5426227224621544,UNRECOVERABLE,model_witness(rootjump) dphi=0.0005 dist=1.7e-16,0.5,0.0005057923407020271,UNRECOVERABLE,0.0006807450714079177,12,False,True,True
n3_s04023_d0,n3,422570901,3,MNAR_self,True,acyclic,True,8,"['mean', 1]",0.8073136345809498,UNDETERMINED_RELAXED_FRAGILE,round2:no model witness; relaxation varies,0.5,5.917488721252084e-14,RECOVERABLE,9.325873406851315e-15,12,False,True,UNDECIDED_GT
n3_s04036_d0,n3,423870901,3,MNAR_self,True,acyclic,True,8,"['mean', 0]",0.7192187615312114,UNRECOVERABLE,model_witness(rootjump) dphi=0.2881 dist=2.2e-16,0.5,0.28806851665269995,UNRECOVERABLE,0.3234325023090414,12,False,True,True
n3_s04036_d0,n3,423870901,3,MNAR_self,True,acyclic,True,8,"['mean', 1]",,RECOVERABLE,formula:anchor_direct,,,RECOVERABLE,3.3306690738754696e-16,12,False,True,True
n3_s04055_d0,n3,425770901,3,MNAR_self,True,acyclic,True,8,"['mean', 0]",0.35156641451814297,UNRECOVERABLE,model_witness(rootjump) dphi=0.2608 dist=1.1e-16,0.5,0.260770090165354,UNRECOVERABLE,0.24650948013986218,12,False,True,True
n3_s04055_d0,n3,425770901,3,MNAR_self,True,acyclic,True,8,"['mean', 1]",0.7593585423771767,UNDETERMINED_RELAXED_FRAGILE,round2:no model witness; relaxation varies,0.5,7.549516567451064e-15,RECOVERABLE,6.661338147750939e-16,12,False,True,UNDECIDED_GT
n3_s04078_d0,n3,428070901,3,MNAR_self,True,acyclic,True,8,"['mean', 0]",0.7707531421566767,UNRECOVERABLE,model_witness(rootjump) dphi=0.0053 dist=4.4e-16,0.5,0.0052579463774524715,UNRECOVERABLE,0.0065408560339415,12,False,True,True
n3_s04078_d0,n3,428070901,3,MNAR_self,True,acyclic,True,8,"['mean', 1]",0.5088556672065174,UNRECOVERABLE,model_witness(rootjump) dphi=0.0003 dist=4.4e-16,0.5,0.00029711479858951506,UNRECOVERABLE,0.00036960915604866695,12,False,True,True
named_double_self_censor_d0,named,20278678,2,MNAR_self,True,acyclic,True,4,"['mean', 0]",0.7087174297431058,UNDETERMINED_RELAXED_FRAGILE,round2:no model witness; relaxation varies,0.5,4.218847493575595e-15,RECOVERABLE,0.0,1,False,True,UNDECIDED_GT
named_double_self_censor_d0,named,20278678,2,MNAR_self,True,acyclic,True,4,"['mean', 1]",0.364703341153261,UNDETERMINED_RELAXED_FRAGILE,round2:no model witness; relaxation varies,0.5,6.827871601444713e-15,RECOVERABLE,0.0,1,False,True,UNDECIDED_GT
named_mcar_reference_d2,named,20294234,2,MCAR,False,acyclic,True,4,"['mean', 0]",,RECOVERABLE,formula:direct_full_pattern,,,RECOVERABLE,0.0,1,False,False,True
named_mcar_reference_d2,named,20294234,2,MCAR,False,acyclic,True,4,"['mean', 1]",,RECOVERABLE,formula:direct_full_pattern,,,RECOVERABLE,0.0,1,False,False,True
named_mutual_selection_d1,named,20317564,2,MNAR_self,True,acyclic,True,4,"['mean', 0]",,RECOVERABLE,formula:direct_full_pattern,,,RECOVERABLE,1.1102230246251565e-16,12,False,False,True
named_mutual_selection_d1,named,20317564,2,MNAR_self,True,acyclic,True,4,"['mean', 1]",0.7906195971586774,UNRECOVERABLE,model_witness(rootjump) dphi=0.4778 dist=1.1e-16,0.5,0.47778211863041137,UNRECOVERABLE,0.3454265661867041,12,False,False,True
named_three_var_double_self_d0,named,20340894,3,MNAR_self,True,acyclic,True,8,"['mean', 0]",0.3041331566364756,UNDETERMINED_RELAXED_FRAGILE,round2:no model witness; relaxation varies,0.5,2.8399504969911504e-13,RECOVERABLE,0.0,1,False,True,UNDECIDED_GT
named_three_var_double_self_d0,named,20340894,3,MNAR_self,True,acyclic,True,8,"['mean', 1]",0.4338398136976578,UNDETERMINED_RELAXED_FRAGILE,round2:no model witness; relaxation varies,0.5,1.5543122344752192e-15,RECOVERABLE,0.0,1,False,True,UNDECIDED_GT
n4_r0002_d0,n4,25270963,4,MNAR_self,True,acyclic,True,16,"['mean', 0]",0.675612230673877,UNDETERMINED_RELAXED_FRAGILE,round2:no model witness; relaxation varies,0.5,1.4432899320127035e-15,RECOVERABLE,0.0,1,False,True,UNDECIDED_GT
n4_r0002_d0,n4,25270963,4,MNAR_self,True,acyclic,True,16,"['mean', 1]",,RECOVERABLE,formula:anchor_direct,,,RECOVERABLE,0.0,1,False,True,True
n4_r0010_d0,n4,25271211,4,MNAR_self,True,acyclic,True,16,"['mean', 0]",0.34682689360106245,UNDETERMINED_RELAXED_FRAGILE,round2:no model witness; relaxation varies,0.5,1.4432899320127035e-15,RECOVERABLE,0.0,1,False,True,UNDECIDED_GT
n4_r0010_d0,n4,25271211,4,MNAR_self,True,acyclic,True,16,"['mean', 1]",,RECOVERABLE,formula:anchor_direct,,,RECOVERABLE,0.0,1,False,True,True
n4_r0018_d0,n4,25271459,4,MNAR_self,True,acyclic,True,16,"['mean', 0]",0.7245151465260187,UNDETERMINED_RELAXED_FRAGILE,round2:no model witness; relaxation varies,0.5,8.881784197001252e-16,RECOVERABLE,0.0,1,False,True,UNDECIDED_GT
n4_r0018_d0,n4,25271459,4,MNAR_self,True,acyclic,True,16,"['mean', 1]",0.740874261923159,UNDETERMINED_RELAXED_FRAGILE,round2:no model witness; relaxation varies,0.5,2.275957200481571e-14,RECOVERABLE,0.0,1,False,True,UNDECIDED_GT
n4_r0026_d0,n4,25271707,4,MNAR_self,True,acyclic,True,16,"['mean', 0]",0.5569633996651491,UNDETERMINED_RELAXED_FRAGILE,round2:no model witness; relaxation varies,0.5,6.661338147750939e-16,RECOVERABLE,0.0,1,False,True,UNDECIDED_GT
n4_r0026_d0,n4,25271707,4,MNAR_self,True,acyclic,True,16,"['mean', 1]",0.3334984493875342,UNDETERMINED_RELAXED_FRAGILE,round2:no model witness; relaxation varies,0.5,1.6653345369377348e-16,RECOVERABLE,0.0,1,False,True,UNDECIDED_GT
n4_r0034_d0,n4,25271955,4,MNAR_self,True,acyclic,True,16,"['mean', 0]",0.74895048664263,UNDETERMINED_RELAXED_FRAGILE,round2:no model witness; relaxation varies,0.5,3.1530333899354446e-14,RECOVERABLE,0.0,1,False,True,UNDECIDED_GT
n4_r0034_d0,n4,25271955,4,MNAR_self,True,acyclic,True,16,"['mean', 1]",0.5642915158259139,UNDETERMINED_RELAXED_FRAGILE,round2:no model witness; relaxation varies,0.5,2.3425705819590803e-14,RECOVERABLE,0.0,1,False,True,UNDECIDED_GT
n4_r0042_d0,n4,25272203,4,MNAR_self,True,acyclic,True,16,"['mean', 0]",0.5430450864449485,UNDETERMINED_RELAXED_FRAGILE,round2:no model witness; relaxation varies,0.5,4.440892098500626e-16,RECOVERABLE,0.0,1,False,True,UNDECIDED_GT
n4_r0042_d0,n4,25272203,4,MNAR_self,True,acyclic,True,16,"['mean', 1]",,RECOVERABLE,formula:anchor_direct,,,RECOVERABLE,0.0,1,False,True,True
n4_r0050_d0,n4,25272451,4,MNAR_self,True,acyclic,True,16,"['mean', 0]",0.7024784689363797,UNDETERMINED_RELAXED_FRAGILE,round2:no model witness; relaxation varies,0.5,4.440892098500626e-16,RECOVERABLE,0.0,1,False,True,UNDECIDED_GT
n4_r0050_d0,n4,25272451,4,MNAR_self,True,acyclic,True,16,"['mean', 1]",0.43096202497765973,UNDETERMINED_RELAXED_FRAGILE,round2:no model witness; relaxation varies,0.49999999999999994,3.9968028886505635e-15,RECOVERABLE,0.0,1,False,True,UNDECIDED_GT
n4_r0058_d0,n4,25272699,4,MNAR_self,True,acyclic,True,16,"['mean', 0]",,RECOVERABLE,formula:anchor_direct,,,RECOVERABLE,1.6653345369377348e-16,12,False,True,True
n4_r0058_d0,n4,25272699,4,MNAR_self,True,acyclic,True,16,"['mean', 1]",0.3291933721559004,UNRECOVERABLE,model_witness(rootjump) dphi=0.1681 dist=2.2e-16,0.49999999999999994,0.16809725567469264,UNRECOVERABLE,0.21862686827210803,12,False,True,True
n4_r0066_d0,n4,25272947,4,MNAR_self,True,acyclic,True,16,"['mean', 0]",,RECOVERABLE,formula:anchor_direct,,,RECOVERABLE,0.0,1,False,True,True
n4_r0066_d0,n4,25272947,4,MNAR_self,True,acyclic,True,16,"['mean', 1]",0.39673334697570395,UNDETERMINED_RELAXED_FRAGILE,round2:no model witness; relaxation varies,0.4999999999999999,7.771561172376096e-16,RECOVERABLE,0.0,1,False,True,UNDECIDED_GT
n4_r0074_d0,n4,25273195,4,MNAR_self,True,acyclic,True,16,"['mean', 0]",0.39692299432274364,UNDETERMINED_RELAXED_FRAGILE,round2:no model witness; relaxation varies,0.5,1.3322676295501878e-15,RECOVERABLE,0.0,1,False,True,UNDECIDED_GT
n4_r0074_d0,n4,25273195,4,MNAR_self,True,acyclic,True,16,"['mean', 1]",,RECOVERABLE,formula:anchor_direct,,,RECOVERABLE,0.0,1,False,True,True
n4_r0082_d0,n4,25273443,4,MNAR_self,True,acyclic,True,16,"['mean', 0]",,RECOVERABLE,formula:anchor_direct,,,RECOVERABLE,0.0,1,False,True,True
n4_r0082_d0,n4,25273443,4,MNAR_self,True,acyclic,True,16,"['mean', 1]",0.27892860148588894,UNDETERMINED_RELAXED_FRAGILE,round2:no model witness; relaxation varies,0.5,7.827072323607354e-15,RECOVERABLE,0.0,1,False,True,UNDECIDED_GT
n4_r0090_d0,n4,25273691,4,MNAR_self,True,acyclic,True,16,"['mean', 0]",0.4881971713633044,UNDETERMINED_RELAXED_FRAGILE,round2:no model witness; relaxation varies,0.5,1.0663692151524629e-13,RECOVERABLE,0.0,1,False,True,UNDECIDED_GT
n4_r0090_d0,n4,25273691,4,MNAR_self,True,acyclic,True,16,"['mean', 1]",0.280517404399628,UNDETERMINED_RELAXED_FRAGILE,round2:no model witness; relaxation varies,0.4999999999999999,2.1094237467877974e-14,RECOVERABLE,0.0,1,False,True,UNDECIDED_GT
n4_r0098_d0,n4,25273939,4,MNAR_self,True,acyclic,True,16,"['mean', 0]",0.37087199595138676,UNDETERMINED_RELAXED_FRAGILE,round2:no model witness; relaxation varies,0.5,1.454392162258955e-14,RECOVERABLE,0.0,1,False,True,UNDECIDED_GT
n4_r0098_d0,n4,25273939,4,MNAR_self,True,acyclic,True,16,"['mean', 1]",,RECOVERABLE,formula:anchor_direct,,,RECOVERABLE,0.0,1,False,True,True
n4_r0106_d0,n4,25274187,4,MNAR_self,True,acyclic,True,16,"['mean', 0]",0.5528718881053608,UNDETERMINED_RELAXED_FRAGILE,round2:no model witness; relaxation varies,0.5,7.771561172376096e-16,RECOVERABLE,0.0,1,False,True,UNDECIDED_GT
n4_r0106_d0,n4,25274187,4,MNAR_self,True,acyclic,True,16,"['mean', 1]",0.6452947619754184,UNDETERMINED_RELAXED_FRAGILE,round2:no model witness; relaxation varies,0.5,6.661338147750939e-16,RECOVERABLE,0.0,1,False,True,UNDECIDED_GT
n4_r0114_d0,n4,25274435,4,MNAR_self,True,acyclic,True,16,"['mean', 0]",0.5955452791503383,UNDETERMINED_RELAXED_FRAGILE,round2:no model witness; relaxation varies,0.5,8.326672684688674e-15,RECOVERABLE,0.0,1,False,True,UNDECIDED_GT
n4_r0114_d0,n4,25274435,4,MNAR_self,True,acyclic,True,16,"['mean', 1]",0.7612619215241386,UNDETERMINED_RELAXED_FRAGILE,round2:no model witness; relaxation varies,0.5,5.551115123125783e-16,RECOVERABLE,0.0,1,False,True,UNDECIDED_GT
n4_r0122_d0,n4,25274683,4,MNAR_self,True,acyclic,True,16,"['mean', 0]",0.33233512673900095,UNDETERMINED_RELAXED_FRAGILE,round2:no model witness; relaxation varies,0.5,4.6074255521944e-15,RECOVERABLE,1.7763568394002505e-15,12,False,True,UNDECIDED_GT
n4_r0122_d0,n4,25274683,4,MNAR_self,True,acyclic,True,16,"['mean', 1]",0.3815252202919228,UNDETERMINED_RELAXED_FRAGILE,round2:no model witness; relaxation varies,0.5,2.220446049250313e-16,RECOVERABLE,2.220446049250313e-16,12,False,True,UNDECIDED_GT
n4_r0130_d0,n4,25274931,4,MNAR_self,True,acyclic,True,16,"['mean', 0]",0.18377341358506016,UNDETERMINED_RELAXED_FRAGILE,round2:no model witness; relaxation varies,0.5,4.718447854656915e-16,RECOVERABLE,0.0,1,False,True,UNDECIDED_GT
n4_r0130_d0,n4,25274931,4,MNAR_self,True,acyclic,True,16,"['mean', 1]",0.8342108486194385,UNDETERMINED_RELAXED_FRAGILE,round2:no model witness; relaxation varies,0.5000000000000001,2.220446049250313e-16,RECOVERABLE,0.0,1,False,True,UNDECIDED_GT
n4_r0138_d0,n4,25275179,4,MNAR_self,True,acyclic,True,16,"['mean', 0]",0.8093292775192253,UNRECOVERABLE,model_witness(rootjump) dphi=0.0007 dist=3.3e-16,0.5,0.0006622553657597008,UNRECOVERABLE,0.0009552641258991912,12,False,True,True
n4_r0138_d0,n4,25275179,4,MNAR_self,True,acyclic,True,16,"['mean', 1]",0.5391024910943363,UNDETERMINED_RELAXED_FRAGILE,round2:no model witness; relaxation varies,0.5,1.8318679906315083e-14,RECOVERABLE,1.6653345369377348e-15,12,False,True,UNDECIDED_GT
n4_r0146_d0,n4,25275427,4,MNAR_self,True,acyclic,True,16,"['mean', 0]",0.22982045369615994,UNDETERMINED_RELAXED_FRAGILE,round2:no model witness; relaxation varies,0.5,8.326672684688674e-17,RECOVERABLE,0.0,1,False,True,UNDECIDED_GT
n4_r0146_d0,n4,25275427,4,MNAR_self,True,acyclic,True,16,"['mean', 1]",0.3078061714436745,UNDETERMINED_RELAXED_FRAGILE,round2:no model witness; relaxation varies,0.49999999999999994,3.885780586188048e-16,RECOVERABLE,0.0,1,False,True,UNDECIDED_GT
n4_r0154_d0,n4,25275675,4,MNAR_self,True,acyclic,True,16,"['mean', 0]",,RECOVERABLE,formula:anchor_direct,,,RECOVERABLE,0.0,1,False,True,True
n4_r0154_d0,n4,25275675,4,MNAR_self,True,acyclic,True,16,"['mean', 1]",0.4661597212250788,UNDETERMINED_RELAXED_FRAGILE,round2:no model witness; relaxation varies,0.5,2.7755575615628914e-16,RECOVERABLE,0.0,1,False,True,UNDECIDED_GT
n4_r0162_d0,n4,25275923,4,MNAR_self,True,acyclic,True,16,"['mean', 0]",0.8401542254099922,UNDETERMINED_RELAXED_FRAGILE,round2:no model witness; relaxation varies,0.49999999999999994,5.551115123125783e-16,RECOVERABLE,0.0,1,False,True,UNDECIDED_GT
n4_r0162_d0,n4,25275923,4,MNAR_self,True,acyclic,True,16,"['mean', 1]",0.6652927242071542,UNDETERMINED_RELAXED_FRAGILE,round2:no model witness; relaxation varies,0.49999999999999994,1.1102230246251565e-16,RECOVERABLE,0.0,1,False,True,UNDECIDED_GT
n4_r0170_d0,n4,25276171,4,MNAR_self,True,acyclic,True,16,"['mean', 0]",0.6836084749461828,UNDETERMINED_RELAXED_FRAGILE,round2:no model witness; relaxation varies,0.5,2.886579864025407e-15,RECOVERABLE,8.881784197001252e-16,12,False,True,UNDECIDED_GT
n4_r0170_d0,n4,25276171,4,MNAR_self,True,acyclic,True,16,"['mean', 1]",0.30975327318360885,UNDETERMINED_RELAXED_FRAGILE,round2:no model witness; relaxation varies,0.5,3.2751579226442118e-15,RECOVERABLE,4.996003610813204e-16,12,False,True,UNDECIDED_GT
n4_r0178_d0,n4,25276419,4,MNAR_other,False,acyclic,True,16,"['mean', 0]",,RECOVERABLE,formula:direct_full_pattern,,,RECOVERABLE,0.0,1,False,True,True
n4_r0178_d0,n4,25276419,4,MNAR_other,False,acyclic,True,16,"['mean', 1]",,RECOVERABLE,formula:anchor_direct,,,RECOVERABLE,0.0,1,False,True,True
n4_r0186_d0,n4,25276667,4,MNAR_self,True,acyclic,True,16,"['mean', 0]",,RECOVERABLE,formula:anchor_direct,,,RECOVERABLE,0.0,1,False,True,True
n4_r0186_d0,n4,25276667,4,MNAR_self,True,acyclic,True,16,"['mean', 1]",0.45796594307872757,UNDETERMINED_RELAXED_FRAGILE,round2:no model witness; relaxation varies,0.5000000000000001,1.6653345369377348e-16,RECOVERABLE,0.0,1,False,True,UNDECIDED_GT
n4_r0194_d0,n4,25276915,4,MNAR_self,True,acyclic,True,16,"['mean', 0]",,RECOVERABLE,formula:anchor_direct,,,RECOVERABLE,1.6653345369377348e-16,12,False,True,True
n4_r0194_d0,n4,25276915,4,MNAR_self,True,acyclic,True,16,"['mean', 1]",0.785264258932972,UNDETERMINED_RELAXED_FRAGILE,round2:no model witness; relaxation varies,0.5,6.106226635438361e-15,RECOVERABLE,4.440892098500626e-16,12,False,True,UNDECIDED_GT
n3_s00373_d0,n3,57570901,3,MNAR_self,True,acyclic,True,8,"['mean', 0]",0.4395799656135901,UNDETERMINED_RELAXED_FRAGILE,round2:no model witness; relaxation varies,0.5,2.7922109069322687e-14,RECOVERABLE,1.9040324872321435e-14,12,False,True,UNDECIDED_GT
n3_s00373_d0,n3,57570901,3,MNAR_self,True,acyclic,True,8,"['mean', 1]",0.15521327118733433,UNRECOVERABLE,model_witness(rootjump) dphi=0.3701 dist=1.1e-16,0.5,0.3700544839617662,UNRECOVERABLE,0.2521253123665627,12,False,True,True
n3_s00396_d0,n3,59870901,3,MNAR_self,True,acyclic,True,8,"['mean', 0]",,RECOVERABLE,formula:anchor_direct,,,RECOVERABLE,0.0,1,False,True,True
n3_s00396_d0,n3,59870901,3,MNAR_self,True,acyclic,True,8,"['mean', 1]",,RECOVERABLE,formula:anchor_direct,,,RECOVERABLE,0.0,1,False,True,True
n3_s00413_d0,n3,61570901,3,MNAR_self,True,acyclic,True,8,"['mean', 0]",,RECOVERABLE,formula:anchor_direct,,,RECOVERABLE,0.0,1,False,True,True
n3_s00413_d0,n3,61570901,3,MNAR_self,True,acyclic,True,8,"['mean', 1]",0.26466246942817595,UNDETERMINED_RELAXED_FRAGILE,round2:no model witness; relaxation varies,0.5,2.936539900133539e-14,RECOVERABLE,0.0,1,False,True,UNDECIDED_GT
n3_s00449_d0,n3,65170901,3,MNAR_self,True,acyclic,True,8,"['mean', 0]",0.3319485081286435,UNDETERMINED_RELAXED_FRAGILE,round2:no model witness; relaxation varies,0.5,2.9549140911910854e-12,RECOVERABLE,0.0,1,False,True,UNDECIDED_GT
n3_s00449_d0,n3,65170901,3,MNAR_self,True,acyclic,True,8,"['mean', 1]",,RECOVERABLE,formula:anchor_direct,,,RECOVERABLE,0.0,1,False,True,True
n3_s00474_d0,n3,67670901,3,MNAR_self,True,acyclic,True,8,"['mean', 0]",0.26046681528449933,UNDETERMINED_RELAXED_FRAGILE,round2:no model witness; relaxation varies,0.5,7.460698725481052e-14,RECOVERABLE,0.0,1,False,True,UNDECIDED_GT
n3_s00474_d0,n3,67670901,3,MNAR_self,True,acyclic,True,8,"['mean', 1]",0.3856709761182505,UNDETERMINED_RELAXED_FRAGILE,round2:no model witness; relaxation varies,0.5,1.3489209749195652e-14,RECOVERABLE,0.0,1,False,True,UNDECIDED_GT
n3_s00498_d0,n3,70070901,3,MNAR_self,True,acyclic,True,8,"['mean', 0]",0.41983794748446523,UNRECOVERABLE,model_witness(rootjump) dphi=0.1232 dist=1.1e-16,0.5,0.12317589876007307,UNRECOVERABLE,0.18567247872688164,12,False,True,True
n3_s00498_d0,n3,70070901,3,MNAR_self,True,acyclic,True,8,"['mean', 1]",0.5050614169459109,UNDETERMINED_RELAXED_FRAGILE,round2:no model witness; relaxation varies,0.5,9.325873406851315e-15,RECOVERABLE,4.551914400963142e-15,12,False,True,UNDECIDED_GT
n3_s00524_d0,n3,72670901,3,MNAR_self,True,acyclic,True,8,"['mean', 0]",,RECOVERABLE,formula:anchor_direct,,,RECOVERABLE,0.0,1,False,True,True
n3_s00524_d0,n3,72670901,3,MNAR_self,True,acyclic,True,8,"['mean', 1]",,RECOVERABLE,formula:direct_full_pattern,,,RECOVERABLE,0.0,1,False,True,True
n3_s00546_d0,n3,74870901,3,MNAR_other,False,acyclic,True,8,"['mean', 0]",,RECOVERABLE,formula:anchor_direct,,,RECOVERABLE,0.0,1,False,True,True
n3_s00546_d0,n3,74870901,3,MNAR_other,False,acyclic,True,8,"['mean', 1]",,RECOVERABLE,formula:anchor_direct,,,RECOVERABLE,0.0,1,False,True,True
n3_s00571_d0,n3,77370901,3,MNAR_self,True,acyclic,True,8,"['mean', 0]",,RECOVERABLE,formula:anchor_direct,,,RECOVERABLE,0.0,1,False,True,True
n3_s00571_d0,n3,77370901,3,MNAR_self,True,acyclic,True,8,"['mean', 1]",0.7207021599482054,UNDETERMINED_RELAXED_FRAGILE,round2:no model witness; relaxation varies,0.5,1.3211653993039363e-14,RECOVERABLE,0.0,1,False,True,UNDECIDED_GT
n3_s00588_d0,n3,79070901,3,MNAR_self,True,acyclic,True,8,"['mean', 0]",0.39098958025015806,UNDETERMINED_RELAXED_FRAGILE,round2:no model witness; relaxation varies,0.5,1.4155343563970746e-14,RECOVERABLE,0.0,1,False,True,UNDECIDED_GT
n3_s00588_d0,n3,79070901,3,MNAR_self,True,acyclic,True,8,"['mean', 1]",,RECOVERABLE,formula:direct_full_pattern,,,RECOVERABLE,0.0,1,False,True,True
n3_s00603_d0,n3,80570901,3,MNAR_self,True,acyclic,True,8,"['mean', 0]",0.5905614005126497,UNDETERMINED_RELAXED_FRAGILE,round2:no model witness; relaxation varies,0.5,3.3306690738754696e-16,RECOVERABLE,0.0,1,False,True,UNDECIDED_GT
n3_s00603_d0,n3,80570901,3,MNAR_self,True,acyclic,True,8,"['mean', 1]",0.7950693114076237,UNDETERMINED_RELAXED_FRAGILE,round2:no model witness; relaxation varies,0.5,2.042810365310288e-14,RECOVERABLE,0.0,1,False,True,UNDECIDED_GT
n3_s00623_d0,n3,82570901,3,MNAR_self,True,acyclic,True,8,"['mean', 0]",0.3066691862573149,UNDETERMINED_RELAXED_FRAGILE,round2:no model witness; relaxation varies,0.5,2.9976021664879227e-15,RECOVERABLE,0.0,1,False,True,UNDECIDED_GT
n3_s00623_d0,n3,82570901,3,MNAR_self,True,acyclic,True,8,"['mean', 1]",,RECOVERABLE,formula:anchor_direct,,,RECOVERABLE,0.0,1,False,True,True
n3_s00646_d0,n3,84870901,3,MNAR_self,True,acyclic,True,8,"['mean', 0]",,RECOVERABLE,formula:anchor_direct,,,RECOVERABLE,0.0,1,False,True,True
n3_s00646_d0,n3,84870901,3,MNAR_self,True,acyclic,True,8,"['mean', 1]",,RECOVERABLE,formula:anchor_direct,,,RECOVERABLE,0.0,1,False,True,True
n3_s00664_d0,n3,86670901,3,MNAR_self,True,acyclic,True,8,"['mean', 0]",,RECOVERABLE,formula:anchor_direct,,,RECOVERABLE,0.0,1,False,True,True
n3_s00664_d0,n3,86670901,3,MNAR_self,True,acyclic,True,8,"['mean', 1]",0.36823692623276005,UNDETERMINED_RELAXED_FRAGILE,round2:no model witness; relaxation varies,0.5,2.4694135625225044e-12,RECOVERABLE,0.0,1,False,True,UNDECIDED_GT
n3_s00673_d0,n3,87570901,3,MNAR_other,False,acyclic,True,8,"['mean', 0]",,RECOVERABLE,formula:anchor_direct,,,RECOVERABLE,0.0,1,False,True,True
n3_s00673_d0,n3,87570901,3,MNAR_other,False,acyclic,True,8,"['mean', 1]",,RECOVERABLE,formula:anchor_direct,,,RECOVERABLE,0.0,1,False,True,True
n3_s00686_d0,n3,88870901,3,MNAR_self,True,acyclic,True,8,"['mean', 0]",,RECOVERABLE,formula:anchor_direct,,,RECOVERABLE,0.0,1,False,True,True
n3_s00686_d0,n3,88870901,3,MNAR_self,True,acyclic,True,8,"['mean', 1]",,RECOVERABLE,formula:anchor_direct,,,RECOVERABLE,0.0,1,False,True,True
n3_s00705_d0,n3,90770901,3,MNAR_self,True,acyclic,True,8,"['mean', 0]",0.2891440696987409,UNDETERMINED_RELAXED_FRAGILE,round2:no model witness; relaxation varies,0.5,7.882583474838611e-15,RECOVERABLE,0.0,1,False,True,UNDECIDED_GT
n3_s00705_d0,n3,90770901,3,MNAR_self,True,acyclic,True,8,"['mean', 1]",,RECOVERABLE,formula:anchor_direct,,,RECOVERABLE,0.0,1,False,True,True
n3_s00733_d0,n3,93570901,3,MNAR_self,True,acyclic,True,8,"['mean', 0]",0.718392337309667,UNDETERMINED_RELAXED_FRAGILE,round2:no model witness; relaxation varies,0.5,1.63202784619898e-14,RECOVERABLE,1.887379141862766e-15,12,False,True,UNDECIDED_GT
n3_s00733_d0,n3,93570901,3,MNAR_self,True,acyclic,True,8,"['mean', 1]",0.4110869960039173,UNDETERMINED_RELAXED_FRAGILE,round2:no model witness; relaxation varies,0.5,1.3067324999838092e-13,RECOVERABLE,1.837419105754634e-14,12,False,True,UNDECIDED_GT
n3_s00750_d0,n3,95270901,3,MNAR_self,True,acyclic,True,8,"['mean', 0]",0.15290408723994792,UNDETERMINED_RELAXED_FRAGILE,round2:no model witness; relaxation varies,0.5,1.6986412276764895e-14,RECOVERABLE,0.0,1,False,True,UNDECIDED_GT
n3_s00750_d0,n3,95270901,3,MNAR_self,True,acyclic,True,8,"['mean', 1]",,RECOVERABLE,formula:anchor_direct,,,RECOVERABLE,0.0,1,False,True,True
n3_s00783_d0,n3,98570901,3,MNAR_self,True,acyclic,True,8,"['mean', 0]",0.6558622886666156,UNDETERMINED_RELAXED_FRAGILE,round2:no model witness; relaxation varies,0.5,2.5868196473766147e-14,RECOVERABLE,0.0,1,False,True,UNDECIDED_GT
n3_s00783_d0,n3,98570901,3,MNAR_self,True,acyclic,True,8,"['mean', 1]",,RECOVERABLE,formula:anchor_direct,,,RECOVERABLE,0.0,1,False,True,True
n3_s00805_d0,n3,100770901,3,MNAR_self,True,acyclic,True,8,"['mean', 0]",0.44768194863726596,UNDETERMINED_RELAXED_FRAGILE,round2:no model witness; relaxation varies,0.5,6.661338147750939e-16,RECOVERABLE,0.0,1,False,True,UNDECIDED_GT
n3_s00805_d0,n3,100770901,3,MNAR_self,True,acyclic,True,8,"['mean', 1]",,RECOVERABLE,formula:direct_full_pattern,,,RECOVERABLE,0.0,1,False,True,True
n3_s00835_d0,n3,103770901,3,MNAR_self,True,acyclic,True,8,"['mean', 0]",0.2022751249415299,UNDETERMINED_RELAXED_FRAGILE,round2:no model witness; relaxation varies,0.5,1.1335377081422848e-13,RECOVERABLE,0.0,1,False,True,UNDECIDED_GT
n3_s00835_d0,n3,103770901,3,MNAR_self,True,acyclic,True,8,"['mean', 1]",,RECOVERABLE,formula:anchor_direct,,,RECOVERABLE,0.0,1,False,True,True
n3_s00862_d0,n3,106470901,3,MNAR_self,True,acyclic,True,8,"['mean', 0]",0.2334201946112356,UNDETERMINED_RELAXED_FRAGILE,round2:no model witness; relaxation varies,0.5,1.3480883076510963e-13,RECOVERABLE,0.0,1,False,True,UNDECIDED_GT
n3_s00862_d0,n3,106470901,3,MNAR_self,True,acyclic,True,8,"['mean', 1]",0.683155054144093,UNDETERMINED_RELAXED_FRAGILE,round2:no model witness; relaxation varies,0.5,2.3647750424515834e-14,RECOVERABLE,0.0,1,False,True,UNDECIDED_GT
n3_s00885_d0,n3,108770901,3,MNAR_self,True,acyclic,True,8,"['mean', 0]",0.5043769180103531,UNDETERMINED_RELAXED_FRAGILE,round2:no model witness; relaxation varies,0.5,3.7914116290949096e-13,RECOVERABLE,4.097833183891453e-13,12,False,True,UNDECIDED_GT
n3_s00885_d0,n3,108770901,3,MNAR_self,True,acyclic,True,8,"['mean', 1]",0.16187357409091535,UNRECOVERABLE,model_witness(rootjump) dphi=0.1998 dist=7.2e-16,0.5,0.19977342754350463,UNRECOVERABLE,0.2379298051209014,12,False,True,True
n3_s00903_d0,n3,110570901,3,MNAR_self,True,acyclic,True,8,"['mean', 0]",0.2535512820815668,UNDETERMINED_RELAXED_FRAGILE,round2:no model witness; relaxation varies,0.5,2.4702462297909733e-14,RECOVERABLE,0.0,1,False,True,UNDECIDED_GT
n3_s00903_d0,n3,110570901,3,MNAR_self,True,acyclic,True,8,"['mean', 1]",,RECOVERABLE,formula:anchor_direct,,,RECOVERABLE,0.0,1,False,True,True
n3_s00939_d0,n3,114170901,3,MNAR_other,False,acyclic,True,8,"['mean', 0]",0.8326632003726722,UNDETERMINED_RELAXED_FRAGILE,round2:no model witness; relaxation varies,0.49999999999999994,1.2212453270876722e-15,RECOVERABLE,0.0,1,False,True,UNDECIDED_GT
n3_s00939_d0,n3,114170901,3,MNAR_other,False,acyclic,True,8,"['mean', 1]",,RECOVERABLE,formula:anchor_direct,,,RECOVERABLE,0.0,1,False,True,True
n3_s00961_d0,n3,116370901,3,MNAR_self,True,acyclic,True,8,"['mean', 0]",0.5006564024258255,UNDETERMINED_RELAXED_FRAGILE,round2:no model witness; relaxation varies,0.5,3.4828362416305936e-11,RECOVERABLE,4.575784195992583e-12,12,False,True,UNDECIDED_GT
n3_s00961_d0,n3,116370901,3,MNAR_self,True,acyclic,True,8,"['mean', 1]",,RECOVERABLE,formula:anchor_direct,,,RECOVERABLE,2.220446049250313e-16,12,False,True,True
n3_s00986_d0,n3,118870901,3,MNAR_self,True,acyclic,True,8,"['mean', 0]",0.7230276831859253,UNDETERMINED_RELAXED_FRAGILE,round2:no model witness; relaxation varies,0.5,1.5942802633617248e-13,RECOVERABLE,0.0,1,False,True,UNDECIDED_GT
n3_s00986_d0,n3,118870901,3,MNAR_self,True,acyclic,True,8,"['mean', 1]",0.3588139691961815,UNDETERMINED_RELAXED_FRAGILE,round2:no model witness; relaxation varies,0.5,7.566169912820442e-14,RECOVERABLE,0.0,1,False,True,UNDECIDED_GT
n3_s00999_d0,n3,120170901,3,MNAR_self,True,acyclic,True,8,"['mean', 0]",0.5832635116917382,UNRECOVERABLE,model_witness(rootjump) dphi=0.0009 dist=8.7e-15,0.5,0.0008651457253767703,UNRECOVERABLE,0.0008651457243021854,2,False,True,True
n3_s00999_d0,n3,120170901,3,MNAR_self,True,acyclic,True,8,"['mean', 1]",,RECOVERABLE,formula:anchor_direct,,,RECOVERABLE,1.1102230246251565e-16,2,False,True,True
n3_s01014_d0,n3,121670901,3,MNAR_self,True,acyclic,True,8,"['mean', 0]",0.5134103467498333,UNRECOVERABLE,model_witness(rootjump) dphi=0.1795 dist=1.7e-16,0.5,0.17947129993572142,UNRECOVERABLE,0.24648473260507658,12,False,True,True
n3_s01014_d0,n3,121670901,3,MNAR_self,True,acyclic,True,8,"['mean', 1]",0.6733726006505976,UNDETERMINED_RELAXED_FRAGILE,round2:no model witness; relaxation varies,0.5,1.2212453270876722e-14,RECOVERABLE,6.661338147750939e-16,12,False,True,UNDECIDED_GT
n3_s01038_d0,n3,124070901,3,MNAR_self,True,acyclic,True,8,"['mean', 0]",,RECOVERABLE,formula:anchor_direct,,,RECOVERABLE,1.1102230246251565e-16,12,False,True,True
n3_s01038_d0,n3,124070901,3,MNAR_self,True,acyclic,True,8,"['mean', 1]",,RECOVERABLE,formula:anchor_direct,,,RECOVERABLE,1.6653345369377348e-16,12,False,True,True
n3_s01073_d0,n3,127570901,3,MNAR_self,True,acyclic,True,8,"['mean', 0]",,RECOVERABLE,formula:anchor_direct,,,RECOVERABLE,3.3306690738754696e-16,12,False,True,True
n3_s01073_d0,n3,127570901,3,MNAR_self,True,acyclic,True,8,"['mean', 1]",0.648122906291251,UNRECOVERABLE,model_witness(rootjump) dphi=0.2430 dist=1.1e-16,0.5,0.24299837072357822,UNRECOVERABLE,0.2490192646674103,12,False,True,True
n3_s01093_d0,n3,129570901,3,MNAR_self,True,acyclic,True,8,"['mean', 0]",0.5260543338379509,UNDETERMINED_RELAXED_FRAGILE,round2:no model witness; relaxation varies,0.5,1.7430501486614958e-14,RECOVERABLE,0.0,1,False,True,UNDECIDED_GT
n3_s01093_d0,n3,129570901,3,MNAR_self,True,acyclic,True,8,"['mean', 1]",,RECOVERABLE,formula:anchor_direct,,,RECOVERABLE,0.0,1,False,True,True
n3_s01109_d0,n3,131170901,3,MNAR_self,True,acyclic,True,8,"['mean', 0]",0.18088684761630208,UNDETERMINED_RELAXED_FRAGILE,round2:no model witness; relaxation varies,0.5,1.532107773982716e-14,RECOVERABLE,0.0,1,False,True,UNDECIDED_GT
n3_s01109_d0,n3,131170901,3,MNAR_self,True,acyclic,True,8,"['mean', 1]",0.5080973839283434,UNDETERMINED_RELAXED_FRAGILE,round2:no model witness; relaxation varies,0.5,7.216449660063518e-14,RECOVERABLE,0.0,1,False,True,UNDECIDED_GT
n3_s01134_d0,n3,133670901,3,MNAR_self,True,acyclic,True,8,"['mean', 0]",0.3952373639370548,UNDETERMINED_RELAXED_FRAGILE,round2:no model witness; relaxation varies,0.5,2.2037927038809357e-14,RECOVERABLE,0.0,1,False,True,UNDECIDED_GT
n3_s01134_d0,n3,133670901,3,MNAR_self,True,acyclic,True,8,"['mean', 1]",0.7248165392409474,UNDETERMINED_RELAXED_FRAGILE,round2:no model witness; relaxation varies,0.5,1.9206858326015208e-14,RECOVERABLE,0.0,1,False,True,UNDECIDED_GT
n3_s01158_d0,n3,136070901,3,MNAR_self,True,acyclic,True,8,"['mean', 0]",,RECOVERABLE,formula:direct_full_pattern,,,RECOVERABLE,2.220446049250313e-16,12,False,True,True
n3_s01158_d0,n3,136070901,3,MNAR_self,True,acyclic,True,8,"['mean', 1]",,RECOVERABLE,formula:anchor_direct,,,RECOVERABLE,8.881784197001252e-16,12,False,True,True
n3_s01180_d0,n3,138270901,3,MNAR_self,True,acyclic,True,8,"['mean', 0]",,RECOVERABLE,formula:anchor_direct,,,RECOVERABLE,0.0,1,False,True,True
n3_s01180_d0,n3,138270901,3,MNAR_self,True,acyclic,True,8,"['mean', 1]",0.2289487447995618,UNDETERMINED_RELAXED_FRAGILE,round2:no model witness; relaxation varies,0.5,1.4432899320127035e-15,RECOVERABLE,0.0,1,False,True,UNDECIDED_GT
n3_s01209_d0,n3,141170901,3,MNAR_self,True,acyclic,True,8,"['mean', 0]",,RECOVERABLE,formula:anchor_direct,,,RECOVERABLE,0.0,1,False,True,True
n3_s01209_d0,n3,141170901,3,MNAR_self,True,acyclic,True,8,"['mean', 1]",0.22848974859491342,UNDETERMINED_RELAXED_FRAGILE,round2:no model witness; relaxation varies,0.5,1.2184697695261093e-14,RECOVERABLE,0.0,1,False,True,UNDECIDED_GT
n3_s01229_d0,n3,143170901,3,MNAR_self,True,acyclic,True,8,"['mean', 0]",0.43180802238994476,UNDETERMINED_RELAXED_FRAGILE,round2:no model witness; relaxation varies,0.5,9.825473767932635e-15,RECOVERABLE,0.0,1,False,True,UNDECIDED_GT
n3_s01229_d0,n3,143170901,3,MNAR_self,True,acyclic,True,8,"['mean', 1]",,RECOVERABLE,formula:anchor_direct,,,RECOVERABLE,0.0,1,False,True,True
n3_s01249_d0,n3,145170901,3,MNAR_self,True,acyclic,True,8,"['mean', 0]",0.7994331885032948,UNDETERMINED_RELAXED_FRAGILE,round2:no model witness; relaxation varies,0.5,2.1460611066004276e-13,RECOVERABLE,0.0,1,False,True,UNDECIDED_GT
n3_s01249_d0,n3,145170901,3,MNAR_self,True,acyclic,True,8,"['mean', 1]",0.20919123236628712,UNDETERMINED_RELAXED_FRAGILE,round2:no model witness; relaxation varies,0.5,3.3306690738754696e-16,RECOVERABLE,0.0,1,False,True,UNDECIDED_GT
n3_s01277_d0,n3,147970901,3,MNAR_self,True,acyclic,True,8,"['mean', 0]",0.648802860528882,UNDETERMINED_RELAXED_FRAGILE,round2:no model witness; relaxation varies,0.5,1.3433698597964394e-14,RECOVERABLE,0.0,1,False,True,UNDECIDED_GT
n3_s01277_d0,n3,147970901,3,MNAR_self,True,acyclic,True,8,"['mean', 1]",0.5735172019490619,UNDETERMINED_RELAXED_FRAGILE,round2:no model witness; relaxation varies,0.5,6.228351168147128e-14,RECOVERABLE,0.0,1,False,True,UNDECIDED_GT
n3_s01315_d0,n3,151770901,3,MNAR_other,False,acyclic,True,8,"['mean', 0]",,RECOVERABLE,formula:anchor_direct,,,RECOVERABLE,0.0,1,False,True,True
n3_s01315_d0,n3,151770901,3,MNAR_other,False,acyclic,True,8,"['mean', 1]",0.2723473038707818,UNDETERMINED_RELAXED_FRAGILE,round2:no model witness; relaxation varies,0.5,9.43689570931383e-16,RECOVERABLE,0.0,1,False,True,UNDECIDED_GT
n3_s01352_d0,n3,155470901,3,MNAR_self,True,acyclic,True,8,"['mean', 0]",0.8379695230335208,UNDETERMINED_RELAXED_FRAGILE,round2:no model witness; relaxation varies,0.5,1.099120794378905e-14,RECOVERABLE,0.0,1,False,True,UNDECIDED_GT
n3_s01352_d0,n3,155470901,3,MNAR_self,True,acyclic,True,8,"['mean', 1]",,RECOVERABLE,formula:anchor_direct,,,RECOVERABLE,0.0,1,False,True,True
n3_s01368_d0,n3,157070901,3,MNAR_self,True,acyclic,True,8,"['mean', 0]",0.5609713180198367,UNDETERMINED_RELAXED_FRAGILE,round2:no model witness; relaxation varies,0.5,6.583622536027178e-14,RECOVERABLE,0.0,1,False,True,UNDECIDED_GT
n3_s01368_d0,n3,157070901,3,MNAR_self,True,acyclic,True,8,"['mean', 1]",0.6213886272424246,UNDETERMINED_RELAXED_FRAGILE,round2:no model witness; relaxation varies,0.5,1.1102230246251565e-15,RECOVERABLE,0.0,1,False,True,UNDECIDED_GT
n3_s01393_d0,n3,159570901,3,MNAR_self,True,acyclic,True,8,"['mean', 0]",0.4779894655077528,UNDETERMINED_RELAXED_FRAGILE,round2:no model witness; relaxation varies,0.5,1.8235413179468196e-13,RECOVERABLE,7.382983113757291e-14,12,False,True,UNDECIDED_GT
n3_s01393_d0,n3,159570901,3,MNAR_self,True,acyclic,True,8,"['mean', 1]",0.49873740622651813,UNRECOVERABLE,model_witness(rootjump) dphi=0.2422 dist=2.2e-16,0.5,0.24220226224275115,UNRECOVERABLE,0.30370759061666674,12,False,True,True
n3_s01414_d0,n3,161670901,3,MNAR_self,True,acyclic,True,8,"['mean', 0]",,RECOVERABLE,formula:direct_full_pattern,,,RECOVERABLE,0.0,1,False,True,True
n3_s01414_d0,n3,161670901,3,MNAR_self,True,acyclic,True,8,"['mean', 1]",,RECOVERABLE,formula:anchor_direct,,,RECOVERABLE,0.0,1,False,True,True
n3_s01433_d0,n3,163570901,3,MNAR_self,True,acyclic,True,8,"['mean', 0]",,RECOVERABLE,formula:anchor_direct,,,RECOVERABLE,0.0,1,False,True,True
n3_s01433_d0,n3,163570901,3,MNAR_self,True,acyclic,True,8,"['mean', 1]",0.35515065278203495,UNDETERMINED_RELAXED_FRAGILE,round2:no model witness; relaxation varies,0.5,4.3298697960381105e-15,RECOVERABLE,0.0,1,False,True,UNDECIDED_GT
n3_s01452_d0,n3,165470901,3,MNAR_self,True,acyclic,True,8,"['mean', 0]",,RECOVERABLE,formula:anchor_direct,,,RECOVERABLE,0.0,1,False,True,True
n3_s01452_d0,n3,165470901,3,MNAR_self,True,acyclic,True,8,"['mean', 1]",0.29896740624782175,UNDETERMINED_RELAXED_FRAGILE,round2:no model witness; relaxation varies,0.5,6.106226635438361e-16,RECOVERABLE,0.0,1,False,True,UNDECIDED_GT
n3_s01473_d0,n3,167570901,3,MNAR_self,True,acyclic,True,8,"['mean', 0]",0.535921793931387,UNDETERMINED_RELAXED_FRAGILE,round2:no model witness; relaxation varies,0.5,2.488009798184976e-13,RECOVERABLE,0.0,1,False,True,UNDECIDED_GT
n3_s01473_d0,n3,167570901,3,MNAR_self,True,acyclic,True,8,"['mean', 1]",,RECOVERABLE,formula:anchor_direct,,,RECOVERABLE,0.0,1,False,True,True
n3_s01495_d0,n3,169770901,3,MNAR_self,True,acyclic,True,8,"['mean', 0]",0.5592117057078623,UNRECOVERABLE,model_witness(rootjump) dphi=0.1129 dist=3.3e-16,0.5,0.11294031510414171,UNRECOVERABLE,0.174182109809906,12,False,True,True
n3_s01495_d0,n3,169770901,3,MNAR_self,True,acyclic,True,8,"['mean', 1]",0.7742746631561539,UNDETERMINED_RELAXED_FRAGILE,round2:no model witness; relaxation varies,0.5,1.021405182655144e-14,RECOVERABLE,1.4432899320127035e-15,12,False,True,UNDECIDED_GT
n3_s01513_d0,n3,171570901,3,MNAR_self,True,acyclic,True,8,"['mean', 0]",0.41091270062383833,UNDETERMINED_RELAXED_FRAGILE,round2:no model witness; relaxation varies,0.5,1.765254609153999e-14,RECOVERABLE,0.0,1,False,True,UNDECIDED_GT
n3_s01513_d0,n3,171570901,3,MNAR_self,True,acyclic,True,8,"['mean', 1]",0.7395876090814211,UNDETERMINED_RELAXED_FRAGILE,round2:no model witness; relaxation varies,0.5,4.440892098500626e-16,RECOVERABLE,0.0,1,False,True,UNDECIDED_GT
n3_s01533_d0,n3,173570901,3,MNAR_self,True,acyclic,True,8,"['mean', 0]",0.30452395307518754,UNDETERMINED_RELAXED_FRAGILE,round2:no model witness; relaxation varies,0.5,3.7192471324942744e-15,RECOVERABLE,1.6653345369377348e-16,2,False,True,UNDECIDED_GT
n3_s01533_d0,n3,173570901,3,MNAR_self,True,acyclic,True,8,"['mean', 1]",0.3933184879815482,UNRECOVERABLE,model_witness(rootjump) dphi=0.0425 dist=9.4e-15,0.5,0.04245402783064062,UNRECOVERABLE,0.04245402783046487,2,False,True,True
n3_s01554_d0,n3,175670901,3,MNAR_self,True,acyclic,True,8,"['mean', 0]",,RECOVERABLE,formula:direct_full_pattern,,,RECOVERABLE,0.0,1,False,True,True
n3_s01554_d0,n3,175670901,3,MNAR_self,True,acyclic,True,8,"['mean', 1]",0.5473415266715037,UNDETERMINED_RELAXED_FRAGILE,round2:no model witness; relaxation varies,0.5,8.881784197001252e-15,RECOVERABLE,0.0,1,False,True,UNDECIDED_GT
n3_s01578_d0,n3,178070901,3,MNAR_other,False,acyclic,True,8,"['mean', 0]",,RECOVERABLE,formula:anchor_direct,,,RECOVERABLE,0.0,1,False,True,True
n3_s01578_d0,n3,178070901,3,MNAR_other,False,acyclic,True,8,"['mean', 1]",0.19557903426437856,UNDETERMINED_RELAXED_FRAGILE,round2:no model witness; relaxation varies,0.5,3.7192471324942744e-15,RECOVERABLE,0.0,1,False,True,UNDECIDED_GT
n3_s01603_d0,n3,180570901,3,MNAR_self,True,acyclic,True,8,"['mean', 0]",0.30808102365801904,UNDETERMINED_RELAXED_FRAGILE,round2:no model witness; relaxation varies,0.5,3.9968028886505635e-15,RECOVERABLE,0.0,1,False,True,UNDECIDED_GT
n3_s01603_d0,n3,180570901,3,MNAR_self,True,acyclic,True,8,"['mean', 1]",,RECOVERABLE,formula:anchor_direct,,,RECOVERABLE,0.0,1,False,True,True
n3_s01632_d0,n3,183470901,3,MNAR_self,True,acyclic,True,8,"['mean', 0]",0.5389313228164578,UNDETERMINED_RELAXED_FRAGILE,round2:no model witness; relaxation varies,0.5,8.770761894538737e-15,RECOVERABLE,0.0,1,False,True,UNDECIDED_GT
n3_s01632_d0,n3,183470901,3,MNAR_self,True,acyclic,True,8,"['mean', 1]",0.1774196192714446,UNDETERMINED_RELAXED_FRAGILE,round2:no model witness; relaxation varies,0.5,8.049116928532385e-16,RECOVERABLE,0.0,1,False,True,UNDECIDED_GT
n3_s01661_d0,n3,186370901,3,MNAR_self,True,acyclic,True,8,"['mean', 0]",0.8144198760793468,UNDETERMINED_RELAXED_FRAGILE,round2:no model witness; relaxation varies,0.5,5.551115123125783e-15,RECOVERABLE,1.1102230246251565e-15,12,False,True,UNDECIDED_GT
n3_s01661_d0,n3,186370901,3,MNAR_self,True,acyclic,True,8,"['mean', 1]",0.7220964595551982,UNRECOVERABLE,model_witness(rootjump) dphi=0.1833 dist=1.1e-16,0.5,0.18331114686275107,UNRECOVERABLE,0.16776442254154988,12,False,True,True
n3_s01685_d0,n3,188770901,3,MNAR_self,True,acyclic,True,8,"['mean', 0]",,RECOVERABLE,formula:anchor_direct,,,RECOVERABLE,0.0,1,False,True,True
n3_s01685_d0,n3,188770901,3,MNAR_self,True,acyclic,True,8,"['mean', 1]",0.31060159057598347,UNDETERMINED_RELAXED_FRAGILE,round2:no model witness; relaxation varies,0.5,2.4424906541753444e-15,RECOVERABLE,0.0,1,False,True,UNDECIDED_GT
n3_s01723_d0,n3,192570901,3,MNAR_self,True,acyclic,True,8,"['mean', 0]",,RECOVERABLE,formula:anchor_direct,,,RECOVERABLE,1.942890293094024e-16,12,False,True,True
n3_s01723_d0,n3,192570901,3,MNAR_self,True,acyclic,True,8,"['mean', 1]",0.19927933349727261,UNDETERMINED_RELAXED_FRAGILE,round2:no model witness; relaxation varies,0.5,3.2585045772748344e-14,RECOVERABLE,7.605027718682322e-15,12,False,True,UNDECIDED_GT
n3_s01746_d0,n3,194870901,3,MNAR_self,True,acyclic,True,8,"['mean', 0]",0.8409461722465003,UNDETERMINED_RELAXED_FRAGILE,round2:no model witness; relaxation varies,0.5,2.8976820942716586e-14,RECOVERABLE,0.0,1,False,True,UNDECIDED_GT
n3_s01746_d0,n3,194870901,3,MNAR_self,True,acyclic,True,8,"['mean', 1]",0.18973436060634724,UNDETERMINED_RELAXED_FRAGILE,round2:no model witness; relaxation varies,0.5,1.5543122344752192e-15,RECOVERABLE,0.0,1,False,True,UNDECIDED_GT
n3_s01784_d0,n3,198670901,3,MNAR_self,True,acyclic,True,8,"['mean', 0]",0.15787165110075713,UNDETERMINED_RELAXED_FRAGILE,round2:no model witness; relaxation varies,0.5,1.430244811473358e-13,RECOVERABLE,1.915134717478395e-15,12,False,True,UNDECIDED_GT
n3_s01784_d0,n3,198670901,3,MNAR_self,True,acyclic,True,8,"['mean', 1]",0.218283501295235,UNDETERMINED_RELAXED_FRAGILE,round2:no model witness; relaxation varies,0.5,2.683964162031316e-14,RECOVERABLE,5.273559366969494e-16,12,False,True,UNDECIDED_GT
n3_s01813_d0,n3,201570901,3,MNAR_self,True,acyclic,True,8,"['mean', 0]",0.21976365527927041,UNDETERMINED_RELAXED_FRAGILE,round2:no model witness; relaxation varies,0.5,1.5681900222830336e-14,RECOVERABLE,0.0,1,False,True,UNDECIDED_GT
n3_s01813_d0,n3,201570901,3,MNAR_self,True,acyclic,True,8,"['mean', 1]",0.629312883271148,UNDETERMINED_RELAXED_FRAGILE,round2:no model witness; relaxation varies,0.5,3.3306690738754696e-16,RECOVERABLE,0.0,1,False,True,UNDECIDED_GT
n3_s01835_d0,n3,203770901,3,MNAR_other,False,acyclic,True,8,"['mean', 0]",0.21413546565387087,UNDETERMINED_RELAXED_FRAGILE,round2:no model witness; relaxation varies,0.5,1.1102230246251565e-15,RECOVERABLE,0.0,1,False,True,UNDECIDED_GT
n3_s01835_d0,n3,203770901,3,MNAR_other,False,acyclic,True,8,"['mean', 1]",0.7991052942710406,UNDETERMINED_RELAXED_FRAGILE,round2:no model witness; relaxation varies,0.5,4.440892098500626e-16,RECOVERABLE,0.0,1,False,True,UNDECIDED_GT
n3_s01854_d0,n3,205670901,3,MNAR_self,True,acyclic,True,8,"['mean', 0]",0.5726386544180512,UNDETERMINED_RELAXED_FRAGILE,round2:no model witness; relaxation varies,0.5,5.773159728050814e-15,RECOVERABLE,0.0,1,False,True,UNDECIDED_GT
n3_s01854_d0,n3,205670901,3,MNAR_self,True,acyclic,True,8,"['mean', 1]",0.2533529566604172,UNDETERMINED_RELAXED_FRAGILE,round2:no model witness; relaxation varies,0.5,6.434297539215095e-13,RECOVERABLE,0.0,1,False,True,UNDECIDED_GT
n3_s01873_d0,n3,207570901,3,MNAR_self,True,acyclic,True,8,"['mean', 0]",0.1557077321692713,UNDETERMINED_RELAXED_FRAGILE,round2:no model witness; relaxation varies,0.5,2.2593038551121936e-14,RECOVERABLE,0.0,1,False,True,UNDECIDED_GT
n3_s01873_d0,n3,207570901,3,MNAR_self,True,acyclic,True,8,"['mean', 1]",0.6753072078545925,UNDETERMINED_RELAXED_FRAGILE,round2:no model witness; relaxation varies,0.5,4.551914400963142e-15,RECOVERABLE,0.0,1,False,True,UNDECIDED_GT
n3_s01899_d0,n3,210170901,3,MNAR_self,True,acyclic,True,8,"['mean', 0]",0.6611755750783503,UNDETERMINED_RELAXED_FRAGILE,round2:no model witness; relaxation varies,0.5,5.517808432387028e-14,RECOVERABLE,0.0,1,False,True,UNDECIDED_GT
n3_s01899_d0,n3,210170901,3,MNAR_self,True,acyclic,True,8,"['mean', 1]",0.1500134691850241,UNDETERMINED_RELAXED_FRAGILE,round2:no model witness; relaxation varies,0.5,5.273559366969494e-16,RECOVERABLE,0.0,1,False,True,UNDECIDED_GT
n3_s01912_d0,n3,211470901,3,MNAR_self,True,acyclic,True,8,"['mean', 0]",0.5403058471756551,UNDETERMINED_RELAXED_FRAGILE,round2:no model witness; relaxation varies,0.5,1.2989609388114332e-14,RECOVERABLE,8.881784197001252e-16,12,False,True,UNDECIDED_GT
n3_s01912_d0,n3,211470901,3,MNAR_self,True,acyclic,True,8,"['mean', 1]",0.562390174698749,UNRECOVERABLE,model_witness(rootjump) dphi=0.1969 dist=1.7e-16,0.5,0.19690168013663217,UNRECOVERABLE,0.27184283180941893,12,False,True,True
n3_s01946_d0,n3,214870901,3,MNAR_self,True,acyclic,True,8,"['mean', 0]",0.3903845090317756,UNDETERMINED_RELAXED_FRAGILE,round2:no model witness; relaxation varies,0.5,5.551115123125783e-16,RECOVERABLE,0.0,1,False,True,UNDECIDED_GT
n3_s01946_d0,n3,214870901,3,MNAR_self,True,acyclic,True,8,"['mean', 1]",0.3951849116877455,UNDETERMINED_RELAXED_FRAGILE,round2:no model witness; relaxation varies,0.5,1.6486811915683575e-14,RECOVERABLE,0.0,1,False,True,UNDECIDED_GT
n3_s01967_d0,n3,216970901,3,MNAR_self,True,acyclic,True,8,"['mean', 0]",0.7090605204685015,UNDETERMINED_RELAXED_FRAGILE,round2:no model witness; relaxation varies,0.5,3.4416913763379853e-15,RECOVERABLE,0.0,1,False,True,UNDECIDED_GT
n3_s01967_d0,n3,216970901,3,MNAR_self,True,acyclic,True,8,"['mean', 1]",0.7180699366618862,UNDETERMINED_RELAXED_FRAGILE,round2:no model witness; relaxation varies,0.5,1.887379141862766e-15,RECOVERABLE,0.0,1,False,True,UNDECIDED_GT
n3_s01987_d0,n3,218970901,3,MNAR_self,True,acyclic,True,8,"['mean', 0]",0.24698254568904376,UNDETERMINED_RELAXED_FRAGILE,round2:no model witness; relaxation varies,0.5,1.687538997430238e-14,RECOVERABLE,4.3021142204224816e-15,12,False,True,UNDECIDED_GT
n3_s01987_d0,n3,218970901,3,MNAR_self,True,acyclic,True,8,"['mean', 1]",,RECOVERABLE,formula:anchor_direct,,,RECOVERABLE,2.220446049250313e-16,12,False,True,True
n3_s02004_d0,n3,220670901,3,MNAR_self,True,acyclic,True,8,"['mean', 0]",0.20279179458066854,UNRECOVERABLE,model_witness(rootjump) dphi=0.2186 dist=1.1e-16,0.5,0.2186313671387068,UNRECOVERABLE,0.14324051672653423,12,False,True,True
n3_s02004_d0,n3,220670901,3,MNAR_self,True,acyclic,True,8,"['mean', 1]",0.6450399174907975,UNDETERMINED_RELAXED_FRAGILE,round2:no model witness; relaxation varies,0.5,5.218048215738236e-15,RECOVERABLE,1.4432899320127035e-15,12,False,True,UNDECIDED_GT
n3_s02045_d0,n3,224770901,3,MNAR_self,True,acyclic,True,8,"['mean', 0]",0.1885992482728962,UNRECOVERABLE,model_witness(rootjump) dphi=0.1349 dist=1.7e-16,0.4999999999999999,0.1349282491789171,UNRECOVERABLE,0.14264567523283017,12,False,True,True
n3_s02045_d0,n3,224770901,3,MNAR_self,True,acyclic,True,8,"['mean', 1]",0.34313855565414164,UNRECOVERABLE,model_witness(rootjump) dphi=0.0631 dist=2.2e-16,0.5,0.06312199305191113,UNRECOVERABLE,0.07274640770499885,12,False,True,True
n3_s02073_d0,n3,227570901,3,MNAR_self,True,acyclic,True,8,"['mean', 0]",,RECOVERABLE,formula:anchor_direct,,,RECOVERABLE,1.6653345369377348e-16,12,False,True,True
n3_s02073_d0,n3,227570901,3,MNAR_self,True,acyclic,True,8,"['mean', 1]",0.5049324588390629,UNRECOVERABLE,model_witness(rootjump) dphi=0.1220 dist=1.1e-16,0.5,0.12196128085709268,UNRECOVERABLE,0.13882859894727972,12,False,True,True
n3_s02094_d0,n3,229670901,3,MNAR_self,True,acyclic,True,8,"['mean', 0]",,RECOVERABLE,formula:anchor_direct,,,RECOVERABLE,0.0,1,False,True,True
n3_s02094_d0,n3,229670901,3,MNAR_self,True,acyclic,True,8,"['mean', 1]",0.5312818846039461,UNDETERMINED_RELAXED_FRAGILE,round2:no model witness; relaxation varies,0.5,3.3306690738754696e-16,RECOVERABLE,0.0,1,False,True,UNDECIDED_GT
n3_s02117_d0,n3,231970901,3,MNAR_self,True,acyclic,True,8,"['mean', 0]",0.1665108203957748,UNDETERMINED_RELAXED_FRAGILE,round2:no model witness; relaxation varies,0.5,4.5130565951012613e-14,RECOVERABLE,3.3306690738754696e-16,12,False,True,UNDECIDED_GT
n3_s02117_d0,n3,231970901,3,MNAR_self,True,acyclic,True,8,"['mean', 1]",,RECOVERABLE,formula:anchor_direct,,,RECOVERABLE,2.220446049250313e-16,12,False,True,True
n3_s02141_d0,n3,234370901,3,MNAR_self,True,acyclic,True,8,"['mean', 0]",0.7822034053292549,UNDETERMINED_RELAXED_FRAGILE,round2:no model witness; relaxation varies,0.5,2.4424906541753444e-15,RECOVERABLE,1.2212453270876722e-15,12,False,True,UNDECIDED_GT
n3_s02141_d0,n3,234370901,3,MNAR_self,True,acyclic,True,8,"['mean', 1]",0.2879743146488699,UNRECOVERABLE,model_witness(rootjump) dphi=0.2727 dist=2.2e-16,0.5,0.27271617502562173,UNRECOVERABLE,0.26814126025416385,12,False,True,True
n3_s02172_d0,n3,237470901,3,MNAR_self,True,acyclic,True,8,"['mean', 0]",0.5528841468958706,UNDETERMINED_RELAXED_FRAGILE,round2:no model witness; relaxation varies,0.5,1.5654144647214707e-14,RECOVERABLE,9.992007221626409e-16,12,False,True,UNDECIDED_GT
n3_s02172_d0,n3,237470901,3,MNAR_self,True,acyclic,True,8,"['mean', 1]",0.5244169874802592,UNRECOVERABLE,model_witness(rootjump) dphi=0.1114 dist=1.1e-16,0.5,0.1113937491198741,UNRECOVERABLE,0.15627229761452155,12,False,True,True
n3_s02210_d0,n3,241270901,3,MNAR_other,False,acyclic,True,8,"['mean', 0]",0.4795329746743955,UNDETERMINED_RELAXED_FRAGILE,round2:no model witness; relaxation varies,0.5,2.7755575615628914e-16,RECOVERABLE,0.0,1,False,True,UNDECIDED_GT
n3_s02210_d0,n3,241270901,3,MNAR_other,False,acyclic,True,8,"['mean', 1]",,RECOVERABLE,formula:anchor_direct,,,RECOVERABLE,0.0,1,False,True,True
n3_s02229_d0,n3,243170901,3,MNAR_self,True,acyclic,True,8,"['mean', 0]",0.5388364396038287,UNDETERMINED_RELAXED_FRAGILE,round2:no model witness; relaxation varies,0.49999999999999994,3.3306690738754696e-16,RECOVERABLE,0.0,1,False,True,UNDECIDED_GT
n3_s02229_d0,n3,243170901,3,MNAR_self,True,acyclic,True,8,"['mean', 1]",0.6446665792605182,UNDETERMINED_RELAXED_FRAGILE,round2:no model witness; relaxation varies,0.5,4.884981308350689e-15,RECOVERABLE,0.0,1,False,True,UNDECIDED_GT
n3_s02259_d0,n3,246170901,3,MNAR_self,True,acyclic,True,8,"['mean', 0]",0.7697043621342117,UNDETERMINED_RELAXED_FRAGILE,round2:no model witness; relaxation varies,0.5000000000000001,4.474198789239381e-14,RECOVERABLE,0.0,1,False,True,UNDECIDED_GT
n3_s02259_d0,n3,246170901,3,MNAR_self,True,acyclic,True,8,"['mean', 1]",0.31456389951325603,UNDETERMINED_RELAXED_FRAGILE,round2:no model witness; relaxation varies,0.5,3.219646771412954e-15,RECOVERABLE,0.0,1,False,True,UNDECIDED_GT
n3_s02284_d0,n3,248670901,3,MNAR_self,True,acyclic,True,8,"['mean', 0]",0.7251851779789271,UNDETERMINED_RELAXED_FRAGILE,round2:no model witness; relaxation varies,0.49999999999999994,4.773959005888173e-15,RECOVERABLE,0.0,1,False,True,UNDECIDED_GT
n3_s02284_d0,n3,248670901,3,MNAR_self,True,acyclic,True,8,"['mean', 1]",0.48172427779934435,UNDETERMINED_RELAXED_FRAGILE,round2:no model witness; relaxation varies,0.5,1.2212453270876722e-15,RECOVERABLE,0.0,1,False,True,UNDECIDED_GT
n3_s02309_d0,n3,251170901,3,MNAR_self,True,acyclic,True,8,"['mean', 0]",,RECOVERABLE,formula:anchor_direct,,,RECOVERABLE,0.0,1,False,True,True
n3_s02309_d0,n3,251170901,3,MNAR_self,True,acyclic,True,8,"['mean', 1]",,RECOVERABLE,formula:anchor_direct,,,RECOVERABLE,0.0,1,False,True,True
n3_s02333_d0,n3,253570901,3,MNAR_self,True,acyclic,True,8,"['mean', 0]",,RECOVERABLE,formula:anchor_direct,,,RECOVERABLE,2.220446049250313e-16,12,False,True,True
n3_s02333_d0,n3,253570901,3,MNAR_self,True,acyclic,True,8,"['mean', 1]",0.30696226022706147,UNRECOVERABLE,model_witness(rootjump) dphi=0.2116 dist=2.2e-16,0.5,0.21155572235207237,UNRECOVERABLE,0.2277559402363168,12,False,True,True
n3_s02366_d0,n3,256870901,3,MNAR_self,True,acyclic,True,8,"['mean', 0]",,RECOVERABLE,formula:anchor_direct,,,RECOVERABLE,0.0,1,False,True,True
n3_s02366_d0,n3,256870901,3,MNAR_self,True,acyclic,True,8,"['mean', 1]",0.4038786304050652,UNDETERMINED_RELAXED_FRAGILE,round2:no model witness; relaxation varies,0.5,1.8485213360008856e-13,RECOVERABLE,0.0,1,False,True,UNDECIDED_GT
n3_s02389_d0,n3,259170901,3,MNAR_self,True,acyclic,True,8,"['mean', 0]",0.6386366370174669,UNDETERMINED_RELAXED_FRAGILE,round2:no model witness; relaxation varies,0.5,2.4580337765200966e-13,RECOVERABLE,0.0,1,False,True,UNDECIDED_GT
n3_s02389_d0,n3,259170901,3,MNAR_self,True,acyclic,True,8,"['mean', 1]",0.5327910188714414,UNDETERMINED_RELAXED_FRAGILE,round2:no model witness; relaxation varies,0.5,2.2315482794965646e-14,RECOVERABLE,0.0,1,False,True,UNDECIDED_GT
n3_s02412_d0,n3,261470901,3,MNAR_self,True,acyclic,True,8,"['mean', 0]",0.3097488353398743,UNDETERMINED_RELAXED_FRAGILE,round2:no model witness; relaxation varies,0.5,4.107825191113079e-15,RECOVERABLE,0.0,1,False,True,UNDECIDED_GT
n3_s02412_d0,n3,261470901,3,MNAR_self,True,acyclic,True,8,"['mean', 1]",0.770033300952398,UNDETERMINED_RELAXED_FRAGILE,round2:no model witness; relaxation varies,0.5,5.551115123125783e-16,RECOVERABLE,0.0,1,False,True,UNDECIDED_GT
n3_s02438_d0,n3,264070901,3,MNAR_self,True,acyclic,True,8,"['mean', 0]",0.25524926047439656,UNDETERMINED_RELAXED_FRAGILE,round2:no model witness; relaxation varies,0.5,1.6653345369377348e-16,RECOVERABLE,0.0,1,False,True,UNDECIDED_GT
n3_s02438_d0,n3,264070901,3,MNAR_self,True,acyclic,True,8,"['mean', 1]",,RECOVERABLE,formula:anchor_direct,,,RECOVERABLE,0.0,1,False,True,True
n3_s02451_d0,n3,265370901,3,MNAR_self,True,acyclic,True,8,"['mean', 0]",0.7389792874793932,UNDETERMINED_RELAXED_FRAGILE,round2:no model witness; relaxation varies,0.5000000000000001,2.3314683517128287e-15,RECOVERABLE,0.0,1,False,True,UNDECIDED_GT
n3_s02451_d0,n3,265370901,3,MNAR_self,True,acyclic,True,8,"['mean', 1]",0.4390151258262608,UNDETERMINED_RELAXED_FRAGILE,round2:no model witness; relaxation varies,0.5,7.993605777301127e-15,RECOVERABLE,0.0,1,False,True,UNDECIDED_GT
n3_s02478_d0,n3,268070901,3,MNAR_self,True,acyclic,True,8,"['mean', 0]",0.658221930188396,UNDETERMINED_RELAXED_FRAGILE,round2:no model witness; relaxation varies,0.5,2.220446049250313e-16,RECOVERABLE,0.0,1,False,True,UNDECIDED_GT
n3_s02478_d0,n3,268070901,3,MNAR_self,True,acyclic,True,8,"['mean', 1]",0.4603743390815049,UNDETERMINED_RELAXED_FRAGILE,round2:no model witness; relaxation varies,0.5,1.6653345369377348e-16,RECOVERABLE,0.0,1,False,True,UNDECIDED_GT
n3_s02509_d0,n3,271170901,3,MNAR_self,True,acyclic,True,8,"['mean', 0]",0.2758713946015491,UNDETERMINED_RELAXED_FRAGILE,round2:no model witness; relaxation varies,0.5,1.0047518372857667e-14,RECOVERABLE,0.0,1,False,True,UNDECIDED_GT
n3_s02509_d0,n3,271170901,3,MNAR_self,True,acyclic,True,8,"['mean', 1]",0.5339509281823702,UNDETERMINED_RELAXED_FRAGILE,round2:no model witness; relaxation varies,0.5,4.440892098500626e-16,RECOVERABLE,0.0,1,False,True,UNDECIDED_GT
n3_s02528_d0,n3,273070901,3,MNAR_self,True,acyclic,True,8,"['mean', 0]",0.15778195537899747,UNRECOVERABLE,model_witness(rootjump) dphi=0.2355 dist=1.1e-16,0.5,0.2355288195083418,UNRECOVERABLE,0.20817938052317575,12,False,True,True
n3_s02528_d0,n3,273070901,3,MNAR_self,True,acyclic,True,8,"['mean', 1]",,RECOVERABLE,formula:anchor_direct,,,RECOVERABLE,1.6653345369377348e-16,12,False,True,True
n3_s02545_d0,n3,274770901,3,MNAR_self,True,acyclic,True,8,"['mean', 0]",0.8304575110932805,UNDETERMINED_RELAXED_FRAGILE,round2:no model witness; relaxation varies,0.5,3.186340080674199e-14,RECOVERABLE,0.0,1,False,True,UNDECIDED_GT
n3_s02545_d0,n3,274770901,3,MNAR_self,True,acyclic,True,8,"['mean', 1]",0.6036419966495431,UNDETERMINED_RELAXED_FRAGILE,round2:no model witness; relaxation varies,0.5,1.3322676295501878e-15,RECOVERABLE,0.0,1,False,True,UNDECIDED_GT
n3_s02568_d0,n3,277070901,3,MNAR_other,False,acyclic,True,8,"['mean', 0]",,RECOVERABLE,formula:anchor_direct,,,RECOVERABLE,0.0,1,False,True,True
n3_s02568_d0,n3,277070901,3,MNAR_other,False,acyclic,True,8,"['mean', 1]",0.6369237212577669,UNDETERMINED_RELAXED_FRAGILE,round2:no model witness; relaxation varies,0.5,1.4432899320127035e-15,RECOVERABLE,0.0,1,False,True,UNDECIDED_GT
n3_s02587_d0,n3,278970901,3,MNAR_self,True,acyclic,True,8,"['mean', 0]",,RECOVERABLE,formula:anchor_direct,,,RECOVERABLE,0.0,1,False,True,True
n3_s02587_d0,n3,278970901,3,MNAR_self,True,acyclic,True,8,"['mean', 1]",0.673322154512594,UNDETERMINED_RELAXED_FRAGILE,round2:no model witness; relaxation varies,0.5,5.4067861299245124e-14,RECOVERABLE,0.0,1,False,True,UNDECIDED_GT
n3_s02614_d0,n3,281670901,3,MNAR_self,True,acyclic,True,8,"['mean', 0]",,RECOVERABLE,formula:anchor_direct,,,RECOVERABLE,0.0,1,False,True,True
n3_s02614_d0,n3,281670901,3,MNAR_self,True,acyclic,True,8,"['mean', 1]",0.8139764838520112,UNDETERMINED_RELAXED_FRAGILE,round2:no model witness; relaxation varies,0.5,1.2645440250480533e-13,RECOVERABLE,0.0,1,False,True,UNDECIDED_GT
n3_s02634_d0,n3,283670901,3,MNAR_self,True,acyclic,True,8,"['mean', 0]",0.526226204508028,UNDETERMINED_RELAXED_FRAGILE,round2:no model witness; relaxation varies,0.5,7.216449660063518e-15,RECOVERABLE,0.0,1,False,True,UNDECIDED_GT
n3_s02634_d0,n3,283670901,3,MNAR_self,True,acyclic,True,8,"['mean', 1]",0.6432177257505393,UNDETERMINED_RELAXED_FRAGILE,round2:no model witness; relaxation varies,0.5,1.887379141862766e-15,RECOVERABLE,0.0,1,False,True,UNDECIDED_GT
n3_s02672_d0,n3,287470901,3,MNAR_self,True,acyclic,True,8,"['mean', 0]",0.20503162629533023,UNDETERMINED_RELAXED_FRAGILE,round2:no model witness; relaxation varies,0.49999999999999994,2.220446049250313e-16,RECOVERABLE,0.0,1,False,True,UNDECIDED_GT
n3_s02672_d0,n3,287470901,3,MNAR_self,True,acyclic,True,8,"['mean', 1]",0.2702505727110025,UNDETERMINED_RELAXED_FRAGILE,round2:no model witness; relaxation varies,0.5,1.3877787807814457e-15,RECOVERABLE,0.0,1,False,True,UNDECIDED_GT
n3_s02707_d0,n3,290970901,3,MNAR_self,True,acyclic,True,8,"['mean', 0]",0.8127579665480519,UNDETERMINED_RELAXED_FRAGILE,round2:no model witness; relaxation varies,0.5,8.881784197001252e-16,RECOVERABLE,0.0,1,False,True,UNDECIDED_GT
n3_s02707_d0,n3,290970901,3,MNAR_self,True,acyclic,True,8,"['mean', 1]",0.41330171290955875,UNDETERMINED_RELAXED_FRAGILE,round2:no model witness; relaxation varies,0.5,8.326672684688674e-15,RECOVERABLE,0.0,1,False,True,UNDECIDED_GT
n3_s02726_d0,n3,292870901,3,MNAR_self,True,acyclic,True,8,"['mean', 0]",0.5190626148661126,UNDETERMINED_RELAXED_FRAGILE,round2:no model witness; relaxation varies,0.5,5.551115123125783e-16,RECOVERABLE,0.0,1,False,True,UNDECIDED_GT
n3_s02726_d0,n3,292870901,3,MNAR_self,True,acyclic,True,8,"['mean', 1]",0.751500745361656,UNDETERMINED_RELAXED_FRAGILE,round2:no model witness; relaxation varies,0.5,6.661338147750939e-16,RECOVERABLE,0.0,1,False,True,UNDECIDED_GT
n3_s02750_d0,n3,295270901,3,MNAR_self,True,acyclic,True,8,"['mean', 0]",0.24490943928694392,UNDETERMINED_RELAXED_FRAGILE,round2:no model witness; relaxation varies,0.5,2.3675506000131463e-14,RECOVERABLE,0.0,1,False,True,UNDECIDED_GT
n3_s02750_d0,n3,295270901,3,MNAR_self,True,acyclic,True,8,"['mean', 1]",0.5717859680606899,UNDETERMINED_RELAXED_FRAGILE,round2:no model witness; relaxation varies,0.5,9.992007221626409e-16,RECOVERABLE,0.0,1,False,True,UNDECIDED_GT
n3_s02774_d0,n3,297670901,3,MNAR_self,True,acyclic,True,8,"['mean', 0]",0.4403249495745888,UNDETERMINED_RELAXED_FRAGILE,round2:no model witness; relaxation varies,0.5,2.3037127760971998e-14,RECOVERABLE,0.0,1,False,True,UNDECIDED_GT
n3_s02774_d0,n3,297670901,3,MNAR_self,True,acyclic,True,8,"['mean', 1]",0.31183761418886824,UNDETERMINED_RELAXED_FRAGILE,round2:no model witness; relaxation varies,0.5,5.329070518200751e-15,RECOVERABLE,0.0,1,False,True,UNDECIDED_GT
n3_s02791_d0,n3,299370901,3,MNAR_self,True,acyclic,True,8,"['mean', 0]",0.7880247231377286,UNDETERMINED_RELAXED_FRAGILE,round2:no model witness; relaxation varies,0.5,4.440892098500626e-16,RECOVERABLE,0.0,1,False,True,UNDECIDED_GT
n3_s02791_d0,n3,299370901,3,MNAR_self,True,acyclic,True,8,"['mean', 1]",0.40108214917206586,UNDETERMINED_RELAXED_FRAGILE,round2:no model witness; relaxation varies,0.5,6.661338147750939e-16,RECOVERABLE,0.0,1,False,True,UNDECIDED_GT
n3_s02810_d0,n3,301270901,3,MNAR_self,True,acyclic,True,8,"['mean', 0]",0.18914340678284045,UNDETERMINED_RELAXED_FRAGILE,round2:no model witness; relaxation varies,0.49999999999999994,3.552713678800501e-15,RECOVERABLE,0.0,1,False,True,UNDECIDED_GT
n3_s02810_d0,n3,301270901,3,MNAR_self,True,acyclic,True,8,"['mean', 1]",0.5503080129805457,UNDETERMINED_RELAXED_FRAGILE,round2:no model witness; relaxation varies,0.5,6.783462680459706e-14,RECOVERABLE,0.0,1,False,True,UNDECIDED_GT
n3_s02833_d0,n3,303570901,3,MNAR_self,True,acyclic,True,8,"['mean', 0]",0.6046768418463853,UNDETERMINED_RELAXED_FRAGILE,round2:no model witness; relaxation varies,0.5,4.440892098500626e-16,RECOVERABLE,0.0,1,False,True,UNDECIDED_GT
n3_s02833_d0,n3,303570901,3,MNAR_self,True,acyclic,True,8,"['mean', 1]",0.6364075507245806,UNDETERMINED_RELAXED_FRAGILE,round2:no model witness; relaxation varies,0.5,7.438494264988549e-15,RECOVERABLE,0.0,1,False,True,UNDECIDED_GT
n3_s02866_d0,n3,306870901,3,MNAR_self,True,acyclic,True,8,"['mean', 0]",0.8458921042529464,UNDETERMINED_RELAXED_FRAGILE,round2:no model witness; relaxation varies,0.5,3.6637359812630166e-15,RECOVERABLE,0.0,1,False,True,UNDECIDED_GT
n3_s02866_d0,n3,306870901,3,MNAR_self,True,acyclic,True,8,"['mean', 1]",0.5093847551704281,UNDETERMINED_RELAXED_FRAGILE,round2:no model witness; relaxation varies,0.5,2.7644553313166398e-14,RECOVERABLE,0.0,1,False,True,UNDECIDED_GT
n3_s02882_d0,n3,308470901,3,MNAR_self,True,acyclic,True,8,"['mean', 0]",0.7583331391094369,UNDETERMINED_RELAXED_FRAGILE,round2:no model witness; relaxation varies,0.5,2.220446049250313e-15,RECOVERABLE,0.0,1,False,True,UNDECIDED_GT
n3_s02882_d0,n3,308470901,3,MNAR_self,True,acyclic,True,8,"['mean', 1]",,RECOVERABLE,formula:anchor_direct,,,RECOVERABLE,0.0,1,False,True,True
n3_s02896_d0,n3,309870901,3,MNAR_self,True,acyclic,True,8,"['mean', 0]",0.6849775262231741,UNDETERMINED_RELAXED_FRAGILE,round2:no model witness; relaxation varies,0.5,3.552713678800501e-15,RECOVERABLE,0.0,1,False,True,UNDECIDED_GT
n3_s02896_d0,n3,309870901,3,MNAR_self,True,acyclic,True,8,"['mean', 1]",0.6928487756004718,UNDETERMINED_RELAXED_FRAGILE,round2:no model witness; relaxation varies,0.5,1.5543122344752192e-15,RECOVERABLE,0.0,1,False,True,UNDECIDED_GT
n3_s02924_d0,n3,312670901,3,MNAR_self,True,acyclic,True,8,"['mean', 0]",0.32832852957126923,UNDETERMINED_RELAXED_FRAGILE,round2:no model witness; relaxation varies,0.5,1.887379141862766e-15,RECOVERABLE,0.0,1,False,True,UNDECIDED_GT
n3_s02924_d0,n3,312670901,3,MNAR_self,True,acyclic,True,8,"['mean', 1]",0.6561815535491747,UNDETERMINED_RELAXED_FRAGILE,round2:no model witness; relaxation varies,0.5,5.551115123125783e-16,RECOVERABLE,0.0,1,False,True,UNDECIDED_GT
n3_s02960_d0,n3,316270901,3,MNAR_self,True,acyclic,True,8,"['mean', 0]",0.4706188461453491,UNDETERMINED_RELAXED_FRAGILE,round2:no model witness; relaxation varies,0.49999999999999994,1.2212453270876722e-15,RECOVERABLE,0.0,1,False,True,UNDECIDED_GT
n3_s02960_d0,n3,316270901,3,MNAR_self,True,acyclic,True,8,"['mean', 1]",0.5338672400705706,UNDETERMINED_RELAXED_FRAGILE,round2:no model witness; relaxation varies,0.5,1.6653345369377348e-15,RECOVERABLE,0.0,1,False,True,UNDECIDED_GT
n3_s02980_d0,n3,318270901,3,MNAR_self,True,acyclic,True,8,"['mean', 0]",0.2912287215349284,UNDETERMINED_RELAXED_FRAGILE,round2:no model witness; relaxation varies,0.5,5.551115123125783e-16,RECOVERABLE,0.0,1,False,True,UNDECIDED_GT
n3_s02980_d0,n3,318270901,3,MNAR_self,True,acyclic,True,8,"['mean', 1]",0.5920671700184644,UNDETERMINED_RELAXED_FRAGILE,round2:no model witness; relaxation varies,0.5,2.220446049250313e-16,RECOVERABLE,0.0,1,False,True,UNDECIDED_GT
n3_s03005_d0,n3,320770901,3,MNAR_self,True,acyclic,True,8,"['mean', 0]",0.7980636284046709,UNDETERMINED_RELAXED_FRAGILE,round2:no model witness; relaxation varies,0.5,9.525713551283843e-14,RECOVERABLE,0.0,1,False,True,UNDECIDED_GT
n3_s03005_d0,n3,320770901,3,MNAR_self,True,acyclic,True,8,"['mean', 1]",0.44267552020260614,UNDETERMINED_RELAXED_FRAGILE,round2:no model witness; relaxation varies,0.5,1.45328193923433e-13,RECOVERABLE,0.0,1,False,True,UNDECIDED_GT
n3_s03026_d0,n3,322870901,3,MNAR_self,True,acyclic,True,8,"['mean', 0]",0.48335100403688835,UNRECOVERABLE,model_witness(rootjump) dphi=0.1209 dist=1.1e-16,0.49999999999999994,0.12085517642046284,UNRECOVERABLE,0.14571775862022618,12,False,True,True
n3_s03026_d0,n3,322870901,3,MNAR_self,True,acyclic,True,8,"['mean', 1]",0.4993784355310999,UNDETERMINED_RELAXED_FRAGILE,round2:no model witness; relaxation varies,0.5,5.551115123125783e-16,RECOVERABLE,5.551115123125783e-16,12,False,True,UNDECIDED_GT
n3_s03061_d0,n3,326370901,3,MNAR_self,True,acyclic,True,8,"['mean', 0]",0.4202053100542724,UNDETERMINED_RELAXED_FRAGILE,round2:no model witness; relaxation varies,0.5,4.36206626375224e-13,RECOVERABLE,0.0,1,False,True,UNDECIDED_GT
n3_s03061_d0,n3,326370901,3,MNAR_self,True,acyclic,True,8,"['mean', 1]",0.4208461459453814,UNDETERMINED_RELAXED_FRAGILE,round2:no model witness; relaxation varies,0.5,2.220446049250313e-15,RECOVERABLE,0.0,1,False,True,UNDECIDED_GT
n3_s03087_d0,n3,328970901,3,MNAR_self,True,acyclic,True,8,"['mean', 0]",,RECOVERABLE,formula:anchor_direct,,,RECOVERABLE,1.1102230246251565e-16,12,False,True,True
n3_s03087_d0,n3,328970901,3,MNAR_self,True,acyclic,True,8,"['mean', 1]",0.8201686783983548,UNDETERMINED_RELAXED_FRAGILE,round2:no model witness; relaxation varies,0.5,4.440892098500626e-16,RECOVERABLE,2.220446049250313e-16,12,False,True,UNDECIDED_GT
n3_s03108_d0,n3,331070901,3,MNAR_self,True,acyclic,True,8,"['mean', 0]",,RECOVERABLE,formula:anchor_direct,,,RECOVERABLE,0.0,1,False,True,True
n3_s03108_d0,n3,331070901,3,MNAR_self,True,acyclic,True,8,"['mean', 1]",0.676144052810048,UNDETERMINED_RELAXED_FRAGILE,round2:no model witness; relaxation varies,0.5,1.2212453270876722e-15,RECOVERABLE,0.0,1,False,True,UNDECIDED_GT
n3_s03140_d0,n3,334270901,3,MNAR_self,True,acyclic,True,8,"['mean', 0]",0.5800768595805181,UNDETERMINED_RELAXED_FRAGILE,round2:no model witness; relaxation varies,0.5,5.213607323639735e-13,RECOVERABLE,0.0,1,False,True,UNDECIDED_GT
n3_s03140_d0,n3,334270901,3,MNAR_self,True,acyclic,True,8,"['mean', 1]",,RECOVERABLE,formula:anchor_direct,,,RECOVERABLE,0.0,1,False,True,True
n3_s03156_d0,n3,335870901,3,MNAR_self,True,acyclic,True,8,"['mean', 0]",0.5671281698353693,UNDETERMINED_RELAXED_FRAGILE,round2:no model witness; relaxation varies,0.5000000000000001,3.885780586188048e-15,RECOVERABLE,0.0,1,False,True,UNDECIDED_GT
n3_s03156_d0,n3,335870901,3,MNAR_self,True,acyclic,True,8,"['mean', 1]",0.5476413142312684,UNDETERMINED_RELAXED_FRAGILE,round2:no model witness; relaxation varies,0.5,6.106226635438361e-15,RECOVERABLE,0.0,1,False,True,UNDECIDED_GT
n3_s03176_d0,n3,337870901,3,MNAR_self,True,acyclic,True,8,"['mean', 0]",0.7710737094631634,UNDETERMINED_RELAXED_FRAGILE,round2:no model witness; relaxation varies,0.5,4.440892098500626e-15,RECOVERABLE,0.0,1,False,True,UNDECIDED_GT
n3_s03176_d0,n3,337870901,3,MNAR_self,True,acyclic,True,8,"['mean', 1]",0.24496574123272785,UNDETERMINED_RELAXED_FRAGILE,round2:no model witness; relaxation varies,0.5,9.992007221626409e-16,RECOVERABLE,0.0,1,False,True,UNDECIDED_GT
n3_s03191_d0,n3,339370901,3,MNAR_self,True,acyclic,True,8,"['mean', 0]",0.6203673633746404,UNDETERMINED_RELAXED_FRAGILE,round2:no model witness; relaxation varies,0.5,3.885780586188048e-15,RECOVERABLE,0.0,1,False,True,UNDECIDED_GT
n3_s03191_d0,n3,339370901,3,MNAR_self,True,acyclic,True,8,"['mean', 1]",0.631774805436636,UNDETERMINED_RELAXED_FRAGILE,round2:no model witness; relaxation varies,0.5,6.117328865684613e-14,RECOVERABLE,0.0,1,False,True,UNDECIDED_GT
n3_s03217_d0,n3,341970901,3,MNAR_self,True,acyclic,True,8,"['mean', 0]",0.7224491403997764,UNDETERMINED_RELAXED_FRAGILE,round2:no model witness; relaxation varies,0.5,2.220446049250313e-16,RECOVERABLE,0.0,1,False,True,UNDECIDED_GT
n3_s03217_d0,n3,341970901,3,MNAR_self,True,acyclic,True,8,"['mean', 1]",0.6862717004661616,UNDETERMINED_RELAXED_FRAGILE,round2:no model witness; relaxation varies,0.5,1.3322676295501878e-15,RECOVERABLE,0.0,1,False,True,UNDECIDED_GT
n3_s03234_d0,n3,343670901,3,MNAR_other,False,acyclic,True,8,"['mean', 0]",0.29413889209773114,UNDETERMINED_RELAXED_FRAGILE,round2:no model witness; relaxation varies,0.4999999999999999,9.992007221626409e-16,RECOVERABLE,0.0,1,False,True,UNDECIDED_GT
n3_s03234_d0,n3,343670901,3,MNAR_other,False,acyclic,True,8,"['mean', 1]",0.47066315331531317,UNDETERMINED_RELAXED_FRAGILE,round2:no model witness; relaxation varies,0.5,1.2212453270876722e-15,RECOVERABLE,0.0,1,False,True,UNDECIDED_GT
n3_s03259_d0,n3,346170901,3,MNAR_self,True,acyclic,True,8,"['mean', 0]",0.2426965387812851,UNDETERMINED_RELAXED_FRAGILE,round2:no model witness; relaxation varies,0.5,1.6653345369377348e-16,RECOVERABLE,0.0,1,False,True,UNDECIDED_GT
n3_s03259_d0,n3,346170901,3,MNAR_self,True,acyclic,True,8,"['mean', 1]",0.3772167101529781,UNDETERMINED_RELAXED_FRAGILE,round2:no model witness; relaxation varies,0.5,1.226796442210798e-14,RECOVERABLE,0.0,1,False,True,UNDECIDED_GT
n3_s03281_d0,n3,348370901,3,MNAR_self,True,acyclic,True,8,"['mean', 0]",0.16344167551535094,UNDETERMINED_RELAXED_FRAGILE,round2:no model witness; relaxation varies,0.49999999999999994,2.2287727219350018e-14,RECOVERABLE,0.0,1,False,True,UNDECIDED_GT
n3_s03281_d0,n3,348370901,3,MNAR_self,True,acyclic,True,8,"['mean', 1]",0.2861660382182761,UNDETERMINED_RELAXED_FRAGILE,round2:no model witness; relaxation varies,0.5,2.0816681711721685e-14,RECOVERABLE,0.0,1,False,True,UNDECIDED_GT
n3_s03307_d0,n3,350970901,3,MNAR_self,True,acyclic,True,8,"['mean', 0]",0.5191334394900772,UNDETERMINED_RELAXED_FRAGILE,round2:no model witness; relaxation varies,0.5,1.2989609388114332e-14,RECOVERABLE,0.0,1,False,True,UNDECIDED_GT
n3_s03307_d0,n3,350970901,3,MNAR_self,True,acyclic,True,8,"['mean', 1]",0.6800261770627388,UNDETERMINED_RELAXED_FRAGILE,round2:no model witness; relaxation varies,0.5,2.4424906541753444e-15,RECOVERABLE,0.0,1,False,True,UNDECIDED_GT
n3_s03328_d0,n3,353070901,3,MNAR_other,False,acyclic,True,8,"['mean', 0]",0.2922073432780916,UNDETERMINED_RELAXED_FRAGILE,round2:no model witness; relaxation varies,0.5,1.4432899320127035e-15,RECOVERABLE,0.0,1,False,True,UNDECIDED_GT
n3_s03328_d0,n3,353070901,3,MNAR_other,False,acyclic,True,8,"['mean', 1]",,RECOVERABLE,formula:anchor_direct,,,RECOVERABLE,0.0,1,False,True,True
n3_s03355_d0,n3,355770901,3,MNAR_self,True,acyclic,True,8,"['mean', 0]",0.5606529946663346,UNDETERMINED_RELAXED_FRAGILE,round2:no model witness; relaxation varies,0.5,9.992007221626409e-16,RECOVERABLE,0.0,1,False,True,UNDECIDED_GT
n3_s03355_d0,n3,355770901,3,MNAR_self,True,acyclic,True,8,"['mean', 1]",0.3584944857159277,UNDETERMINED_RELAXED_FRAGILE,round2:no model witness; relaxation varies,0.5,8.659739592076221e-15,RECOVERABLE,0.0,1,False,True,UNDECIDED_GT
n3_s03372_d0,n3,357470901,3,MNAR_self,True,acyclic,True,8,"['mean', 0]",0.7735807222502771,UNDETERMINED_RELAXED_FRAGILE,round2:no model witness; relaxation varies,0.5,1.5543122344752192e-15,RECOVERABLE,0.0,1,False,True,UNDECIDED_GT
n3_s03372_d0,n3,357470901,3,MNAR_self,True,acyclic,True,8,"['mean', 1]",0.4538752589268795,UNDETERMINED_RELAXED_FRAGILE,round2:no model witness; relaxation varies,0.5,2.0539125955565396e-15,RECOVERABLE,0.0,1,False,True,UNDECIDED_GT
n3_s03396_d0,n3,359870901,3,MNAR_self,True,acyclic,True,8,"['mean', 0]",0.43907823443624366,UNDETERMINED_RELAXED_FRAGILE,round2:no model witness; relaxation varies,0.5,7.849276784099857e-14,RECOVERABLE,0.0,1,False,True,UNDECIDED_GT
n3_s03396_d0,n3,359870901,3,MNAR_self,True,acyclic,True,8,"['mean', 1]",,RECOVERABLE,formula:anchor_direct,,,RECOVERABLE,0.0,1,False,True,True
n3_s03411_d0,n3,361370901,3,MNAR_self,True,acyclic,True,8,"['mean', 0]",0.4624858836036139,UNDETERMINED_RELAXED_FRAGILE,round2:no model witness; relaxation varies,0.5,6.328271240363392e-15,RECOVERABLE,0.0,1,False,True,UNDECIDED_GT
n3_s03411_d0,n3,361370901,3,MNAR_self,True,acyclic,True,8,"['mean', 1]",0.3117873394069748,UNDETERMINED_RELAXED_FRAGILE,round2:no model witness; relaxation varies,0.5,9.658940314238862e-15,RECOVERABLE,0.0,1,False,True,UNDECIDED_GT
n3_s03435_d0,n3,363770901,3,MNAR_self,True,acyclic,True,8,"['mean', 0]",0.3918745412482501,UNDETERMINED_RELAXED_FRAGILE,round2:no model witness; relaxation varies,0.5,5.662137425588298e-15,RECOVERABLE,0.0,1,False,True,UNDECIDED_GT
n3_s03435_d0,n3,363770901,3,MNAR_self,True,acyclic,True,8,"['mean', 1]",0.1556729275692832,UNDETERMINED_RELAXED_FRAGILE,round2:no model witness; relaxation varies,0.5,8.326672684688674e-16,RECOVERABLE,0.0,1,False,True,UNDECIDED_GT
n3_s03449_d0,n3,365170901,3,MNAR_self,True,acyclic,True,8,"['mean', 0]",0.45688250927640417,UNDETERMINED_RELAXED_FRAGILE,round2:no model witness; relaxation varies,0.5,5.051514762044462e-15,RECOVERABLE,2.7755575615628914e-16,12,False,True,UNDECIDED_GT
n3_s03449_d0,n3,365170901,3,MNAR_self,True,acyclic,True,8,"['mean', 1]",0.6067854719368033,UNRECOVERABLE,model_witness(rootjump) dphi=0.0973 dist=5.6e-17,0.5,0.09733881520389243,UNRECOVERABLE,0.20261152593357806,12,False,True,True
n3_s03470_d0,n3,367270901,3,MNAR_self,True,acyclic,True,8,"['mean', 0]",0.17336473420828025,UNDETERMINED_RELAXED_FRAGILE,round2:no model witness; relaxation varies,0.5,1.942890293094024e-16,RECOVERABLE,0.0,1,False,True,UNDECIDED_GT
n3_s03470_d0,n3,367270901,3,MNAR_self,True,acyclic,True,8,"['mean', 1]",0.7246423142508145,UNDETERMINED_RELAXED_FRAGILE,round2:no model witness; relaxation varies,0.5,7.771561172376096e-16,RECOVERABLE,0.0,1,False,True,UNDECIDED_GT
n3_s03494_d0,n3,369670901,3,MNAR_self,True,acyclic,True,8,"['mean', 0]",0.4426925641312226,UNDETERMINED_RELAXED_FRAGILE,round2:no model witness; relaxation varies,0.5,3.3306690738754696e-16,RECOVERABLE,0.0,1,False,True,UNDECIDED_GT
n3_s03494_d0,n3,369670901,3,MNAR_self,True,acyclic,True,8,"['mean', 1]",0.5524275123210469,UNDETERMINED_RELAXED_FRAGILE,round2:no model witness; relaxation varies,0.5,1.1102230246251565e-15,RECOVERABLE,0.0,1,False,True,UNDECIDED_GT
n3_s03517_d0,n3,371970901,3,MNAR_self,True,acyclic,True,8,"['mean', 0]",0.3522124079834625,UNDETERMINED_RELAXED_FRAGILE,round2:no model witness; relaxation varies,0.5,6.6058269965196814e-15,RECOVERABLE,0.0,1,False,True,UNDECIDED_GT
n3_s03517_d0,n3,371970901,3,MNAR_self,True,acyclic,True,8,"['mean', 1]",0.23267260069104412,UNDETERMINED_RELAXED_FRAGILE,round2:no model witness; relaxation varies,0.5,5.35682609381638e-15,RECOVERABLE,0.0,1,False,True,UNDECIDED_GT
n3_s03529_d0,n3,373170901,3,MNAR_self,True,acyclic,True,8,"['mean', 0]",0.4193442801573155,UNDETERMINED_RELAXED_FRAGILE,round2:no model witness; relaxation varies,0.5,1.5687451337953462e-13,RECOVERABLE,0.0,1,False,True,UNDECIDED_GT
n3_s03529_d0,n3,373170901,3,MNAR_self,True,acyclic,True,8,"['mean', 1]",0.7175944404398225,UNDETERMINED_RELAXED_FRAGILE,round2:no model witness; relaxation varies,0.5,9.103828801926284e-15,RECOVERABLE,0.0,1,False,True,UNDECIDED_GT
n3_s03543_d0,n3,374570901,3,MNAR_self,True,acyclic,True,8,"['mean', 0]",0.8367876970338516,UNRECOVERABLE,model_witness(rootjump) dphi=0.3812 dist=2.2e-16,0.5,0.3811992255385076,UNRECOVERABLE,0.2964243987539351,12,False,True,True
n3_s03543_d0,n3,374570901,3,MNAR_self,True,acyclic,True,8,"['mean', 1]",0.8403176125442023,UNDETERMINED_RELAXED_FRAGILE,round2:no model witness; relaxation varies,0.5,3.4416913763379853e-15,RECOVERABLE,2.220446049250313e-16,12,False,True,UNDECIDED_GT
n3_s03570_d0,n3,377270901,3,MNAR_self,True,acyclic,True,8,"['mean', 0]",0.5208948869668403,UNRECOVERABLE,model_witness(rootjump) dphi=0.1235 dist=2.2e-16,0.5,0.12350435339170551,UNRECOVERABLE,0.17913353914027064,12,False,True,True
n3_s03570_d0,n3,377270901,3,MNAR_self,True,acyclic,True,8,"['mean', 1]",0.4462972794007912,UNDETERMINED_RELAXED_FRAGILE,round2:no model witness; relaxation varies,0.5,5.551115123125783e-16,RECOVERABLE,1.0547118733938987e-15,12,False,True,UNDECIDED_GT
n3_s03594_d0,n3,379670901,3,MNAR_other,False,acyclic,True,8,"['mean', 0]",,RECOVERABLE,formula:anchor_direct,,,RECOVERABLE,0.0,1,False,True,True
n3_s03594_d0,n3,379670901,3,MNAR_other,False,acyclic,True,8,"['mean', 1]",0.4998102954709064,UNDETERMINED_RELAXED_FRAGILE,round2:no model witness; relaxation varies,0.5,8.881784197001252e-16,RECOVERABLE,0.0,1,False,True,UNDECIDED_GT
n3_s03614_d0,n3,381670901,3,MNAR_self,True,acyclic,True,8,"['mean', 0]",,RECOVERABLE,formula:anchor_direct,,,RECOVERABLE,0.0,1,False,True,True
n3_s03614_d0,n3,381670901,3,MNAR_self,True,acyclic,True,8,"['mean', 1]",0.31786499883744146,UNDETERMINED_RELAXED_FRAGILE,round2:no model witness; relaxation varies,0.5,4.664602037962595e-13,RECOVERABLE,0.0,1,False,True,UNDECIDED_GT
n3_s03645_d0,n3,384770901,3,MNAR_self,True,acyclic,True,8,"['mean', 0]",,RECOVERABLE,formula:anchor_direct,,,RECOVERABLE,1.1102230246251565e-16,12,False,True,True
n3_s03645_d0,n3,384770901,3,MNAR_self,True,acyclic,True,8,"['mean', 1]",0.28598670340684607,UNRECOVERABLE,model_witness(rootjump) dphi=0.2422 dist=1.7e-16,0.5,0.24217423426173867,UNRECOVERABLE,0.2533319358595818,12,False,True,True
n3_s03674_d0,n3,387670901,3,MNAR_self,True,acyclic,True,8,"['mean', 0]",0.8320047433069372,UNDETERMINED_RELAXED_FRAGILE,round2:no model witness; relaxation varies,0.5,1.887379141862766e-15,RECOVERABLE,0.0,1,False,True,UNDECIDED_GT
n3_s03674_d0,n3,387670901,3,MNAR_self,True,acyclic,True,8,"['mean', 1]",0.47712035168738787,UNDETERMINED_RELAXED_FRAGILE,round2:no model witness; relaxation varies,0.5,4.884981308350689e-15,RECOVERABLE,0.0,1,False,True,UNDECIDED_GT
n3_s03699_d0,n3,390170901,3,MNAR_self,True,acyclic,True,8,"['mean', 0]",0.2584426678361723,UNDETERMINED_RELAXED_FRAGILE,round2:no model witness; relaxation varies,0.5000000000000001,4.440892098500626e-16,RECOVERABLE,0.0,1,False,True,UNDECIDED_GT
n3_s03699_d0,n3,390170901,3,MNAR_self,True,acyclic,True,8,"['mean', 1]",0.34934214208155334,UNDETERMINED_RELAXED_FRAGILE,round2:no model witness; relaxation varies,0.5,6.894484982922222e-14,RECOVERABLE,0.0,1,False,True,UNDECIDED_GT
n3_s03723_d0,n3,392570901,3,MNAR_other,False,acyclic,True,8,"['mean', 0]",0.7495667988502448,UNDETERMINED_RELAXED_FRAGILE,round2:no model witness; relaxation varies,0.5,1.4432899320127035e-15,RECOVERABLE,0.0,1,False,True,UNDECIDED_GT
n3_s03723_d0,n3,392570901,3,MNAR_other,False,acyclic,True,8,"['mean', 1]",0.4200088845815754,UNDETERMINED_RELAXED_FRAGILE,round2:no model witness; relaxation varies,0.5,2.4980018054066022e-15,RECOVERABLE,0.0,1,False,True,UNDECIDED_GT
n3_s03737_d0,n3,393970901,3,MNAR_self,True,acyclic,True,8,"['mean', 0]",0.2973359557832307,UNDETERMINED_RELAXED_FRAGILE,round2:no model witness; relaxation varies,0.5,4.9404924595819466e-15,RECOVERABLE,0.0,1,False,True,UNDECIDED_GT
n3_s03737_d0,n3,393970901,3,MNAR_self,True,acyclic,True,8,"['mean', 1]",0.5642553325472812,UNDETERMINED_RELAXED_FRAGILE,round2:no model witness; relaxation varies,0.5,3.5638159090467525e-14,RECOVERABLE,0.0,1,False,True,UNDECIDED_GT
n3_s03766_d0,n3,396870901,3,MNAR_self,True,acyclic,True,8,"['mean', 0]",0.335314919080928,UNDETERMINED_RELAXED_FRAGILE,round2:no model witness; relaxation varies,0.5000000000000001,1.27675647831893e-15,RECOVERABLE,0.0,1,False,True,UNDECIDED_GT
n3_s03766_d0,n3,396870901,3,MNAR_self,True,acyclic,True,8,"['mean', 1]",0.6564937347012609,UNDETERMINED_RELAXED_FRAGILE,round2:no model witness; relaxation varies,0.5,4.6407322429331543e-14,RECOVERABLE,0.0,1,False,True,UNDECIDED_GT
n3_s03781_d0,n3,398370901,3,MNAR_self,True,acyclic,True,8,"['mean', 0]",0.5946549905826132,UNDETERMINED_RELAXED_FRAGILE,round2:no model witness; relaxation varies,0.5,4.2599257454867256e-13,RECOVERABLE,0.0,1,False,True,UNDECIDED_GT
n3_s03781_d0,n3,398370901,3,MNAR_self,True,acyclic,True,8,"['mean', 1]",,RECOVERABLE,formula:anchor_direct,,,RECOVERABLE,0.0,1,False,True,True
n3_s03814_d0,n3,401670901,3,MNAR_self,True,acyclic,True,8,"['mean', 0]",0.27985671093277287,UNDETERMINED_RELAXED_FRAGILE,round2:no model witness; relaxation varies,0.5,1.4155343563970746e-14,RECOVERABLE,0.0,1,False,True,UNDECIDED_GT
n3_s03814_d0,n3,401670901,3,MNAR_self,True,acyclic,True,8,"['mean', 1]",0.16945758151802873,UNDETERMINED_RELAXED_FRAGILE,round2:no model witness; relaxation varies,0.5,5.551115123125783e-16,RECOVERABLE,0.0,1,False,True,UNDECIDED_GT
n3_s03832_d0,n3,403470901,3,MNAR_self,True,acyclic,True,8,"['mean', 0]",0.8292642180930658,UNRECOVERABLE,model_witness(rootjump) dphi=0.0065 dist=1.7e-16,0.5,0.006468859863524523,UNRECOVERABLE,0.0077758067739628345,12,False,True,True
n3_s03832_d0,n3,403470901,3,MNAR_self,True,acyclic,True,8,"['mean', 1]",0.5078965414550065,UNRECOVERABLE,model_witness(rootjump) dphi=0.2202 dist=1.7e-16,0.5,0.22020279354604078,UNRECOVERABLE,0.26469183284615017,12,False,True,True
n3_s03849_d0,n3,405170901,3,MNAR_other,False,acyclic,True,8,"['mean', 0]",0.31375816101902265,UNDETERMINED_RELAXED_FRAGILE,round2:no model witness; relaxation varies,0.5,4.996003610813204e-16,RECOVERABLE,0.0,1,False,True,UNDECIDED_GT
n3_s03849_d0,n3,405170901,3,MNAR_other,False,acyclic,True,8,"['mean', 1]",0.4117532183410955,UNDETERMINED_RELAXED_FRAGILE,round2:no model witness; relaxation varies,0.5,2.275957200481571e-15,RECOVERABLE,0.0,1,False,True,UNDECIDED_GT
n3_s03873_d0,n3,407570901,3,MNAR_other,False,acyclic,True,8,"['mean', 0]",0.4819120646205558,UNDETERMINED_RELAXED_FRAGILE,round2:no model witness; relaxation varies,0.5,6.661338147750939e-16,RECOVERABLE,0.0,1,False,True,UNDECIDED_GT
n3_s03873_d0,n3,407570901,3,MNAR_other,False,acyclic,True,8,"['mean', 1]",0.19568794837388365,UNDETERMINED_RELAXED_FRAGILE,round2:no model witness; relaxation varies,0.5,1.4432899320127035e-15,RECOVERABLE,0.0,1,False,True,UNDECIDED_GT
n3_s03900_d0,n3,410270901,3,MNAR_self,True,acyclic,True,8,"['mean', 0]",0.3007588223782719,UNDETERMINED_RELAXED_FRAGILE,round2:no model witness; relaxation varies,0.5,1.6653345369377348e-16,RECOVERABLE,1.6653345369377348e-16,12,False,True,UNDECIDED_GT
n3_s03900_d0,n3,410270901,3,MNAR_self,True,acyclic,True,8,"['mean', 1]",0.3173698502697566,UNRECOVERABLE,model_witness(rootjump) dphi=0.1466 dist=2.2e-16,0.5,0.14656302119111525,UNRECOVERABLE,0.20435364365735753,12,False,True,True
n3_s03914_d0,n3,411670901,3,MNAR_self,True,acyclic,True,8,"['mean', 0]",0.20207285409213116,UNDETERMINED_RELAXED_FRAGILE,round2:no model witness; relaxation varies,0.49999999999999994,1.0547118733938987e-15,RECOVERABLE,0.0,1,False,True,UNDECIDED_GT
n3_s03914_d0,n3,411670901,3,MNAR_self,True,acyclic,True,8,"['mean', 1]",0.38039689829207035,UNDETERMINED_RELAXED_FRAGILE,round2:no model witness; relaxation varies,0.5,5.551115123125783e-16,RECOVERABLE,0.0,1,False,True,UNDECIDED_GT
n3_s03929_d0,n3,413170901,3,MNAR_self,True,acyclic,True,8,"['mean', 0]",0.6844487648429823,UNDETERMINED_RELAXED_FRAGILE,round2:no model witness; relaxation varies,0.5,3.885780586188048e-15,RECOVERABLE,0.0,1,False,True,UNDECIDED_GT
n3_s03929_d0,n3,413170901,3,MNAR_self,True,acyclic,True,8,"['mean', 1]",0.46486296699093277,UNDETERMINED_RELAXED_FRAGILE,round2:no model witness; relaxation varies,0.5,5.484501741648273e-14,RECOVERABLE,0.0,1,False,True,UNDECIDED_GT
n3_s03948_d0,n3,415070901,3,MNAR_self,True,acyclic,True,8,"['mean', 0]",0.6702851205998771,UNDETERMINED_RELAXED_FRAGILE,round2:no model witness; relaxation varies,0.5000000000000001,2.9976021664879227e-15,RECOVERABLE,0.0,1,False,True,UNDECIDED_GT
n3_s03948_d0,n3,415070901,3,MNAR_self,True,acyclic,True,8,"['mean', 1]",0.44271594170816897,UNDETERMINED_RELAXED_FRAGILE,round2:no model witness; relaxation varies,0.5,6.106226635438361e-15,RECOVERABLE,0.0,1,False,True,UNDECIDED_GT
n3_s03970_d0,n3,417270901,3,MNAR_other,False,acyclic,True,8,"['mean', 0]",0.42084359538927607,UNDETERMINED_RELAXED_FRAGILE,round2:no model witness; relaxation varies,0.5,3.4416913763379853e-15,RECOVERABLE,0.0,1,False,True,UNDECIDED_GT
n3_s03970_d0,n3,417270901,3,MNAR_other,False,acyclic,True,8,"['mean', 1]",,RECOVERABLE,formula:anchor_direct,,,RECOVERABLE,0.0,1,False,True,True
n3_s03988_d0,n3,419070901,3,MNAR_self,True,acyclic,True,8,"['mean', 0]",0.3645393583738278,UNDETERMINED_RELAXED_FRAGILE,round2:no model witness; relaxation varies,0.5,1.2212453270876722e-15,RECOVERABLE,0.0,1,False,True,UNDECIDED_GT
n3_s03988_d0,n3,419070901,3,MNAR_self,True,acyclic,True,8,"['mean', 1]",0.42633050545737117,UNDETERMINED_RELAXED_FRAGILE,round2:no model witness; relaxation varies,0.5,2.3314683517128287e-15,RECOVERABLE,0.0,1,False,True,UNDECIDED_GT
n3_s04008_d0,n3,421070901,3,MNAR_other,False,acyclic,True,8,"['mean', 0]",0.24635100920217895,UNDETERMINED_RELAXED_FRAGILE,round2:no model witness; relaxation varies,0.5,5.578870698741412e-15,RECOVERABLE,0.0,1,False,True,UNDECIDED_GT
n3_s04008_d0,n3,421070901,3,MNAR_other,False,acyclic,True,8,"['mean', 1]",0.6965760417238668,UNDETERMINED_RELAXED_FRAGILE,round2:no model witness; relaxation varies,0.5,5.440092820663267e-15,RECOVERABLE,0.0,1,False,True,UNDECIDED_GT
n3_s04026_d0,n3,422870901,3,MNAR_self,True,acyclic,True,8,"['mean', 0]",0.6596342652261388,UNRECOVERABLE,model_witness(rootjump) dphi=0.0069 dist=7.0e-15,0.49999999999999994,0.0068967246954071415,UNRECOVERABLE,0.008016445782681236,12,False,True,True
n3_s04026_d0,n3,422870901,3,MNAR_self,True,acyclic,True,8,"['mean', 1]",0.5300410614726692,UNDETERMINED_RELAXED_FRAGILE,round2:no model witness; relaxation varies,0.5,4.50195436485501e-13,RECOVERABLE,1.667554982986985e-13,12,False,True,UNDECIDED_GT
n3_s04038_d0,n3,424070901,3,MNAR_self,True,acyclic,True,8,"['mean', 0]",0.25366236355611227,UNRECOVERABLE,model_witness(rootjump) dphi=0.1924 dist=2.2e-16,0.5,0.19236872840496388,UNRECOVERABLE,0.14492284187689708,12,False,True,True
n3_s04038_d0,n3,424070901,3,MNAR_self,True,acyclic,True,8,"['mean', 1]",,RECOVERABLE,formula:anchor_direct,,,RECOVERABLE,1.1102230246251565e-16,12,False,True,True
n3_s04057_d0,n3,425970901,3,MNAR_self,True,acyclic,True,8,"['mean', 0]",0.6239341632117708,UNDETERMINED_RELAXED_FRAGILE,round2:no model witness; relaxation varies,0.5,2.750022431996513e-13,RECOVERABLE,1.7607026947530358e-12,12,False,True,UNDECIDED_GT
n3_s04057_d0,n3,425970901,3,MNAR_self,True,acyclic,True,8,"['mean', 1]",0.610637929553903,UNDETERMINED_RELAXED_FRAGILE,round2:no model witness; relaxation varies,0.5,2.6645352591003757e-15,RECOVERABLE,2.120525977034049e-14,12,False,True,UNDECIDED_GT
n3_s04079_d0,n3,428170901,3,MNAR_self,True,acyclic,True,8,"['mean', 0]",0.3580316488511005,UNRECOVERABLE,model_witness(rootjump) dphi=0.0135 dist=5.0e-16,0.5,0.013516532363440081,UNRECOVERABLE,0.010566479181464028,12,False,True,True
n3_s04079_d0,n3,428170901,3,MNAR_self,True,acyclic,True,8,"['mean', 1]",0.3963535225994882,UNRECOVERABLE,model_witness(rootjump) dphi=0.0161 dist=1.1e-16,0.5,0.016091720061249593,UNRECOVERABLE,0.023709335725094316,12,False,True,True
named_double_self_censor_d1,named,20278679,2,MNAR_self,True,acyclic,True,4,"['mean', 0]",0.31225322958883694,UNDETERMINED_RELAXED_FRAGILE,round2:no model witness; relaxation varies,0.5,5.88418203051333e-15,RECOVERABLE,0.0,1,False,True,UNDECIDED_GT
named_double_self_censor_d1,named,20278679,2,MNAR_self,True,acyclic,True,4,"['mean', 1]",0.71506757264847,UNDETERMINED_RELAXED_FRAGILE,round2:no model witness; relaxation varies,0.5,2.9976021664879227e-15,RECOVERABLE,0.0,1,False,True,UNDECIDED_GT
named_mediated_mnar_d0,named,20302009,2,MNAR_self,True,acyclic,True,4,"['mean', 0]",0.42631907297135474,UNRECOVERABLE,model_witness(rootjump) dphi=0.0418 dist=1.1e-16,0.5,0.04178738249308239,UNRECOVERABLE,0.07757718272813802,12,False,True,True
named_mediated_mnar_d0,named,20302009,2,MNAR_self,True,acyclic,True,4,"['mean', 1]",0.3432007537160393,UNDETERMINED_RELAXED_FRAGILE,round2:no model witness; relaxation varies,0.5,5.662137425588298e-15,RECOVERABLE,3.0531133177191805e-15,12,False,True,UNDECIDED_GT
named_mutual_selection_d2,named,20317565,2,MNAR_self,True,acyclic,True,4,"['mean', 0]",,RECOVERABLE,formula:direct_full_pattern,,,RECOVERABLE,2.220446049250313e-16,12,False,False,True
named_mutual_selection_d2,named,20317565,2,MNAR_self,True,acyclic,True,4,"['mean', 1]",0.40350860223091856,UNRECOVERABLE,model_witness(rootjump) dphi=0.2406 dist=1.1e-16,0.5,0.24061989398755954,UNRECOVERABLE,0.31736311399580486,12,False,False,True
named_three_var_double_self_d1,named,20340895,3,MNAR_self,True,acyclic,True,8,"['mean', 0]",0.2478984344574664,UNDETERMINED_RELAXED_FRAGILE,round2:no model witness; relaxation varies,0.5,2.681188604469753e-14,RECOVERABLE,0.0,1,False,True,UNDECIDED_GT
named_three_var_double_self_d1,named,20340895,3,MNAR_self,True,acyclic,True,8,"['mean', 1]",0.2704669468689594,UNDETERMINED_RELAXED_FRAGILE,round2:no model witness; relaxation varies,0.5,5.551115123125783e-16,RECOVERABLE,0.0,1,False,True,UNDECIDED_GT
n4_r0003_d0,n4,25270994,4,MNAR_self,True,acyclic,True,16,"['mean', 0]",0.4237083544500423,UNRECOVERABLE,model_witness(rootjump) dphi=0.1146 dist=2.2e-16,0.5,0.11464725798772901,UNRECOVERABLE,0.15562990797775816,12,False,True,True
n4_r0003_d0,n4,25270994,4,MNAR_self,True,acyclic,True,16,"['mean', 1]",,RECOVERABLE,formula:anchor_direct,,,RECOVERABLE,1.1102230246251565e-16,12,False,True,True
n4_r0011_d0,n4,25271242,4,MNAR_self,True,acyclic,True,16,"['mean', 0]",0.39656562912106075,UNDETERMINED_RELAXED_FRAGILE,round2:no model witness; relaxation varies,0.49999999999999994,4.246603069191224e-14,RECOVERABLE,0.0,1,False,True,UNDECIDED_GT
n4_r0011_d0,n4,25271242,4,MNAR_self,True,acyclic,True,16,"['mean', 1]",0.5410688989748468,UNDETERMINED_RELAXED_FRAGILE,round2:no model witness; relaxation varies,0.5,6.661338147750939e-16,RECOVERABLE,0.0,1,False,True,UNDECIDED_GT
n4_r0019_d0,n4,25271490,4,MNAR_self,True,acyclic,True,16,"['mean', 0]",,RECOVERABLE,formula:anchor_direct,,,RECOVERABLE,0.0,1,False,True,True
n4_r0019_d0,n4,25271490,4,MNAR_self,True,acyclic,True,16,"['mean', 1]",0.16897682119710677,UNDETERMINED_RELAXED_FRAGILE,round2:no model witness; relaxation varies,0.5,1.1102230246251565e-16,RECOVERABLE,0.0,1,False,True,UNDECIDED_GT
n4_r0027_d0,n4,25271738,4,MNAR_self,True,acyclic,True,16,"['mean', 0]",0.5349932586803423,UNDETERMINED_RELAXED_FRAGILE,round2:no model witness; relaxation varies,0.5,4.6407322429331543e-14,RECOVERABLE,0.0,1,False,True,UNDECIDED_GT
n4_r0027_d0,n4,25271738,4,MNAR_self,True,acyclic,True,16,"['mean', 1]",0.45464182315257273,UNDETERMINED_RELAXED_FRAGILE,round2:no model witness; relaxation varies,0.5,6.106226635438361e-16,RECOVERABLE,0.0,1,False,True,UNDECIDED_GT
n4_r0035_d0,n4,25271986,4,MNAR_other,False,acyclic,True,16,"['mean', 0]",0.30442329511276844,UNDETERMINED_RELAXED_FRAGILE,round2:no model witness; relaxation varies,0.4999999999999999,5.551115123125783e-16,RECOVERABLE,0.0,1,False,True,UNDECIDED_GT
n4_r0035_d0,n4,25271986,4,MNAR_other,False,acyclic,True,16,"['mean', 1]",0.4880443685336856,UNDETERMINED_RELAXED_FRAGILE,round2:no model witness; relaxation varies,0.5,2.55351295663786e-15,RECOVERABLE,0.0,1,False,True,UNDECIDED_GT
n4_r0043_d0,n4,25272234,4,MNAR_self,True,acyclic,True,16,"['mean', 0]",0.837619846611416,UNDETERMINED_RELAXED_FRAGILE,round2:no model witness; relaxation varies,0.5,4.218847493575595e-15,RECOVERABLE,0.0,1,False,True,UNDECIDED_GT
n4_r0043_d0,n4,25272234,4,MNAR_self,True,acyclic,True,16,"['mean', 1]",0.7866477628359692,UNDETERMINED_RELAXED_FRAGILE,round2:no model witness; relaxation varies,0.5,1.3145040611561853e-13,RECOVERABLE,0.0,1,False,True,UNDECIDED_GT
n4_r0051_d0,n4,25272482,4,MNAR_self,True,acyclic,True,16,"['mean', 0]",,RECOVERABLE,formula:anchor_direct,,,RECOVERABLE,0.0,1,False,True,True
n4_r0051_d0,n4,25272482,4,MNAR_self,True,acyclic,True,16,"['mean', 1]",0.4728865148564237,UNDETERMINED_RELAXED_FRAGILE,round2:no model witness; relaxation varies,0.5,5.551115123125783e-16,RECOVERABLE,0.0,1,False,True,UNDECIDED_GT
n4_r0059_d0,n4,25272730,4,MNAR_self,True,acyclic,True,16,"['mean', 0]",0.7022315139151373,UNDETERMINED_RELAXED_FRAGILE,round2:no model witness; relaxation varies,0.5,8.881784197001252e-16,RECOVERABLE,0.0,1,False,True,UNDECIDED_GT
n4_r0059_d0,n4,25272730,4,MNAR_self,True,acyclic,True,16,"['mean', 1]",0.7075771339289276,UNDETERMINED_RELAXED_FRAGILE,round2:no model witness; relaxation varies,0.5,3.6637359812630166e-15,RECOVERABLE,0.0,1,False,True,UNDECIDED_GT
n4_r0067_d0,n4,25272978,4,MNAR_other,False,acyclic,True,16,"['mean', 0]",,RECOVERABLE,formula:anchor_direct,,,RECOVERABLE,0.0,1,False,True,True
n4_r0067_d0,n4,25272978,4,MNAR_other,False,acyclic,True,16,"['mean', 1]",0.3832440133599702,UNDETERMINED_RELAXED_FRAGILE,round2:no model witness; relaxation varies,0.5000000000000001,2.7755575615628914e-16,RECOVERABLE,0.0,1,False,True,UNDECIDED_GT
n4_r0075_d0,n4,25273226,4,MNAR_self,True,acyclic,True,16,"['mean', 0]",0.167163652946753,UNDETERMINED_RELAXED_FRAGILE,round2:no model witness; relaxation varies,0.5000000000000001,4.704570066849101e-14,RECOVERABLE,0.0,1,False,True,UNDECIDED_GT
n4_r0075_d0,n4,25273226,4,MNAR_self,True,acyclic,True,16,"['mean', 1]",0.7874253940710717,UNDETERMINED_RELAXED_FRAGILE,round2:no model witness; relaxation varies,0.5,2.4424906541753444e-15,RECOVERABLE,0.0,1,False,True,UNDECIDED_GT
n4_r0083_d0,n4,25273474,4,MNAR_self,True,acyclic,True,16,"['mean', 0]",0.23894684128415758,UNDETERMINED_RELAXED_FRAGILE,round2:no model witness; relaxation varies,0.5,3.3306690738754696e-15,RECOVERABLE,1.6653345369377348e-16,12,False,True,UNDECIDED_GT
n4_r0083_d0,n4,25273474,4,MNAR_self,True,acyclic,True,16,"['mean', 1]",0.24136913559015635,UNDETERMINED_RELAXED_FRAGILE,round2:no model witness; relaxation varies,0.5,1.304512053934559e-15,RECOVERABLE,2.220446049250313e-16,12,False,True,UNDECIDED_GT
n4_r0091_d0,n4,25273722,4,MNAR_self,True,acyclic,True,16,"['mean', 0]",0.6303007378802589,UNDETERMINED_RELAXED_FRAGILE,round2:no model witness; relaxation varies,0.49999999999999994,1.7763568394002505e-15,RECOVERABLE,0.0,1,False,True,UNDECIDED_GT
n4_r0091_d0,n4,25273722,4,MNAR_self,True,acyclic,True,16,"['mean', 1]",0.6790099290665188,UNDETERMINED_RELAXED_FRAGILE,round2:no model witness; relaxation varies,0.5,6.661338147750939e-16,RECOVERABLE,0.0,1,False,True,UNDECIDED_GT
n4_r0099_d0,n4,25273970,4,MNAR_self,True,acyclic,True,16,"['mean', 0]",0.3687251042948946,UNDETERMINED_RELAXED_FRAGILE,round2:no model witness; relaxation varies,0.5,2.220446049250313e-16,RECOVERABLE,0.0,1,False,True,UNDECIDED_GT
n4_r0099_d0,n4,25273970,4,MNAR_self,True,acyclic,True,16,"['mean', 1]",0.7273808952785499,UNDETERMINED_RELAXED_FRAGILE,round2:no model witness; relaxation varies,0.5,1.4432899320127035e-15,RECOVERABLE,0.0,1,False,True,UNDECIDED_GT
n4_r0107_d0,n4,25274218,4,MNAR_self,True,acyclic,True,16,"['mean', 0]",0.47085492478191465,UNDETERMINED_RELAXED_FRAGILE,round2:no model witness; relaxation varies,0.5,2.220446049250313e-16,RECOVERABLE,0.0,1,False,True,UNDECIDED_GT
n4_r0107_d0,n4,25274218,4,MNAR_self,True,acyclic,True,16,"['mean', 1]",0.3787803401132434,UNDETERMINED_RELAXED_FRAGILE,round2:no model witness; relaxation varies,0.5,1.0547118733938987e-15,RECOVERABLE,0.0,1,False,True,UNDECIDED_GT
n4_r0115_d0,n4,25274466,4,MNAR_self,True,acyclic,True,16,"['mean', 0]",0.2116999448033051,UNDETERMINED_RELAXED_FRAGILE,round2:no model witness; relaxation varies,0.4999999999999999,4.9682480351975755e-15,RECOVERABLE,0.0,1,False,True,UNDECIDED_GT
n4_r0115_d0,n4,25274466,4,MNAR_self,True,acyclic,True,16,"['mean', 1]",0.7724934506135085,UNDETERMINED_RELAXED_FRAGILE,round2:no model witness; relaxation varies,0.5,6.661338147750939e-16,RECOVERABLE,0.0,1,False,True,UNDECIDED_GT
n4_r0123_d0,n4,25274714,4,MNAR_self,True,acyclic,True,16,"['mean', 0]",0.7826611849676288,UNDETERMINED_RELAXED_FRAGILE,round2:no model witness; relaxation varies,0.5,2.220446049250313e-16,RECOVERABLE,1.1102230246251565e-16,12,False,True,UNDECIDED_GT
n4_r0123_d0,n4,25274714,4,MNAR_self,True,acyclic,True,16,"['mean', 1]",0.5001751084925006,UNDETERMINED_RELAXED_FRAGILE,round2:no model witness; relaxation varies,0.5,4.440892098500626e-16,RECOVERABLE,0.0,12,False,True,UNDECIDED_GT
n4_r0131_d0,n4,25274962,4,MNAR_self,True,acyclic,True,16,"['mean', 0]",,RECOVERABLE,formula:anchor_direct,,,RECOVERABLE,0.0,1,False,True,True
n4_r0131_d0,n4,25274962,4,MNAR_self,True,acyclic,True,16,"['mean', 1]",0.3654349665974034,UNDETERMINED_RELAXED_FRAGILE,round2:no model witness; relaxation varies,0.5,1.1585177261963508e-13,RECOVERABLE,0.0,1,False,True,UNDECIDED_GT
n4_r0139_d0,n4,25275210,4,MNAR_self,True,acyclic,True,16,"['mean', 0]",0.15470832538259355,UNDETERMINED_RELAXED_FRAGILE,round2:no model witness; relaxation varies,0.5,1.5265566588595902e-15,RECOVERABLE,0.0,1,False,True,UNDECIDED_GT
n4_r0139_d0,n4,25275210,4,MNAR_self,True,acyclic,True,16,"['mean', 1]",0.6722135883778874,UNDETERMINED_RELAXED_FRAGILE,round2:no model witness; relaxation varies,0.49999999999999994,1.2212453270876722e-15,RECOVERABLE,0.0,1,False,True,UNDECIDED_GT
n4_r0147_d0,n4,25275458,4,MNAR_self,True,acyclic,True,16,"['mean', 0]",0.6144604133136462,UNDETERMINED_RELAXED_FRAGILE,round2:no model witness; relaxation varies,0.5,3.6637359812630166e-15,RECOVERABLE,0.0,1,False,True,UNDECIDED_GT
n4_r0147_d0,n4,25275458,4,MNAR_self,True,acyclic,True,16,"['mean', 1]",0.623156299492433,UNDETERMINED_RELAXED_FRAGILE,round2:no model witness; relaxation varies,0.49999999999999994,2.55351295663786e-15,RECOVERABLE,0.0,1,False,True,UNDECIDED_GT
n4_r0155_d0,n4,25275706,4,MNAR_self,True,acyclic,True,16,"['mean', 0]",,RECOVERABLE,formula:anchor_direct,,,RECOVERABLE,0.0,1,False,True,True
n4_r0155_d0,n4,25275706,4,MNAR_self,True,acyclic,True,16,"['mean', 1]",0.7432559557472058,UNDETERMINED_RELAXED_FRAGILE,round2:no model witness; relaxation varies,0.5,3.6637359812630166e-15,RECOVERABLE,0.0,1,False,True,UNDECIDED_GT
n4_r0163_d0,n4,25275954,4,MNAR_self,True,acyclic,True,16,"['mean', 0]",0.26053733820760705,UNRECOVERABLE,model_witness(rootjump) dphi=0.1374 dist=2.2e-16,0.5,0.13738441827151177,UNRECOVERABLE,0.16891815996844722,12,False,True,True
n4_r0163_d0,n4,25275954,4,MNAR_self,True,acyclic,True,16,"['mean', 1]",0.5800147996181969,UNDETERMINED_RELAXED_FRAGILE,round2:no model witness; relaxation varies,0.5,2.220446049250313e-16,RECOVERABLE,3.3306690738754696e-16,12,False,True,UNDECIDED_GT
n4_r0171_d0,n4,25276202,4,MNAR_self,True,acyclic,True,16,"['mean', 0]",,RECOVERABLE,formula:anchor_direct,,,RECOVERABLE,0.0,1,False,True,True
n4_r0171_d0,n4,25276202,4,MNAR_self,True,acyclic,True,16,"['mean', 1]",0.5269967598782118,UNDETERMINED_RELAXED_FRAGILE,round2:no model witness; relaxation varies,0.5,3.3306690738754696e-16,RECOVERABLE,0.0,1,False,True,UNDECIDED_GT
n4_r0179_d0,n4,25276450,4,MNAR_self,True,acyclic,True,16,"['mean', 0]",,RECOVERABLE,formula:anchor_direct,,,RECOVERABLE,0.0,1,False,True,True
n4_r0179_d0,n4,25276450,4,MNAR_self,True,acyclic,True,16,"['mean', 1]",0.8250082692269765,UNDETERMINED_RELAXED_FRAGILE,round2:no model witness; relaxation varies,0.5,2.7755575615628914e-15,RECOVERABLE,0.0,1,False,True,UNDECIDED_GT
n4_r0187_d0,n4,25276698,4,MNAR_self,True,acyclic,True,16,"['mean', 0]",0.4890646445388739,UNDETERMINED_RELAXED_FRAGILE,round2:no model witness; relaxation varies,0.5,6.106226635438361e-16,RECOVERABLE,0.0,1,False,True,UNDECIDED_GT
n4_r0187_d0,n4,25276698,4,MNAR_self,True,acyclic,True,16,"['mean', 1]",0.46881818377874274,UNDETERMINED_RELAXED_FRAGILE,round2:no model witness; relaxation varies,0.5000000000000001,4.135580766728708e-14,RECOVERABLE,0.0,1,False,True,UNDECIDED_GT
n4_r0195_d0,n4,25276946,4,MNAR_self,True,acyclic,True,16,"['mean', 0]",0.5308356126396387,UNDETERMINED_RELAXED_FRAGILE,round2:no model witness; relaxation varies,0.5,7.771561172376096e-16,RECOVERABLE,0.0,1,False,True,UNDECIDED_GT
n4_r0195_d0,n4,25276946,4,MNAR_self,True,acyclic,True,16,"['mean', 1]",0.5610289837908786,UNDETERMINED_RELAXED_FRAGILE,round2:no model witness; relaxation varies,0.5,2.220446049250313e-16,RECOVERABLE,0.0,1,False,True,UNDECIDED_GT
